"Name","Unique_ID__c","Entity__r.Unique_ID__c","Field_Name__c","Order__c","Type__c"
"FLD00004408","VFGE_COL_REPORT_EXTRACT_NAME","VFGE_COL_REPORT_EXTRACT_SOURCE","Footprint_Service_Detail__c.Name","1.0","String"
"FLD00004409","VFGE_COL_REPORT_EXTRACT_HPLMN_OPERATOR_TADIG","VFGE_COL_REPORT_EXTRACT_SOURCE","Footprint_Service_Detail__c.Footprint_Service__r.HPLMN_Operator_Tadig__c","2.0","String"
"FLD00004410","VFGE_COL_REPORT_EXTRACT_OPEN_DATE","VFGE_COL_REPORT_EXTRACT_SOURCE","Footprint_Service_Detail__c.Footprint_Service__r.Open_date_Formula__c","3.0","Date"
"FLD00004411","VFGE_COL_REPORT_EXTRACT_SO_TYPE","VFGE_COL_REPORT_EXTRACT_SOURCE","Footprint_Service_Detail__c.Footprint_Service__r.SO_Type__c","4.0","String"
"FLD00004412","VFGE_COL_REPORT_EXTRACT_VPLMN_OPERATOR_TADIG","VFGE_COL_REPORT_EXTRACT_SOURCE","Footprint_Service_Detail__c.Footprint_Service__r.VPLMN_Operator_Tadig__c","5.0","String"
"FLD00004413","VFGE_COL_REPORT_EXTRACT_FINANCIAL_DIRECTION","VFGE_COL_REPORT_EXTRACT_SOURCE","Footprint_Service_Detail__c.Footprint_Service__r.Financial_Direction__c","6.0","String"
"FLD00004414","VFGE_COL_REPORT_EXTRACT_HPLMN_HUB_TADIG_CODE","VFGE_COL_REPORT_EXTRACT_SOURCE","Footprint_Service_Detail__c.Footprint_Service__r.Footprint__r.HPLMN_HUB_TADIG_Code__c","7.0","String"
"FLD00004415","VFGE_COL_REPORT_EXTRACT_VPLMN_HUB_TADIG_CODE","VFGE_COL_REPORT_EXTRACT_SOURCE","Footprint_Service_Detail__c.Footprint_Service__r.Footprint__r.VPLMN_HUB_TADIG_Code__c","8.0","String"
"FLD00004416","VFGE_COL_REPORT_LOAD_DIRECTION","VFGE_COL_REPORT_LOAD_TARGET","DIRECTION","1.0","String"
"FLD00004417","VFGE_COL_REPORT_LOAD_VPMN","VFGE_COL_REPORT_LOAD_TARGET","VPMN","2.0","String"
"FLD00004418","VFGE_COL_REPORT_LOAD_VPMN_HUB","VFGE_COL_REPORT_LOAD_TARGET","VPMN_HUB","3.0","String"
"FLD00004419","VFGE_COL_REPORT_LOAD_HPMN","VFGE_COL_REPORT_LOAD_TARGET","HPMN","4.0","String"
"FLD00004420","VFGE_COL_REPORT_LOAD_HPMN_HUB","VFGE_COL_REPORT_LOAD_TARGET","HPMN_HUB","5.0","String"
"FLD00004421","VFGE_COL_REPORT_LOAD_CONNECTION_CALL_TYPE","VFGE_COL_REPORT_LOAD_TARGET","CONNECTION_CALL_TYPE","6.0","String"
"FLD00004422","VFGE_COL_REPORT_LOAD_STATUS","VFGE_COL_REPORT_LOAD_TARGET","STATUS","7.0","String"
"FLD00004423","VFGE_COL_REPORT_LOAD_DATE","VFGE_COL_REPORT_LOAD_TARGET","DATE","8.0","String"
"FLD00004424","VFGE_COL_REPORT_LOAD_SERVICE","VFGE_COL_REPORT_LOAD_TARGET","SERVICE","9.0","String"
"FLD00004425","VFGE_IOT_SYNC_2ND_PARTICIPANT_EXTRACT_ID","VFGE_IOT_SYNC_2ND_PARTICIPANT_EXTRACT_SOURCE","Id","1.0","String"
"FLD00004426","VFGE_IOT_SYNC_2ND_PARTICIPANT_LOAD_ID","VFGE_IOT_SYNC_2ND_PARTICIPANT_LOAD_TARGET","Id","1.0","String"
"FLD00004427","VFGE_IOT_SYNC_1SF_PARTICIPANT_EXTRACT_ID","VFGE_IOT_SYNC_1ST_PARTICIPANT_EXTRACT_SOURCE","Id","1.0","String"
"FLD00004428","VFGE_IOT_SYNC_1ST_PARTICIPANT_LOAD_ID","VFGE_IOT_SYNC_1ST_PARTICIPANT_LOAD_TARGET","Id","1.0","String"
"FLD00004429","VFGE_IOT_SYNC_DEAL_EXTRACT_ID","VFGE_IOT_SYNC_DEAL_EXTRACT_SOURCE","Id","1.0","String"
"FLD00004430","VFGE_IOT_SYNC_DEAL_LOAD_ID","VFGE_IOT_SYNC_DEAL_LOAD_TARGET","Id","1.0","String"
"FLD00004431","VFGE_IOT_SYNC_PERIOD_LOAD_ID","VFGE_IOT_SYNC_PERIOD_LOAD_TARGET","Id","1.0","String"
"FLD00004432","VFGE_IOT_SYNC_HISTORICAL_EXTRACT_ID","VFGE_IOT_SYNC_HISTORICAL_EXTRACT_SOURCE","Id","1.0","String"
"FLD00004433","VFGE_IOT_SYNC_HISTORICAL_LOAD_ID","VFGE_IOT_SYNC_HISTORICAL_LOAD_TARGET","Id","1.0","String"
"FLD00004434","VFGE_IOT_SYNC_HISTORY_CLOSE_OPEN_ONES_EXTRACT_ID","VFGE_IOT_SYNC_HISTORY_CLOSE_OPEN_ONES_EXTRACT_S","Id","1.0","String"
"FLD00004435","VFGE_IOT_SYNC_HISTORY_CLOSE_OPEN_ONES_LOAD_ID","VFGE_IOT_SYNC_HISTORY_CLOSE_OPEN_ONES_LOAD_T","Id","1.0","String"
"FLD00004436","VFGE_IOT_SYNC_HISTORY_CLOSE_OPEN_ONES_LOAD_STATUS","VFGE_IOT_SYNC_HISTORY_CLOSE_OPEN_ONES_LOAD_T","Status__c","2.0","String"
"FLD00004437","VFGE_IOT_SYNC_HISTORY_CLOSE_OPEN_ONES_LOAD_END_PRO","VFGE_IOT_SYNC_HISTORY_CLOSE_OPEN_ONES_LOAD_T","End_Process_Date__c","4.0","Date"
"FLD00004438","VFGE_IOT_SYNC_HISTORICAL_EXTRACT_ERROR_MESSAGE","VFGE_IOT_SYNC_HISTORICAL_EXTRACT_SOURCE","Error_Message__c","2.0","String"
"FLD00004439","VFGE_IOT_SYNC_HISTORICAL_LOAD_ERROR_MESSAGE","VFGE_IOT_SYNC_HISTORICAL_LOAD_TARGET","Error_Message__c","2.0","String"
"FLD00004440","VFGE_IOT_SYNC_HISTORY_CLOSE_OPEN_ONES_EXTRACT_ERRO","VFGE_IOT_SYNC_HISTORY_CLOSE_OPEN_ONES_EXTRACT_S","Error_Message__c","2.0","String"
"FLD00004441","VFGE_IOT_SYNC_HISTORY_START_NEW_PROCESS_EXTRACT_ID","VFGE_IOT_SYNC_HISTORY_START_NEW_PROCESS_EXTRACT_S","Id","1.0","String"
"FLD00004442","VFGE_IOT_SYNC_HISTORY_START_NEW_PROCESS_LOAD_STATU","VFGE_IOT_SYNC_HISTORY_START_NEW_PROCESS_LOAD_T","Status__c","1.0","String"
"FLD00004443","VFGE_IOT_SYNC_HISTORY_START_NEW_PROCESS_LOAD_START","VFGE_IOT_SYNC_HISTORY_START_NEW_PROCESS_LOAD_T","Start_Process_Date__c","2.0","Date"
"FLD00004444","VFGE_IOT_SYNC_HISTORY_START_NEW_PROCESS_FILTER_FTY","VFGE_IOT_SYNC_HISTORY_START_NEW_PROCESS_FILTER","filterType","1.0","String"
"FLD00004445","VFGE_IOT_SYNC_HISTORY_START_NEW_PROCESS_FILTER_FIL","VFGE_IOT_SYNC_HISTORY_START_NEW_PROCESS_FILTER","filter","2.0","Boolean"
"FLD00004446","VFGE_IOT_SYNC_GET_CURRENT_PROCESS_ID_LOAD_ID","VFGE_IOT_SYNC_GET_CURRENT_PROCESS_ID_LOAD_T","Id","1.0","String"
"FLD00004447","VFGE_IOT_SYNC_GET_CURRENT_PROCESS_ID_LOAD_ERROR_ME","VFGE_IOT_SYNC_GET_CURRENT_PROCESS_ID_LOAD_T","Error Message","2.0","String"
"FLD00004448","VFGE_IOT_SYNC_GET_CURRENT_PROCESS_ID_LOAD_DATA_UPL","VFGE_IOT_SYNC_GET_CURRENT_PROCESS_ID_LOAD_T","Data Uploaded to SFDC","3.0","Boolean"
"FLD00004449","VFGE_IOT_SYNC_GET_CURRENT_PROCESS_ID_LOAD_END_UPLO","VFGE_IOT_SYNC_GET_CURRENT_PROCESS_ID_LOAD_T","End Upload Data Date","4.0","Date"
"FLD00004450","VFGE_IOT_SYNC_GET_CURRENT_PROCESS_ID_EXTRACT_ID","VFGE_IOT_SYNC_GET_CURRENT_PROCESS_ID_EXTRACT_S","Id","1.0","String"
"FLD00004451","VFGE_IOT_SYNC_GET_CURRENT_PROCESS_ID_EXTRACT_ERROR","VFGE_IOT_SYNC_GET_CURRENT_PROCESS_ID_EXTRACT_S","Error_Message__c","2.0","String"
"FLD00004452","VFGE_IOT_SYNC_GET_CURRENT_PROCESS_ID_EXTRACT_DATA_","VFGE_IOT_SYNC_GET_CURRENT_PROCESS_ID_EXTRACT_S","Data_Uploaded_to_SFDC","3.0","Boolean"
"FLD00004453","VFGE_IOT_SYNC_GET_CURRENT_PROCESS_ID_EXTRACT_END_U","VFGE_IOT_SYNC_GET_CURRENT_PROCESS_ID_EXTRACT_S","End_Upload_Data_Date__c","4.0","Date"
"FLD00004454","VFGE_IOT_SYNC_HISTORY_IMPORT_CSV_FILES_EXTRACT_ID","VFGE_IOT_SYNC_HISTORY_IMPORT_CSV_FILES_EXTRACT_SOU","Id","1.0","String"
"FLD00004455","VFGE_IOT_SYNC_HISTORY_IMPORT_CSV_FILES_EXTRACT_ERM","VFGE_IOT_SYNC_HISTORY_IMPORT_CSV_FILES_EXTRACT_SOU","Error Message","2.0","String"
"FLD00004456","VFGE_IOT_SYNC_HISTORY_IMPORT_CSV_FILES_EXTRACT_DUS","VFGE_IOT_SYNC_HISTORY_IMPORT_CSV_FILES_EXTRACT_SOU","Data Uploaded to SFDC","3.0","Boolean"
"FLD00004457","VFGE_IOT_SYNC_HISTORY_IMPORT_CSV_FILES_EXTRACT_EUD","VFGE_IOT_SYNC_HISTORY_IMPORT_CSV_FILES_EXTRACT_SOU","End Upload Data Date","4.0","String"
"FLD00004458","VFGE_IOT_SYNC_HISTORY_IMPORT_CSV_FILES_LOAD_ID","VFGE_IOT_SYNC_HISTORY_IMPORT_CSV_FILES_LOAD_TARGET","Id","1.0","String"
"FLD00004459","VFGE_IOT_SYNC_HISTORY_IMPORT_CSV_FILES_LOAD_STATUS","VFGE_IOT_SYNC_HISTORY_IMPORT_CSV_FILES_LOAD_TARGET","Status__c","2.0","String"
"FLD00004460","VFGE_IOT_SYNC_HISTORY_IMPORT_CSV_FILES_LOAD_ERRORM","VFGE_IOT_SYNC_HISTORY_IMPORT_CSV_FILES_LOAD_TARGET","Error_Message__c","3.0","String"
"FLD00004461","VFGE_IOT_SYNC_HISTORY_IMPORT_CSV_FILES_LOAD_EPD","VFGE_IOT_SYNC_HISTORY_IMPORT_CSV_FILES_LOAD_TARGET","End_Process_Date__c","4.0","Date"
"FLD00004462","VFGE_IOT_SYNC_IMPORT_FLAT_DEAL_IOT_DIS_CONTRACT_STATUS","VFGE_IOT_SYNC_IMPORT_FLAT_DEAL_EXTRACT_SOURCE","IOT_DIS_CONTRACT_STATUS","1.0","String"
"FLD00004463","VFGE_IOT_SYNC_IMPORT_FLAT_DEAL_NAME","VFGE_IOT_SYNC_IMPORT_FLAT_DEAL_EXTRACT_SOURCE","NAME","2.0","String"
"FLD00004464","VFGE_IOT_SYNC_IMPORT_FLAT_DEAL_DEAL_INDEX","VFGE_IOT_SYNC_IMPORT_FLAT_DEAL_EXTRACT_SOURCE","DEAL_INDEX","3.0","Integer"
"FLD00004465","VFGE_IOT_SYNC_IMPORT_FLAT_DEAL_DEAL_STATUS","VFGE_IOT_SYNC_IMPORT_FLAT_DEAL_EXTRACT_SOURCE","DEAL_STATUS","4.0","String"
"FLD00004466","VFGE_IOT_SYNC_IMPORT_FLAT_DEAL_VRS_DEAL_STATUS","VFGE_IOT_SYNC_IMPORT_FLAT_DEAL_EXTRACT_SOURCE","VRS_DEAL_STATUS","5.0","String"
"FLD00004467","VFGE_IOT_SYNC_IMPORT_FLAT_DEAL_NEGOTIATION_TEAM","VFGE_IOT_SYNC_IMPORT_FLAT_DEAL_EXTRACT_SOURCE","NEGOTIATION_TEAM","6.0","String"
"FLD00004468","VFGE_IOT_SYNC_IMPORT_FLAT_DEAL_CONTRACT_MANAGER","VFGE_IOT_SYNC_IMPORT_FLAT_DEAL_EXTRACT_SOURCE","CONTRACT_MANAGER","7.0","String"
"FLD00004469","VFGE_IOT_SYNC_IMPORT_FLAT_DEAL_LAST_DAY_OF_SIGNATURE","VFGE_IOT_SYNC_IMPORT_FLAT_DEAL_EXTRACT_SOURCE","LAST_DAY_OF_SIGNATURE","9.0","Date"
"FLD00004470","VFGE_IOT_SYNC_IMPORT_FLAT_DEAL_LAST_UPDATE_DATE","VFGE_IOT_SYNC_IMPORT_FLAT_DEAL_EXTRACT_SOURCE","LAST_UPDATE_DATE","10.0","Date"
"FLD00004471","VFGE_IOT_SYNC_IMPORT_FLAT_DEAL_NOTES","VFGE_IOT_SYNC_IMPORT_FLAT_DEAL_EXTRACT_SOURCE","NOTES","11.0","String"
"FLD00004472","VFGE_IOT_SYNC_IMPORT_FLAT_DEAL_COMMERCIAL_COMMENTS","VFGE_IOT_SYNC_IMPORT_FLAT_DEAL_EXTRACT_SOURCE","COMMERCIAL_COMMENTS","12.0","String"
"FLD00004473","VFGE_IOT_SYNC_IMPORT_FLAT_DEAL_COMMERCIAL_APPROVAL","VFGE_IOT_SYNC_IMPORT_FLAT_DEAL_EXTRACT_SOURCE","COMMERCIAL_APPROVAL","13.0","String"
"FLD00004474","VFGE_IOT_SYNC_IMPORT_FLAT_DEAL_COMMERCIAL_APPROVAL_DATE","VFGE_IOT_SYNC_IMPORT_FLAT_DEAL_EXTRACT_SOURCE","COMMERCIAL_APPROVAL_DATE","14.0","Date"
"FLD00004475","VFGE_IOT_SYNC_IMPORT_FLAT_DEAL_FINANCE_OWNER","VFGE_IOT_SYNC_IMPORT_FLAT_DEAL_EXTRACT_SOURCE","FINANCE_OWNER","15.0","String"
"FLD00004476","VFGE_IOT_SYNC_IMPORT_FLAT_DEAL_FINANCE_APPROVAL","VFGE_IOT_SYNC_IMPORT_FLAT_DEAL_EXTRACT_SOURCE","FINANCE_APPROVAL","16.0","String"
"FLD00004477","VFGE_IOT_SYNC_IMPORT_FLAT_DEAL_FINANCE_COMMENTS","VFGE_IOT_SYNC_IMPORT_FLAT_DEAL_EXTRACT_SOURCE","FINANCE_COMMENTS","17.0","String"
"FLD00004478","VFGE_IOT_SYNC_IMPORT_FLAT_DEAL_FINANCE_APPROVAL_DATE","VFGE_IOT_SYNC_IMPORT_FLAT_DEAL_EXTRACT_SOURCE","FINANCE_APPROVAL_DATE","18.0","Date"
"FLD00004479","VFGE_IOT_SYNC_IMPORT_FLAT_DEAL_TAX_OWNER","VFGE_IOT_SYNC_IMPORT_FLAT_DEAL_EXTRACT_SOURCE","TAX_OWNER","19.0","String"
"FLD00004480","VFGE_IOT_SYNC_IMPORT_FLAT_DEAL_TAX_APPROVAL","VFGE_IOT_SYNC_IMPORT_FLAT_DEAL_EXTRACT_SOURCE","TAX_APPROVAL","20.0","String"
"FLD00004481","VFGE_IOT_SYNC_IMPORT_FLAT_DEAL_TAX_COMMENTS","VFGE_IOT_SYNC_IMPORT_FLAT_DEAL_EXTRACT_SOURCE","TAX_COMMENTS","21.0","String"
"FLD00004482","VFGE_IOT_SYNC_IMPORT_FLAT_DEAL_TAX_APPROVAL_DATE","VFGE_IOT_SYNC_IMPORT_FLAT_DEAL_EXTRACT_SOURCE","TAX_APPROVAL_DATE","22.0","Date"
"FLD00004483","VFGE_IOT_SYNC_IMPORT_FLAT_DEAL_CSS_SIGNED_DATE","VFGE_IOT_SYNC_IMPORT_FLAT_DEAL_EXTRACT_SOURCE","CSS_SIGNED_DATE","23.0","Date"
"FLD00004484","VFGE_IOT_SYNC_IMPORT_FLAT_DEAL_CSS_COMMENTS","VFGE_IOT_SYNC_IMPORT_FLAT_DEAL_EXTRACT_SOURCE","CSS_COMMENTS","24.0","String"
"FLD00004485","VFGE_IOT_SYNC_IMPORT_FLAT_DEAL_LOA_SIGNED_DATE","VFGE_IOT_SYNC_IMPORT_FLAT_DEAL_EXTRACT_SOURCE","LOA_SIGNED_DATE","25.0","Date"
"FLD00004486","VFGE_IOT_SYNC_IMPORT_FLAT_DEAL_LOA_COMMENTS","VFGE_IOT_SYNC_IMPORT_FLAT_DEAL_EXTRACT_SOURCE","LOA_COMMENTS","26.0","String"
"FLD00004487","VFGE_IOT_SYNC_IMPORT_FLAT_DEAL_CONTACT_PERSON","VFGE_IOT_SYNC_IMPORT_FLAT_DEAL_EXTRACT_SOURCE","CONTACT_PERSON","27.0","String"
"FLD00004488","VFGE_IOT_SYNC_IMPORT_FLAT_DEAL_TEL_NO","VFGE_IOT_SYNC_IMPORT_FLAT_DEAL_EXTRACT_SOURCE","TEL_NO","28.0","String"
"FLD00004489","VFGE_IOT_SYNC_IMPORT_FLAT_DEAL_EMAIL_ADDRESS","VFGE_IOT_SYNC_IMPORT_FLAT_DEAL_EXTRACT_SOURCE","EMAIL_ADDRESS","29.0","String"
"FLD00004490","VFGE_IOT_SYNC_IMPORT_FLAT_DEAL_TYPE_OF_IOT_DISC_CONTRACT","VFGE_IOT_SYNC_IMPORT_FLAT_DEAL_EXTRACT_SOURCE","TYPE_OF_IOT_DISC_CONTRACT","30.0","String"
"FLD00004491","VFGE_IOT_SYNC_IMPORT_FLAT_DEAL_LOA_STATUS","VFGE_IOT_SYNC_IMPORT_FLAT_DEAL_EXTRACT_SOURCE","LOA_STATUS","31.0","String"
"FLD00004492","VFGE_IOT_SYNC_IMPORT_FLAT_DEAL_NOTIFY_CONTRACT_MANAGER","VFGE_IOT_SYNC_IMPORT_FLAT_DEAL_EXTRACT_SOURCE","NOTIFY_CONTRACT_MANAGER","32.0","String"
"FLD00004493","VFGE_IOT_SYNC_IMPORT_FLAT_DEAL_CONTRACT_MANAGER_NOTIFIED","VFGE_IOT_SYNC_IMPORT_FLAT_DEAL_EXTRACT_SOURCE","CONTRACT_MANAGER_NOTIFIED","33.0","String"
"FLD00004494","VFGE_IOT_SYNC_IMPORT_FLAT_DEAL_PLANNED_NEGOTIATION_START_DATE","VFGE_IOT_SYNC_IMPORT_FLAT_DEAL_EXTRACT_SOURCE","PLANNED_NEGOTIATION_START_DATE","34.0","Date"
"FLD00004495","VFGE_IOT_SYNC_IMPORT_FLAT_DEAL_ACTUAL_NEGOTIATION_START_DATE","VFGE_IOT_SYNC_IMPORT_FLAT_DEAL_EXTRACT_SOURCE","ACTUAL_NEGOTIATION_START_DATE","35.0","Date"
"FLD00004496","VFGE_IOT_SYNC_IMPORT_FLAT_DEAL_DAYS_TO_NEGOTIATION_START","VFGE_IOT_SYNC_IMPORT_FLAT_DEAL_EXTRACT_SOURCE","DAYS_TO_NEGOTIATION_START","36.0","Integer"
"FLD00004497","VFGE_IOT_SYNC_IMPORT_FLAT_DEAL_PLANNED_NEGOTIATION_END_DATE","VFGE_IOT_SYNC_IMPORT_FLAT_DEAL_EXTRACT_SOURCE","PLANNED_NEGOTIATION_END_DATE","37.0","Date"
"FLD00004498","VFGE_IOT_SYNC_IMPORT_FLAT_DEAL_ACTUAL_NEGOTIATION_FINISH_DATE","VFGE_IOT_SYNC_IMPORT_FLAT_DEAL_EXTRACT_SOURCE","ACTUAL_NEGOTIATION_FINISH_DATE","38.0","Date"
"FLD00004499","VFGE_IOT_SYNC_IMPORT_FLAT_DEAL_AUTO_RENEWAL","VFGE_IOT_SYNC_IMPORT_FLAT_DEAL_EXTRACT_SOURCE","AUTO_RENEWAL","39.0","String"
"FLD00004500","VFGE_IOT_SYNC_IMPORT_FLAT_DEAL_VALIDATION_STATUS","VFGE_IOT_SYNC_IMPORT_FLAT_DEAL_EXTRACT_SOURCE","VALIDATION_STATUS","40.0","String"
"FLD00004501","VFGE_IOT_SYNC_IMPORT_FLAT_DEAL_LOAD_ID","VFGE_IOT_SYNC_IMPORT_FLAT_DEAL_LOAD_TARGET","ID","1.0","String"
"FLD00004502","VFGE_IOT_SYNC_IMPORT_FLAT_DEAL_LOAD_NAME","VFGE_IOT_SYNC_IMPORT_FLAT_DEAL_LOAD_TARGET","NAME","2.0","String"
"FLD00004503","VFGE_IOT_SYNC_IMPORT_FLAT_DEAL_LOAD_CONTRACT_CATEGORY__C","VFGE_IOT_SYNC_IMPORT_FLAT_DEAL_LOAD_TARGET","CONTRACT_CATEGORY__C","3.0","String"
"FLD00004504","VFGE_IOT_SYNC_IMPORT_FLAT_DEAL_LOAD_CONTRACT_NAME__C","VFGE_IOT_SYNC_IMPORT_FLAT_DEAL_LOAD_TARGET","CONTRACT_NAME__C","4.0","String"
"FLD00004505","VFGE_IOT_SYNC_IMPORT_FLAT_DEAL_LOAD_DEAL_STATUS__C","VFGE_IOT_SYNC_IMPORT_FLAT_DEAL_LOAD_TARGET","DEAL_STATUS__C","5.0","String"
"FLD00004506","VFGE_IOT_SYNC_IMPORT_FLAT_DEAL_LOAD_INITIAL_CONTACT_COMMENTS__C","VFGE_IOT_SYNC_IMPORT_FLAT_DEAL_LOAD_TARGET","INITIAL_CONTACT_COMMENTS__C","7.0","String"
"FLD00004507","VFGE_IOT_SYNC_IMPORT_FLAT_DEAL_LOAD_NEGOTIATION_TEAM__C","VFGE_IOT_SYNC_IMPORT_FLAT_DEAL_LOAD_TARGET","NEGOTIATION_TEAM__C","8.0","String"
"FLD00004508","VFGE_IOT_SYNC_IMPORT_FLAT_DEAL_LOAD_CONTRACT_MANAGER__C","VFGE_IOT_SYNC_IMPORT_FLAT_DEAL_LOAD_TARGET","CONTRACT_MANAGER__C","9.0","String"
"FLD00004509","VFGE_IOT_SYNC_IMPORT_FLAT_DEAL_LOAD_CAS_COMMENTS__C","VFGE_IOT_SYNC_IMPORT_FLAT_DEAL_LOAD_TARGET","CAS_COMMENTS__C","10.0","String"
"FLD00004510","VFGE_IOT_SYNC_IMPORT_FLAT_DEAL_LOAD_LEGAL_SRC__C","VFGE_IOT_SYNC_IMPORT_FLAT_DEAL_LOAD_TARGET","LEGAL_SRC__C","11.0","String"
"FLD00004511","VFGE_IOT_SYNC_IMPORT_FLAT_DEAL_LOAD_FINANCE_SRC__C","VFGE_IOT_SYNC_IMPORT_FLAT_DEAL_LOAD_TARGET","FINANCE_SRC__C","12.0","String"
"FLD00004512","VFGE_IOT_SYNC_IMPORT_FLAT_DEAL_LOAD_TAX_SRC__C","VFGE_IOT_SYNC_IMPORT_FLAT_DEAL_LOAD_TARGET","TAX_SRC__C","13.0","String"
"FLD00004513","VFGE_IOT_SYNC_IMPORT_FLAT_DEAL_LOAD_CAS_DATE__C","VFGE_IOT_SYNC_IMPORT_FLAT_DEAL_LOAD_TARGET","CAS_DATE__C","14.0","Date"
"FLD00004514","VFGE_IOT_SYNC_IMPORT_FLAT_DEAL_LOAD_PLANNED_NEGOT_START_DATE__C","VFGE_IOT_SYNC_IMPORT_FLAT_DEAL_LOAD_TARGET","PLANNED_NEGOT_START_DATE__C","15.0","Date"
"FLD00004515","VFGE_IOT_SYNC_IMPORT_FLAT_DEAL_LOAD_PLANNED_NEGOT_END_DATE__C","VFGE_IOT_SYNC_IMPORT_FLAT_DEAL_LOAD_TARGET","PLANNED_NEGOT_END_DATE__C","16.0","Date"
"FLD00004516","VFGE_IOT_SYNC_IMPORT_FLAT_DEAL_LOAD_ACTUAL_NEGOT_START_DATE__C","VFGE_IOT_SYNC_IMPORT_FLAT_DEAL_LOAD_TARGET","ACTUAL_NEGOT_START_DATE__C","17.0","Date"
"FLD00004517","VFGE_IOT_SYNC_IMPORT_FLAT_DEAL_LOAD_ACTUAL_NEGOT_END_DATE__C","VFGE_IOT_SYNC_IMPORT_FLAT_DEAL_LOAD_TARGET","ACTUAL_NEGOT_END_DATE__C","18.0","Date"
"FLD00004518","VFGE_IOT_SYNC_IMPORT_FLAT_DEAL_LOAD_CONTACT_PERSON_SRC","VFGE_IOT_SYNC_IMPORT_FLAT_DEAL_LOAD_TARGET","CONTACT_PERSON_SRC","19.0","String"
"FLD00004519","VFGE_IOT_SYNC_IMPORT_FLAT_DEAL_LOAD_TELEFONE_NUMBER_SRC","VFGE_IOT_SYNC_IMPORT_FLAT_DEAL_LOAD_TARGET","TELEFONE_NUMBER_SRC","20.0","String"
"FLD00004520","VFGE_IOT_SYNC_IMPORT_FLAT_DEAL_LOAD_EMAIL_ADDRESS_SRC","VFGE_IOT_SYNC_IMPORT_FLAT_DEAL_LOAD_TARGET","EMAIL_ADDRESS_SRC","21.0","String"
"FLD00004521","VFGE_IOT_SYNC_IMPORT_FLAT_DEAL_LOAD_IS_FA","VFGE_IOT_SYNC_IMPORT_FLAT_DEAL_LOAD_TARGET","IS_FA","22.0","Boolean"
"FLD00004522","VFGE_IOT_SYNC_IMPORT_FLAT_DEAL_LOAD_AUTO_RENEW","VFGE_IOT_SYNC_IMPORT_FLAT_DEAL_LOAD_TARGET","AUTO_RENEW","22.0","Boolean"
"FLD00004523","VFGE_IOT_SYNC_IMPORT_FLAT_DEAL_LOAD_VALIDATION_STATUS","VFGE_IOT_SYNC_IMPORT_FLAT_DEAL_LOAD_TARGET","VALIDATION_STATUS","23.0","String"
"FLD00004524","VFGE_IOT_SYNC_IMPORT_FLAT_DISCOUNT_PERIODS_EXTRACT_SOURCE_PERIOD_INDEX","VFGE_IOT_SYNC_IMPORT_FLAT_DISCOUNT_PERIODS_EXTRACT_SOURCE","PERIOD_INDEX","1.0","String"
"FLD00004525","VFGE_IOT_SYNC_IMPORT_FLAT_DISCOUNT_PERIODS_EXTRACT_SOURCE_DEAL_INDEX","VFGE_IOT_SYNC_IMPORT_FLAT_DISCOUNT_PERIODS_EXTRACT_SOURCE","DEAL_INDEX","2.0","String"
"FLD00004526","VFGE_IOT_SYNC_IMPORT_FLAT_DISCOUNT_PERIODS_EXTRACT_SOURCE_DEAL_NAME","VFGE_IOT_SYNC_IMPORT_FLAT_DISCOUNT_PERIODS_EXTRACT_SOURCE","DEAL_NAME","3.0","String"
"FLD00004527","VFGE_IOT_SYNC_IMPORT_FLAT_DISCOUNT_PERIODS_EXTRACT_SOURCE_NEGOTIATION_TEAM","VFGE_IOT_SYNC_IMPORT_FLAT_DISCOUNT_PERIODS_EXTRACT_SOURCE","NEGOTIATION_TEAM","4.0","String"
"FLD00004528","VFGE_IOT_SYNC_IMPORT_FLAT_DISCOUNT_PERIODS_EXTRACT_SOURCE_DEAL_TYPE","VFGE_IOT_SYNC_IMPORT_FLAT_DISCOUNT_PERIODS_EXTRACT_SOURCE","DEAL_TYPE","5.0","String"
"FLD00004529","VFGE_IOT_SYNC_IMPORT_FLAT_DISCOUNT_PERIODS_EXTRACT_SOURCE_VRS_DEAL_STATUS","VFGE_IOT_SYNC_IMPORT_FLAT_DISCOUNT_PERIODS_EXTRACT_SOURCE","VRS_DEAL_STATUS","6.0","String"
"FLD00004530","VFGE_IOT_SYNC_IMPORT_FLAT_DISCOUNT_PERIODS_EXTRACT_SOURCE_VRS_DISC_CONT_STATUS","VFGE_IOT_SYNC_IMPORT_FLAT_DISCOUNT_PERIODS_EXTRACT_SOURCE","VRS_DISC_CONT_STATUS","7.0","String"
"FLD00004531","VFGE_IOT_SYNC_IMPORT_FLAT_DISCOUNT_PERIODS_EXTRACT_SOURCE_ACTIVE","VFGE_IOT_SYNC_IMPORT_FLAT_DISCOUNT_PERIODS_EXTRACT_SOURCE","ACTIVE","8.0","String"
"FLD00004532","VFGE_IOT_SYNC_IMPORT_FLAT_DISCOUNT_PERIODS_EXTRACT_SOURCE_PERIOD_FROM","VFGE_IOT_SYNC_IMPORT_FLAT_DISCOUNT_PERIODS_EXTRACT_SOURCE","PERIOD_FROM","9.0","String"
"FLD00004533","VFGE_IOT_SYNC_IMPORT_FLAT_DISCOUNT_PERIODS_EXTRACT_SOURCE_PERIOD_TO","VFGE_IOT_SYNC_IMPORT_FLAT_DISCOUNT_PERIODS_EXTRACT_SOURCE","PERIOD_TO","10.0","String"
"FLD00004534","VFGE_IOT_SYNC_IMPORT_FLAT_DISCOUNT_PERIODS_EXTRACT_SOURCE_TAX_DISC_RATES","VFGE_IOT_SYNC_IMPORT_FLAT_DISCOUNT_PERIODS_EXTRACT_SOURCE","TAX_DISC_RATES","11.0","String"
"FLD00004535","VFGE_IOT_SYNC_IMPORT_FLAT_DISCOUNT_PERIODS_EXTRACT_SOURCE_OB_TAX_RATE","VFGE_IOT_SYNC_IMPORT_FLAT_DISCOUNT_PERIODS_EXTRACT_SOURCE","OB_TAX_RATE","12.0","String"
"FLD00004536","VFGE_IOT_SYNC_IMPORT_FLAT_DISCOUNT_PERIODS_EXTRACT_SOURCE_EMBEDDED_DERIVATIVES","VFGE_IOT_SYNC_IMPORT_FLAT_DISCOUNT_PERIODS_EXTRACT_SOURCE","EMBEDDED_DERIVATIVES","13.0","String"
"FLD00004537","VFGE_IOT_SYNC_IMPORT_FLAT_DISCOUNT_PERIODS_EXTRACT_SOURCE_VOICE_MO_DISCOUNTS_INCL","VFGE_IOT_SYNC_IMPORT_FLAT_DISCOUNT_PERIODS_EXTRACT_SOURCE","VOICE_MO_DISCOUNTS_INCL","14.0","String"
"FLD00004538","VFGE_IOT_SYNC_IMPORT_FLAT_DISCOUNT_PERIODS_EXTRACT_SOURCE_VOICE_MT_DISCOUNTS_INCL","VFGE_IOT_SYNC_IMPORT_FLAT_DISCOUNT_PERIODS_EXTRACT_SOURCE","VOICE_MT_DISCOUNTS_INCL","15.0","String"
"FLD00004539","VFGE_IOT_SYNC_IMPORT_FLAT_DISCOUNT_PERIODS_EXTRACT_SOURCE_SMS_DISCOUNTS_INCL","VFGE_IOT_SYNC_IMPORT_FLAT_DISCOUNT_PERIODS_EXTRACT_SOURCE","SMS_DISCOUNTS_INCL","16.0","String"
"FLD00004540","VFGE_IOT_SYNC_IMPORT_FLAT_DISCOUNT_PERIODS_EXTRACT_SOURCE_DATA_DISCOUNTS_INCL","VFGE_IOT_SYNC_IMPORT_FLAT_DISCOUNT_PERIODS_EXTRACT_SOURCE","DATA_DISCOUNTS_INCL","17.0","String"
"FLD00004541","VFGE_IOT_SYNC_IMPORT_FLAT_DISCOUNT_PERIODS_EXTRACT_SOURCE_COND_VOICE_MO_DISCOUNTS","VFGE_IOT_SYNC_IMPORT_FLAT_DISCOUNT_PERIODS_EXTRACT_SOURCE","COND_VOICE_MO_DISCOUNTS","18.0","String"
"FLD00004542","VFGE_IOT_SYNC_IMPORT_FLAT_DISCOUNT_PERIODS_EXTRACT_SOURCE_COND_VOICE_MT_DISCOUNTS","VFGE_IOT_SYNC_IMPORT_FLAT_DISCOUNT_PERIODS_EXTRACT_SOURCE","COND_VOICE_MT_DISCOUNTS","19.0","String"
"FLD00004543","VFGE_IOT_SYNC_IMPORT_FLAT_DISCOUNT_PERIODS_EXTRACT_SOURCE_IB_VOICE_TRAFFIC_COMM","VFGE_IOT_SYNC_IMPORT_FLAT_DISCOUNT_PERIODS_EXTRACT_SOURCE","IB_VOICE_TRAFFIC_COMM","20.0","String"
"FLD00004544","VFGE_IOT_SYNC_IMPORT_FLAT_DISCOUNT_PERIODS_EXTRACT_SOURCE_DEFINITION_OF_MIN","VFGE_IOT_SYNC_IMPORT_FLAT_DISCOUNT_PERIODS_EXTRACT_SOURCE","DEFINITION_OF_MIN","21.0","String"
"FLD00004545","VFGE_IOT_SYNC_IMPORT_FLAT_DISCOUNT_PERIODS_EXTRACT_SOURCE_OB_VOICE_TRAFFIC_COMM","VFGE_IOT_SYNC_IMPORT_FLAT_DISCOUNT_PERIODS_EXTRACT_SOURCE","OB_VOICE_TRAFFIC_COMM","22.0","String"
"FLD00004546","VFGE_IOT_SYNC_IMPORT_FLAT_DISCOUNT_PERIODS_EXTRACT_SOURCE_COND_SMS_DISCOUNTS","VFGE_IOT_SYNC_IMPORT_FLAT_DISCOUNT_PERIODS_EXTRACT_SOURCE","COND_SMS_DISCOUNTS","23.0","String"
"FLD00004547","VFGE_IOT_SYNC_IMPORT_FLAT_DISCOUNT_PERIODS_EXTRACT_SOURCE_IB_SMS_TRAFFIC_COMM","VFGE_IOT_SYNC_IMPORT_FLAT_DISCOUNT_PERIODS_EXTRACT_SOURCE","IB_SMS_TRAFFIC_COMM","24.0","String"
"FLD00004548","VFGE_IOT_SYNC_IMPORT_FLAT_DISCOUNT_PERIODS_EXTRACT_SOURCE_OB_SMS_TRAFFIC_COMM","VFGE_IOT_SYNC_IMPORT_FLAT_DISCOUNT_PERIODS_EXTRACT_SOURCE","OB_SMS_TRAFFIC_COMM","25.0","String"
"FLD00004549","VFGE_IOT_SYNC_IMPORT_FLAT_DISCOUNT_PERIODS_EXTRACT_SOURCE_COND_DATA_DISCOUNTS","VFGE_IOT_SYNC_IMPORT_FLAT_DISCOUNT_PERIODS_EXTRACT_SOURCE","COND_DATA_DISCOUNTS","26.0","String"
"FLD00004550","VFGE_IOT_SYNC_IMPORT_FLAT_DISCOUNT_PERIODS_EXTRACT_SOURCE_IB_DATA_TRAFFIC_COMM","VFGE_IOT_SYNC_IMPORT_FLAT_DISCOUNT_PERIODS_EXTRACT_SOURCE","IB_DATA_TRAFFIC_COMM","27.0","String"
"FLD00004551","VFGE_IOT_SYNC_IMPORT_FLAT_DISCOUNT_PERIODS_EXTRACT_SOURCE_DEFINITION_OF_MB","VFGE_IOT_SYNC_IMPORT_FLAT_DISCOUNT_PERIODS_EXTRACT_SOURCE","DEFINITION_OF_MB","28.0","String"
"FLD00004552","VFGE_IOT_SYNC_IMPORT_FLAT_DISCOUNT_PERIODS_EXTRACT_SOURCE_OB_DATA_TRAFFIC_COMM","VFGE_IOT_SYNC_IMPORT_FLAT_DISCOUNT_PERIODS_EXTRACT_SOURCE","OB_DATA_TRAFFIC_COMM","29.0","String"
"FLD00004553","VFGE_IOT_SYNC_IMPORT_FLAT_DISCOUNT_PERIODS_EXTRACT_SOURCE_MO_INIT_IB_TG_LY_NO_DEAL","VFGE_IOT_SYNC_IMPORT_FLAT_DISCOUNT_PERIODS_EXTRACT_SOURCE","MO_INIT_IB_TG_LY_NO_DEAL","30.0","String"
"FLD00004554","VFGE_IOT_SYNC_IMPORT_FLAT_DISCOUNT_PERIODS_EXTRACT_SOURCE_MO_INIT_IB_TG_LY_WITH_DEAL","VFGE_IOT_SYNC_IMPORT_FLAT_DISCOUNT_PERIODS_EXTRACT_SOURCE","MO_INIT_IB_TG_LY_WITH_DEAL","31.0","String"
"FLD00004555","VFGE_IOT_SYNC_IMPORT_FLAT_DISCOUNT_PERIODS_EXTRACT_SOURCE_VOICE_MO_INIT_IB_DISC_TYPE","VFGE_IOT_SYNC_IMPORT_FLAT_DISCOUNT_PERIODS_EXTRACT_SOURCE","VOICE_MO_INIT_IB_DISC_TYPE","32.0","String"
"FLD00004556","VFGE_IOT_SYNC_IMPORT_FLAT_DISCOUNT_PERIODS_EXTRACT_SOURCE_MO_INIT_IB_ACT_MIN_PERC_DISC","VFGE_IOT_SYNC_IMPORT_FLAT_DISCOUNT_PERIODS_EXTRACT_SOURCE","MO_INIT_IB_ACT_MIN_PERC_DISC","33.0","String"
"FLD00004557","VFGE_IOT_SYNC_IMPORT_FLAT_DISCOUNT_PERIODS_EXTRACT_SOURCE_MO_INIT_OB_TG_COUNTRY_LY","VFGE_IOT_SYNC_IMPORT_FLAT_DISCOUNT_PERIODS_EXTRACT_SOURCE","MO_INIT_OB_TG_COUNTRY_LY","34.0","String"
"FLD00004558","VFGE_IOT_SYNC_IMPORT_FLAT_DISCOUNT_PERIODS_EXTRACT_SOURCE_MO_INIT_OB_MS_3RD_WITH_DEAL","VFGE_IOT_SYNC_IMPORT_FLAT_DISCOUNT_PERIODS_EXTRACT_SOURCE","MO_INIT_OB_MS_3RD_WITH_DEAL","35.0","String"
"FLD00004559","VFGE_IOT_SYNC_IMPORT_FLAT_DISCOUNT_PERIODS_EXTRACT_SOURCE_MO_INIT_OB_MS_3RD_WO_DEAL","VFGE_IOT_SYNC_IMPORT_FLAT_DISCOUNT_PERIODS_EXTRACT_SOURCE","MO_INIT_OB_MS_3RD_WO_DEAL","36.0","String"
"FLD00004560","VFGE_IOT_SYNC_IMPORT_FLAT_DISCOUNT_PERIODS_EXTRACT_SOURCE_VOICE_MO_INIT_OB_DISC_TYPE","VFGE_IOT_SYNC_IMPORT_FLAT_DISCOUNT_PERIODS_EXTRACT_SOURCE","VOICE_MO_INIT_OB_DISC_TYPE","37.0","String"
"FLD00004561","VFGE_IOT_SYNC_IMPORT_FLAT_DISCOUNT_PERIODS_EXTRACT_SOURCE_MO_INIT_OB_ACT_MIN_EXCL_TAXES","VFGE_IOT_SYNC_IMPORT_FLAT_DISCOUNT_PERIODS_EXTRACT_SOURCE","MO_INIT_OB_ACT_MIN_EXCL_TAXES","38.0","String"
"FLD00004562","VFGE_IOT_SYNC_IMPORT_FLAT_DISCOUNT_PERIODS_EXTRACT_SOURCE_MO_INIT_OB_ACT_MIN_INCL_TAXES","VFGE_IOT_SYNC_IMPORT_FLAT_DISCOUNT_PERIODS_EXTRACT_SOURCE","MO_INIT_OB_ACT_MIN_INCL_TAXES","39.0","String"
"FLD00004563","VFGE_IOT_SYNC_IMPORT_FLAT_DISCOUNT_PERIODS_EXTRACT_SOURCE_MT_INIT_IB_TR_VS_MO_IB","VFGE_IOT_SYNC_IMPORT_FLAT_DISCOUNT_PERIODS_EXTRACT_SOURCE","MT_INIT_IB_TR_VS_MO_IB","40.0","String"
"FLD00004564","VFGE_IOT_SYNC_IMPORT_FLAT_DISCOUNT_PERIODS_EXTRACT_SOURCE_VOICE_MT_INIT_IB_DISC_TYPE","VFGE_IOT_SYNC_IMPORT_FLAT_DISCOUNT_PERIODS_EXTRACT_SOURCE","VOICE_MT_INIT_IB_DISC_TYPE","41.0","String"
"FLD00004565","VFGE_IOT_SYNC_IMPORT_FLAT_DISCOUNT_PERIODS_EXTRACT_SOURCE_MT_INIT_IB_ACT_MIN_PERC_DISC","VFGE_IOT_SYNC_IMPORT_FLAT_DISCOUNT_PERIODS_EXTRACT_SOURCE","MT_INIT_IB_ACT_MIN_PERC_DISC","42.0","String"
"FLD00004566","VFGE_IOT_SYNC_IMPORT_FLAT_DISCOUNT_PERIODS_EXTRACT_SOURCE_MT_INIT_OB_TR_VS_MO_OB","VFGE_IOT_SYNC_IMPORT_FLAT_DISCOUNT_PERIODS_EXTRACT_SOURCE","MT_INIT_OB_TR_VS_MO_OB","43.0","String"
"FLD00004567","VFGE_IOT_SYNC_IMPORT_FLAT_DISCOUNT_PERIODS_EXTRACT_SOURCE_VOICE_MT_INIT_OB_DISC_TYPE","VFGE_IOT_SYNC_IMPORT_FLAT_DISCOUNT_PERIODS_EXTRACT_SOURCE","VOICE_MT_INIT_OB_DISC_TYPE","44.0","String"
"FLD00004568","VFGE_IOT_SYNC_IMPORT_FLAT_DISCOUNT_PERIODS_EXTRACT_SOURCE_MT_INIT_OB_ACT_MIN_EXCL_TAXES","VFGE_IOT_SYNC_IMPORT_FLAT_DISCOUNT_PERIODS_EXTRACT_SOURCE","MT_INIT_OB_ACT_MIN_EXCL_TAXES","45.0","String"
"FLD00004569","VFGE_IOT_SYNC_IMPORT_FLAT_DISCOUNT_PERIODS_EXTRACT_SOURCE_MT_INIT_OB_ACT_MIN_INCL_TAXES","VFGE_IOT_SYNC_IMPORT_FLAT_DISCOUNT_PERIODS_EXTRACT_SOURCE","MT_INIT_OB_ACT_MIN_INCL_TAXES","46.0","String"
"FLD00004570","VFGE_IOT_SYNC_IMPORT_FLAT_DISCOUNT_PERIODS_EXTRACT_SOURCE_SMS_INIT_TR_VS_MO_IB","VFGE_IOT_SYNC_IMPORT_FLAT_DISCOUNT_PERIODS_EXTRACT_SOURCE","SMS_INIT_TR_VS_MO_IB","47.0","String"
"FLD00004571","VFGE_IOT_SYNC_IMPORT_FLAT_DISCOUNT_PERIODS_EXTRACT_SOURCE_SMS_INIT_IB_DISC_TYPE","VFGE_IOT_SYNC_IMPORT_FLAT_DISCOUNT_PERIODS_EXTRACT_SOURCE","SMS_INIT_IB_DISC_TYPE","48.0","String"
"FLD00004572","VFGE_IOT_SYNC_IMPORT_FLAT_DISCOUNT_PERIODS_EXTRACT_SOURCE_SMS_INIT_IB_SMS_PERC_DISC","VFGE_IOT_SYNC_IMPORT_FLAT_DISCOUNT_PERIODS_EXTRACT_SOURCE","SMS_INIT_IB_SMS_PERC_DISC","49.0","String"
"FLD00004573","VFGE_IOT_SYNC_IMPORT_FLAT_DISCOUNT_PERIODS_EXTRACT_SOURCE_SMS_INIT_OB_TR_VS_MO_OB","VFGE_IOT_SYNC_IMPORT_FLAT_DISCOUNT_PERIODS_EXTRACT_SOURCE","SMS_INIT_OB_TR_VS_MO_OB","50.0","String"
"FLD00004574","VFGE_IOT_SYNC_IMPORT_FLAT_DISCOUNT_PERIODS_EXTRACT_SOURCE_SMS_INIT_OB_DISC_TYPE","VFGE_IOT_SYNC_IMPORT_FLAT_DISCOUNT_PERIODS_EXTRACT_SOURCE","SMS_INIT_OB_DISC_TYPE","51.0","String"
"FLD00004575","VFGE_IOT_SYNC_IMPORT_FLAT_DISCOUNT_PERIODS_EXTRACT_SOURCE_SMS_INIT_OB_SMS_EXCL_TAXES","VFGE_IOT_SYNC_IMPORT_FLAT_DISCOUNT_PERIODS_EXTRACT_SOURCE","SMS_INIT_OB_SMS_EXCL_TAXES","52.0","String"
"FLD00004576","VFGE_IOT_SYNC_IMPORT_FLAT_DISCOUNT_PERIODS_EXTRACT_SOURCE_SMS_INIT_OB_SMS_INCL_TAXES","VFGE_IOT_SYNC_IMPORT_FLAT_DISCOUNT_PERIODS_EXTRACT_SOURCE","SMS_INIT_OB_SMS_INCL_TAXES","53.0","String"
"FLD00004577","VFGE_IOT_SYNC_IMPORT_FLAT_DISCOUNT_PERIODS_EXTRACT_SOURCE_DATA_INIT_TR_VS_MO","VFGE_IOT_SYNC_IMPORT_FLAT_DISCOUNT_PERIODS_EXTRACT_SOURCE","DATA_INIT_TR_VS_MO","54.0","String"
"FLD00004578","VFGE_IOT_SYNC_IMPORT_FLAT_DISCOUNT_PERIODS_EXTRACT_SOURCE_DATA_INIT_IB_DISC_TYPE","VFGE_IOT_SYNC_IMPORT_FLAT_DISCOUNT_PERIODS_EXTRACT_SOURCE","DATA_INIT_IB_DISC_TYPE","55.0","String"
"FLD00004579","VFGE_IOT_SYNC_IMPORT_FLAT_DISCOUNT_PERIODS_EXTRACT_SOURCE_DATA_INIT_IB_MB_PERC_DISC","VFGE_IOT_SYNC_IMPORT_FLAT_DISCOUNT_PERIODS_EXTRACT_SOURCE","DATA_INIT_IB_MB_PERC_DISC","56.0","String"
"FLD00004580","VFGE_IOT_SYNC_IMPORT_FLAT_DISCOUNT_PERIODS_EXTRACT_SOURCE_DATA_INIT_OB_TR_VS_MO_OB","VFGE_IOT_SYNC_IMPORT_FLAT_DISCOUNT_PERIODS_EXTRACT_SOURCE","DATA_INIT_OB_TR_VS_MO_OB","57.0","String"
"FLD00004581","VFGE_IOT_SYNC_IMPORT_FLAT_DISCOUNT_PERIODS_EXTRACT_SOURCE_DATA_INIT_OB_DISC_TYPE","VFGE_IOT_SYNC_IMPORT_FLAT_DISCOUNT_PERIODS_EXTRACT_SOURCE","DATA_INIT_OB_DISC_TYPE","58.0","String"
"FLD00004582","VFGE_IOT_SYNC_IMPORT_FLAT_DISCOUNT_PERIODS_EXTRACT_SOURCE_DATA_INIT_OB_MB_EXCL_TAXES","VFGE_IOT_SYNC_IMPORT_FLAT_DISCOUNT_PERIODS_EXTRACT_SOURCE","DATA_INIT_OB_MB_EXCL_TAXES","59.0","String"
"FLD00004583","VFGE_IOT_SYNC_IMPORT_FLAT_DISCOUNT_PERIODS_EXTRACT_SOURCE_DATA_INIT_OB_MB_INCL_TAXES","VFGE_IOT_SYNC_IMPORT_FLAT_DISCOUNT_PERIODS_EXTRACT_SOURCE","DATA_INIT_OB_MB_INCL_TAXES","60.0","String"
"FLD00004584","VFGE_IOT_SYNC_IMPORT_FLAT_DISCOUNT_PERIODS_EXTRACT_SOURCE_VOICE_VAL_VS_DO_NOTHING","VFGE_IOT_SYNC_IMPORT_FLAT_DISCOUNT_PERIODS_EXTRACT_SOURCE","VOICE_VAL_VS_DO_NOTHING","61.0","String"
"FLD00004585","VFGE_IOT_SYNC_IMPORT_FLAT_DISCOUNT_PERIODS_EXTRACT_SOURCE_SMS_VAL_VS_DO_NOTHING","VFGE_IOT_SYNC_IMPORT_FLAT_DISCOUNT_PERIODS_EXTRACT_SOURCE","SMS_VAL_VS_DO_NOTHING","62.0","String"
"FLD00004586","VFGE_IOT_SYNC_IMPORT_FLAT_DISCOUNT_PERIODS_EXTRACT_SOURCE_DATA_VAL_VS_DO_NOTHING","VFGE_IOT_SYNC_IMPORT_FLAT_DISCOUNT_PERIODS_EXTRACT_SOURCE","DATA_VAL_VS_DO_NOTHING","63.0","String"
"FLD00004587","VFGE_IOT_SYNC_IMPORT_FLAT_DISCOUNT_PERIODS_EXTRACT_SOURCE_VOICE_VAL_VS_PREV_PERIOD","VFGE_IOT_SYNC_IMPORT_FLAT_DISCOUNT_PERIODS_EXTRACT_SOURCE","VOICE_VAL_VS_PREV_PERIOD","64.0","String"
"FLD00004588","VFGE_IOT_SYNC_IMPORT_FLAT_DISCOUNT_PERIODS_EXTRACT_SOURCE_SMS_VAL_VS_PREV_PERIOD","VFGE_IOT_SYNC_IMPORT_FLAT_DISCOUNT_PERIODS_EXTRACT_SOURCE","SMS_VAL_VS_PREV_PERIOD","65.0","String"
"FLD00004589","VFGE_IOT_SYNC_IMPORT_FLAT_DISCOUNT_PERIODS_EXTRACT_SOURCE_DATA_VAL_VS_PREV_PERIOD","VFGE_IOT_SYNC_IMPORT_FLAT_DISCOUNT_PERIODS_EXTRACT_SOURCE","DATA_VAL_VS_PREV_PERIOD","66.0","String"
"FLD00004590","VFGE_IOT_SYNC_IMPORT_FLAT_DISCOUNT_PERIODS_EXTRACT_SOURCE_IB_CURRENCY","VFGE_IOT_SYNC_IMPORT_FLAT_DISCOUNT_PERIODS_EXTRACT_SOURCE","IB_CURRENCY","67.0","String"
"FLD00004591","VFGE_IOT_SYNC_IMPORT_FLAT_DISCOUNT_PERIODS_EXTRACT_SOURCE_OB_CURRENCY","VFGE_IOT_SYNC_IMPORT_FLAT_DISCOUNT_PERIODS_EXTRACT_SOURCE","OB_CURRENCY","68.0","String"
"FLD00004592","VFGE_IOT_SYNC_IMPORT_FLAT_DISCOUNT_PERIODS_EXTRACT_SOURCE_MO_UPDT_IB_TG_LY_NO_DEAL","VFGE_IOT_SYNC_IMPORT_FLAT_DISCOUNT_PERIODS_EXTRACT_SOURCE","MO_UPDT_IB_TG_LY_NO_DEAL","69.0","String"
"FLD00004593","VFGE_IOT_SYNC_IMPORT_FLAT_DISCOUNT_PERIODS_EXTRACT_SOURCE_MO_UPDT_IB_TG_LY_WITH_DEAL","VFGE_IOT_SYNC_IMPORT_FLAT_DISCOUNT_PERIODS_EXTRACT_SOURCE","MO_UPDT_IB_TG_LY_WITH_DEAL","70.0","String"
"FLD00004594","VFGE_IOT_SYNC_IMPORT_FLAT_DISCOUNT_PERIODS_EXTRACT_SOURCE_VOICE_MO_UPDT_IB_DISC_TYPE","VFGE_IOT_SYNC_IMPORT_FLAT_DISCOUNT_PERIODS_EXTRACT_SOURCE","VOICE_MO_UPDT_IB_DISC_TYPE","71.0","String"
"FLD00004595","VFGE_IOT_SYNC_IMPORT_FLAT_DISCOUNT_PERIODS_EXTRACT_SOURCE_MO_UPDT_IB_ACT_MIN_PERC_DISC","VFGE_IOT_SYNC_IMPORT_FLAT_DISCOUNT_PERIODS_EXTRACT_SOURCE","MO_UPDT_IB_ACT_MIN_PERC_DISC","72.0","String"
"FLD00004596","VFGE_IOT_SYNC_IMPORT_FLAT_DISCOUNT_PERIODS_EXTRACT_SOURCE_MO_UPDT_OB_TG_LY","VFGE_IOT_SYNC_IMPORT_FLAT_DISCOUNT_PERIODS_EXTRACT_SOURCE","MO_UPDT_OB_TG_LY","73.0","String"
"FLD00004597","VFGE_IOT_SYNC_IMPORT_FLAT_DISCOUNT_PERIODS_EXTRACT_SOURCE_MO_UPDT_OB_MS_3RD_WITH_DEAL","VFGE_IOT_SYNC_IMPORT_FLAT_DISCOUNT_PERIODS_EXTRACT_SOURCE","MO_UPDT_OB_MS_3RD_WITH_DEAL","74.0","String"
"FLD00004598","VFGE_IOT_SYNC_IMPORT_FLAT_DISCOUNT_PERIODS_EXTRACT_SOURCE_MO_UPDT_OB_MS_3RD_WO_DEAL","VFGE_IOT_SYNC_IMPORT_FLAT_DISCOUNT_PERIODS_EXTRACT_SOURCE","MO_UPDT_OB_MS_3RD_WO_DEAL","75.0","String"
"FLD00004599","VFGE_IOT_SYNC_IMPORT_FLAT_DISCOUNT_PERIODS_EXTRACT_SOURCE_VOICE_MO_UPDT_OB_DISC_TYPE","VFGE_IOT_SYNC_IMPORT_FLAT_DISCOUNT_PERIODS_EXTRACT_SOURCE","VOICE_MO_UPDT_OB_DISC_TYPE","76.0","String"
"FLD00004600","VFGE_IOT_SYNC_IMPORT_FLAT_DISCOUNT_PERIODS_EXTRACT_SOURCE_MO_UPDT_OB_ACT_MIN_EXCL_TAXES","VFGE_IOT_SYNC_IMPORT_FLAT_DISCOUNT_PERIODS_EXTRACT_SOURCE","MO_UPDT_OB_ACT_MIN_EXCL_TAXES","77.0","String"
"FLD00004601","VFGE_IOT_SYNC_IMPORT_FLAT_DISCOUNT_PERIODS_EXTRACT_SOURCE_MO_UPDT_OB_ACT_MIN_INCL_TAXES","VFGE_IOT_SYNC_IMPORT_FLAT_DISCOUNT_PERIODS_EXTRACT_SOURCE","MO_UPDT_OB_ACT_MIN_INCL_TAXES","78.0","String"
"FLD00004602","VFGE_IOT_SYNC_IMPORT_FLAT_DISCOUNT_PERIODS_EXTRACT_SOURCE_MT_UPDT_IB_TR_VS_MO_IB","VFGE_IOT_SYNC_IMPORT_FLAT_DISCOUNT_PERIODS_EXTRACT_SOURCE","MT_UPDT_IB_TR_VS_MO_IB","79.0","String"
"FLD00004603","VFGE_IOT_SYNC_IMPORT_FLAT_DISCOUNT_PERIODS_EXTRACT_SOURCE_VOICE_MT_UPDT_IB_DISC_TYPE","VFGE_IOT_SYNC_IMPORT_FLAT_DISCOUNT_PERIODS_EXTRACT_SOURCE","VOICE_MT_UPDT_IB_DISC_TYPE","80.0","String"
"FLD00004604","VFGE_IOT_SYNC_IMPORT_FLAT_DISCOUNT_PERIODS_EXTRACT_SOURCE_MT_UPDT_IB_ACT_MIN_PERC_DISC","VFGE_IOT_SYNC_IMPORT_FLAT_DISCOUNT_PERIODS_EXTRACT_SOURCE","MT_UPDT_IB_ACT_MIN_PERC_DISC","81.0","String"
"FLD00004605","VFGE_IOT_SYNC_IMPORT_FLAT_DISCOUNT_PERIODS_EXTRACT_SOURCE_MT_UPDT_OB_TR_VS_MO_OB","VFGE_IOT_SYNC_IMPORT_FLAT_DISCOUNT_PERIODS_EXTRACT_SOURCE","MT_UPDT_OB_TR_VS_MO_OB","82.0","String"
"FLD00004606","VFGE_IOT_SYNC_IMPORT_FLAT_DISCOUNT_PERIODS_EXTRACT_SOURCE_VOICE_MT_UPDT_OB_DISC_TYPE","VFGE_IOT_SYNC_IMPORT_FLAT_DISCOUNT_PERIODS_EXTRACT_SOURCE","VOICE_MT_UPDT_OB_DISC_TYPE","83.0","String"
"FLD00004607","VFGE_IOT_SYNC_IMPORT_FLAT_DISCOUNT_PERIODS_EXTRACT_SOURCE_MT_UPDT_OB_ACT_MIN_EXCL_TAXES","VFGE_IOT_SYNC_IMPORT_FLAT_DISCOUNT_PERIODS_EXTRACT_SOURCE","MT_UPDT_OB_ACT_MIN_EXCL_TAXES","84.0","String"
"FLD00004608","VFGE_IOT_SYNC_IMPORT_FLAT_DISCOUNT_PERIODS_EXTRACT_SOURCE_MT_UPDT_OB_ACT_MIN_INCL_TAXES","VFGE_IOT_SYNC_IMPORT_FLAT_DISCOUNT_PERIODS_EXTRACT_SOURCE","MT_UPDT_OB_ACT_MIN_INCL_TAXES","85.0","String"
"FLD00004609","VFGE_IOT_SYNC_IMPORT_FLAT_DISCOUNT_PERIODS_EXTRACT_SOURCE_SMS_UPDT_TR_VS_MO_IB","VFGE_IOT_SYNC_IMPORT_FLAT_DISCOUNT_PERIODS_EXTRACT_SOURCE","SMS_UPDT_TR_VS_MO_IB","86.0","String"
"FLD00004610","VFGE_IOT_SYNC_IMPORT_FLAT_DISCOUNT_PERIODS_EXTRACT_SOURCE_SMS_UPDT_IB_DISC_TYPE","VFGE_IOT_SYNC_IMPORT_FLAT_DISCOUNT_PERIODS_EXTRACT_SOURCE","SMS_UPDT_IB_DISC_TYPE","87.0","String"
"FLD00004611","VFGE_IOT_SYNC_IMPORT_FLAT_DISCOUNT_PERIODS_EXTRACT_SOURCE_SMS_UPDT_IB_SMS_PERC_DISC","VFGE_IOT_SYNC_IMPORT_FLAT_DISCOUNT_PERIODS_EXTRACT_SOURCE","SMS_UPDT_IB_SMS_PERC_DISC","88.0","String"
"FLD00004612","VFGE_IOT_SYNC_IMPORT_FLAT_DISCOUNT_PERIODS_EXTRACT_SOURCE_SMS_UPDT_OB_TR_VS_MO_OB","VFGE_IOT_SYNC_IMPORT_FLAT_DISCOUNT_PERIODS_EXTRACT_SOURCE","SMS_UPDT_OB_TR_VS_MO_OB","89.0","String"
"FLD00004613","VFGE_IOT_SYNC_IMPORT_FLAT_DISCOUNT_PERIODS_EXTRACT_SOURCE_SMS_UPDT_OB_DISC_TYPE","VFGE_IOT_SYNC_IMPORT_FLAT_DISCOUNT_PERIODS_EXTRACT_SOURCE","SMS_UPDT_OB_DISC_TYPE","90.0","String"
"FLD00004614","VFGE_IOT_SYNC_IMPORT_FLAT_DISCOUNT_PERIODS_EXTRACT_SOURCE_SMS_UPDT_OB_SMS_EXCL_TAXES","VFGE_IOT_SYNC_IMPORT_FLAT_DISCOUNT_PERIODS_EXTRACT_SOURCE","SMS_UPDT_OB_SMS_EXCL_TAXES","91.0","String"
"FLD00004615","VFGE_IOT_SYNC_IMPORT_FLAT_DISCOUNT_PERIODS_EXTRACT_SOURCE_SMS_UPDT_OB_SMS_INCL_TAXES","VFGE_IOT_SYNC_IMPORT_FLAT_DISCOUNT_PERIODS_EXTRACT_SOURCE","SMS_UPDT_OB_SMS_INCL_TAXES","92.0","String"
"FLD00004616","VFGE_IOT_SYNC_IMPORT_FLAT_DISCOUNT_PERIODS_EXTRACT_SOURCE_DATA_UPDT_IB_TR_VS_MO_IB","VFGE_IOT_SYNC_IMPORT_FLAT_DISCOUNT_PERIODS_EXTRACT_SOURCE","DATA_UPDT_IB_TR_VS_MO_IB","93.0","String"
"FLD00004617","VFGE_IOT_SYNC_IMPORT_FLAT_DISCOUNT_PERIODS_EXTRACT_SOURCE_DATA_UPDT_IB_DISC_TYPE","VFGE_IOT_SYNC_IMPORT_FLAT_DISCOUNT_PERIODS_EXTRACT_SOURCE","DATA_UPDT_IB_DISC_TYPE","94.0","String"
"FLD00004618","VFGE_IOT_SYNC_IMPORT_FLAT_DISCOUNT_PERIODS_EXTRACT_SOURCE_DATA_UPDT_IB_MB_PERC_DISC","VFGE_IOT_SYNC_IMPORT_FLAT_DISCOUNT_PERIODS_EXTRACT_SOURCE","DATA_UPDT_IB_MB_PERC_DISC","95.0","String"
"FLD00004619","VFGE_IOT_SYNC_IMPORT_FLAT_DISCOUNT_PERIODS_EXTRACT_SOURCE_DATA_UPDT_OB_TR_VS_MO_OB","VFGE_IOT_SYNC_IMPORT_FLAT_DISCOUNT_PERIODS_EXTRACT_SOURCE","DATA_UPDT_OB_TR_VS_MO_OB","96.0","String"
"FLD00004620","VFGE_IOT_SYNC_IMPORT_FLAT_DISCOUNT_PERIODS_EXTRACT_SOURCE_DATA_UPDT_OB_DISC_TYPE","VFGE_IOT_SYNC_IMPORT_FLAT_DISCOUNT_PERIODS_EXTRACT_SOURCE","DATA_UPDT_OB_DISC_TYPE","97.0","String"
"FLD00004621","VFGE_IOT_SYNC_IMPORT_FLAT_DISCOUNT_PERIODS_EXTRACT_SOURCE_DATA_UPDT_OB_MB_EXCL_TAXES","VFGE_IOT_SYNC_IMPORT_FLAT_DISCOUNT_PERIODS_EXTRACT_SOURCE","DATA_UPDT_OB_MB_EXCL_TAXES","98.0","String"
"FLD00004622","VFGE_IOT_SYNC_IMPORT_FLAT_DISCOUNT_PERIODS_EXTRACT_SOURCE_DATA_UPDT_OB_MB_INCL_TAXES","VFGE_IOT_SYNC_IMPORT_FLAT_DISCOUNT_PERIODS_EXTRACT_SOURCE","DATA_UPDT_OB_MB_INCL_TAXES","99.0","String"
"FLD00004623","VFGE_IOT_SYNC_IMPORT_FLAT_DISCOUNT_PERIODS_EXTRACT_SOURCE_MO_IB_ACT_MIN_DISC_VAR","VFGE_IOT_SYNC_IMPORT_FLAT_DISCOUNT_PERIODS_EXTRACT_SOURCE","MO_IB_ACT_MIN_DISC_VAR","100.0","String"
"FLD00004624","VFGE_IOT_SYNC_IMPORT_FLAT_DISCOUNT_PERIODS_EXTRACT_SOURCE_MT_IB_ACT_MIN_DISC_VAR","VFGE_IOT_SYNC_IMPORT_FLAT_DISCOUNT_PERIODS_EXTRACT_SOURCE","MT_IB_ACT_MIN_DISC_VAR","101.0","String"
"FLD00004625","VFGE_IOT_SYNC_IMPORT_FLAT_DISCOUNT_PERIODS_EXTRACT_SOURCE_SMS_IB_DISC_VAR","VFGE_IOT_SYNC_IMPORT_FLAT_DISCOUNT_PERIODS_EXTRACT_SOURCE","SMS_IB_DISC_VAR","102.0","String"
"FLD00004626","VFGE_IOT_SYNC_IMPORT_FLAT_DISCOUNT_PERIODS_EXTRACT_SOURCE_DATA_IB_DISC_VAR","VFGE_IOT_SYNC_IMPORT_FLAT_DISCOUNT_PERIODS_EXTRACT_SOURCE","DATA_IB_DISC_VAR","103.0","String"
"FLD00004627","VFGE_IOT_SYNC_IMPORT_FLAT_DISCOUNT_PERIODS_EXTRACT_SOURCE_MO_OB_ACT_MIN_DISC_VAR","VFGE_IOT_SYNC_IMPORT_FLAT_DISCOUNT_PERIODS_EXTRACT_SOURCE","MO_OB_ACT_MIN_DISC_VAR","104.0","String"
"FLD00004628","VFGE_IOT_SYNC_IMPORT_FLAT_DISCOUNT_PERIODS_EXTRACT_SOURCE_MT_OB_ACT_MIN_DISC_VAR","VFGE_IOT_SYNC_IMPORT_FLAT_DISCOUNT_PERIODS_EXTRACT_SOURCE","MT_OB_ACT_MIN_DISC_VAR","105.0","String"
"FLD00004629","VFGE_IOT_SYNC_IMPORT_FLAT_DISCOUNT_PERIODS_EXTRACT_SOURCE_SMS_OB_DISC_VAR","VFGE_IOT_SYNC_IMPORT_FLAT_DISCOUNT_PERIODS_EXTRACT_SOURCE","SMS_OB_DISC_VAR","106.0","String"
"FLD00004630","VFGE_IOT_SYNC_IMPORT_FLAT_DISCOUNT_PERIODS_EXTRACT_SOURCE_DATA_OB_DISC_VAR","VFGE_IOT_SYNC_IMPORT_FLAT_DISCOUNT_PERIODS_EXTRACT_SOURCE","DATA_OB_DISC_VAR","107.0","String"
"FLD00004631","VFGE_IOT_SYNC_IMPORT_FLAT_DISCOUNT_PERIODS_EXTRACT_SOURCE_IB_DISC_ON_TAP","VFGE_IOT_SYNC_IMPORT_FLAT_DISCOUNT_PERIODS_EXTRACT_SOURCE","IB_DISC_ON_TAP","108.0","String"
"FLD00004632","VFGE_IOT_SYNC_IMPORT_FLAT_DISCOUNT_PERIODS_EXTRACT_SOURCE_DISC_CALCULATION","VFGE_IOT_SYNC_IMPORT_FLAT_DISCOUNT_PERIODS_EXTRACT_SOURCE","DISC_CALCULATION","109.0","String"
"FLD00004633","VFGE_IOT_SYNC_IMPORT_FLAT_DISCOUNT_PERIODS_EXTRACT_SOURCE_DISC_DOCUMENTATION","VFGE_IOT_SYNC_IMPORT_FLAT_DISCOUNT_PERIODS_EXTRACT_SOURCE","DISC_DOCUMENTATION","110.0","String"
"FLD00004634","VFGE_IOT_SYNC_IMPORT_FLAT_DISCOUNT_PERIODS_EXTRACT_SOURCE_FRAUD_ADJUSTMENT_INCL","VFGE_IOT_SYNC_IMPORT_FLAT_DISCOUNT_PERIODS_EXTRACT_SOURCE","FRAUD_ADJUSTMENT_INCL","111.0","String"
"FLD00004635","VFGE_IOT_SYNC_IMPORT_FLAT_DISCOUNT_PERIODS_EXTRACT_SOURCE_OB_DISC_ON_TAP","VFGE_IOT_SYNC_IMPORT_FLAT_DISCOUNT_PERIODS_EXTRACT_SOURCE","OB_DISC_ON_TAP","112.0","String"
"FLD00004636","VFGE_IOT_SYNC_IMPORT_FLAT_DISCOUNT_PERIODS_EXTRACT_SOURCE_DISC_PERIOD_LENGTH","VFGE_IOT_SYNC_IMPORT_FLAT_DISCOUNT_PERIODS_EXTRACT_SOURCE","DISC_PERIOD_LENGTH","113.0","String"
"FLD00004637","VFGE_IOT_SYNC_IMPORT_FLAT_DISCOUNT_PERIODS_EXTRACT_SOURCE_PLAN_SETTLEMENT_START_DT","VFGE_IOT_SYNC_IMPORT_FLAT_DISCOUNT_PERIODS_EXTRACT_SOURCE","PLAN_SETTLEMENT_START_DT","114.0","String"
"FLD00004638","VFGE_IOT_SYNC_IMPORT_FLAT_DISCOUNT_PERIODS_EXTRACT_SOURCE_PLAN_SETTLEMENT_END_DT","VFGE_IOT_SYNC_IMPORT_FLAT_DISCOUNT_PERIODS_EXTRACT_SOURCE","PLAN_SETTLEMENT_END_DT","115.0","String"
"FLD00004639","VFGE_IOT_SYNC_IMPORT_FLAT_DISCOUNT_PERIODS_EXTRACT_SOURCE_SETTLEMENT_STATUS","VFGE_IOT_SYNC_IMPORT_FLAT_DISCOUNT_PERIODS_EXTRACT_SOURCE","SETTLEMENT_STATUS","116.0","String"
"FLD00004640","VFGE_IOT_SYNC_IMPORT_FLAT_DISCOUNT_PERIODS_EXTRACT_SOURCE_ACTUAL_SETTLEMENT_START_DT","VFGE_IOT_SYNC_IMPORT_FLAT_DISCOUNT_PERIODS_EXTRACT_SOURCE","ACTUAL_SETTLEMENT_START_DT","117.0","String"
"FLD00004641","VFGE_IOT_SYNC_IMPORT_FLAT_DISCOUNT_PERIODS_EXTRACT_SOURCE_ACTUAL_SETTLEMENT_END_DT","VFGE_IOT_SYNC_IMPORT_FLAT_DISCOUNT_PERIODS_EXTRACT_SOURCE","ACTUAL_SETTLEMENT_END_DT","118.0","String"
"FLD00004642","VFGE_IOT_SYNC_IMPORT_FLAT_DISCOUNT_PERIODS_EXTRACT_SOURCE_EXPT_DISC_PAYABLE","VFGE_IOT_SYNC_IMPORT_FLAT_DISCOUNT_PERIODS_EXTRACT_SOURCE","EXPT_DISC_PAYABLE","119.0","String"
"FLD00004643","VFGE_IOT_SYNC_IMPORT_FLAT_DISCOUNT_PERIODS_EXTRACT_SOURCE_EXPT_DISC_PAYABLE_CURR","VFGE_IOT_SYNC_IMPORT_FLAT_DISCOUNT_PERIODS_EXTRACT_SOURCE","EXPT_DISC_PAYABLE_CURR","120.0","String"
"FLD00004644","VFGE_IOT_SYNC_IMPORT_FLAT_DISCOUNT_PERIODS_EXTRACT_SOURCE_EXPT_DISC_RECEIVABLE","VFGE_IOT_SYNC_IMPORT_FLAT_DISCOUNT_PERIODS_EXTRACT_SOURCE","EXPT_DISC_RECEIVABLE","121.0","String"
"FLD00004645","VFGE_IOT_SYNC_IMPORT_FLAT_DISCOUNT_PERIODS_EXTRACT_SOURCE_EXPT_DISC_RECEIVABLE_CURR","VFGE_IOT_SYNC_IMPORT_FLAT_DISCOUNT_PERIODS_EXTRACT_SOURCE","EXPT_DISC_RECEIVABLE_CURR","122.0","String"
"FLD00004646","VFGE_IOT_SYNC_IMPORT_FLAT_DISCOUNT_PERIODS_EXTRACT_SOURCE_ACTUAL_DISC_PAYABLE","VFGE_IOT_SYNC_IMPORT_FLAT_DISCOUNT_PERIODS_EXTRACT_SOURCE","ACTUAL_DISC_PAYABLE","123.0","String"
"FLD00004647","VFGE_IOT_SYNC_IMPORT_FLAT_DISCOUNT_PERIODS_EXTRACT_SOURCE_ACTUAL_DISC_PAYABLE_CURR","VFGE_IOT_SYNC_IMPORT_FLAT_DISCOUNT_PERIODS_EXTRACT_SOURCE","ACTUAL_DISC_PAYABLE_CURR","124.0","String"
"FLD00004648","VFGE_IOT_SYNC_IMPORT_FLAT_DISCOUNT_PERIODS_EXTRACT_SOURCE_ACTUAL_DISC_RECEIVABLE","VFGE_IOT_SYNC_IMPORT_FLAT_DISCOUNT_PERIODS_EXTRACT_SOURCE","ACTUAL_DISC_RECEIVABLE","125.0","String"
"FLD00004649","VFGE_IOT_SYNC_IMPORT_FLAT_DISCOUNT_PERIODS_EXTRACT_SOURCE_ACTUAL_DISC_RECEIVABLE_CURR","VFGE_IOT_SYNC_IMPORT_FLAT_DISCOUNT_PERIODS_EXTRACT_SOURCE","ACTUAL_DISC_RECEIVABLE_CURR","126.0","String"
"FLD00004650","VFGE_IOT_SYNC_IMPORT_FLAT_DISCOUNT_PERIODS_EXTRACT_SOURCE_DAYS_REM_ON_DISC_PERIOD","VFGE_IOT_SYNC_IMPORT_FLAT_DISCOUNT_PERIODS_EXTRACT_SOURCE","DAYS_REM_ON_DISC_PERIOD","127.0","String"
"FLD00004651","VFGE_IOT_SYNC_IMPORT_FLAT_DISCOUNT_PERIODS_EXTRACT_SOURCE_LAST_UPDATED_DATE","VFGE_IOT_SYNC_IMPORT_FLAT_DISCOUNT_PERIODS_EXTRACT_SOURCE","LAST_UPDATED_DATE","128.0","String"
"FLD00004652","VFGE_IOT_SYNC_IMPORT_FLAT_DISCOUNT_PERIODS_LOAD_TARGET_PERIOD_INDEX","VFGE_IOT_SYNC_IMPORT_FLAT_DISCOUNT_PERIODS_LOAD_TARGET","PERIOD_INDEX","1.0","String"
"FLD00004653","VFGE_IOT_SYNC_IMPORT_FLAT_DISCOUNT_PERIODS_LOAD_TARGET_DEAL_INDEX","VFGE_IOT_SYNC_IMPORT_FLAT_DISCOUNT_PERIODS_LOAD_TARGET","DEAL_INDEX","2.0","String"
"FLD00004654","VFGE_IOT_SYNC_IMPORT_FLAT_DISCOUNT_PERIODS_LOAD_TARGET_DEAL_NAME","VFGE_IOT_SYNC_IMPORT_FLAT_DISCOUNT_PERIODS_LOAD_TARGET","DEAL_NAME","3.0","String"
"FLD00004655","VFGE_IOT_SYNC_IMPORT_FLAT_DISCOUNT_PERIODS_LOAD_TARGET_ACTIVE","VFGE_IOT_SYNC_IMPORT_FLAT_DISCOUNT_PERIODS_LOAD_TARGET","ACTIVE","4.0","String"
"FLD00004656","VFGE_IOT_SYNC_IMPORT_FLAT_DISCOUNT_PERIODS_LOAD_TARGET_PERIOD_FROM","VFGE_IOT_SYNC_IMPORT_FLAT_DISCOUNT_PERIODS_LOAD_TARGET","PERIOD_FROM","5.0","Date"
"FLD00004657","VFGE_IOT_SYNC_IMPORT_FLAT_DISCOUNT_PERIODS_LOAD_TARGET_PERIOD_TO","VFGE_IOT_SYNC_IMPORT_FLAT_DISCOUNT_PERIODS_LOAD_TARGET","PERIOD_TO","6.0","Date"
"FLD00004658","VFGE_IOT_SYNC_IMPORT_FLAT_DISCOUNT_PERIODS_LOAD_TARGET_LAST_UPDATED_DATE","VFGE_IOT_SYNC_IMPORT_FLAT_DISCOUNT_PERIODS_LOAD_TARGET","LAST_UPDATED_DATE","7.0","Date"
"FLD00004659","VFGE_IOT_SYNC_IMPORT_FLAT_DISCOUNT_PERIODS_LOAD_TARGET_ID","VFGE_IOT_SYNC_IMPORT_FLAT_DISCOUNT_PERIODS_LOAD_TARGET","ID","8.0","String"
"FLD00004660","VFGE_OT_SYNC_IMPORT_FLAT_VF_OPCO_EXTRACT_SOURCE_DEAL_INDEX","VFGE_OT_SYNC_IMPORT_FLAT_VF_OPCO_EXTRACT_SOURCE","DEAL_INDEX","1.0","String"
"FLD00004661","VFGE_OT_SYNC_IMPORT_FLAT_VF_OPCO_EXTRACT_SOURCE_PERIOD_INDEX","VFGE_OT_SYNC_IMPORT_FLAT_VF_OPCO_EXTRACT_SOURCE","PERIOD_INDEX","2.0","String"
"FLD00004662","VFGE_OT_SYNC_IMPORT_FLAT_VF_OPCO_EXTRACT_SOURCE_TADIG","VFGE_OT_SYNC_IMPORT_FLAT_VF_OPCO_EXTRACT_SOURCE","TADIG","3.0","String"
"FLD00004663","VFGE_OT_SYNC_IMPORT_FLAT_VF_OPCO_EXTRACT_SOURCE_TARGET","VFGE_OT_SYNC_IMPORT_FLAT_VF_OPCO_EXTRACT_SOURCE","TARGET","4.0","String"
"FLD00004664","VFGE_OT_SYNC_IMPORT_FLAT_VF_OPCO_EXTRACT_SOURCE_TARGET_START","VFGE_OT_SYNC_IMPORT_FLAT_VF_OPCO_EXTRACT_SOURCE","TARGET_START","5.0","String"
"FLD00004665","VFGE_OT_SYNC_IMPORT_FLAT_VF_OPCO_EXTRACT_SOURCE_TARGET_FINISH","VFGE_OT_SYNC_IMPORT_FLAT_VF_OPCO_EXTRACT_SOURCE","TARGET_FINISH","6.0","String"
"FLD00004666","VFGE_OT_SYNC_IMPORT_FLAT_VF_OPCO_EXTRACT_SOURCE_LAST_UPDATED_DATE","VFGE_OT_SYNC_IMPORT_FLAT_VF_OPCO_EXTRACT_SOURCE","LAST_UPDATED_DATE","7.0","String"
"FLD00004667","VFGE_OT_SYNC_IMPORT_FLAT_VF_OPCO_LOAD_TARGET_DEAL_INDEX","VFGE_OT_SYNC_IMPORT_FLAT_VF_OPCO_LOAD_TARGET","DEAL_INDEX","1.0","String"
"FLD00004668","VFGE_OT_SYNC_IMPORT_FLAT_VF_OPCO_LOAD_TARGET_PERIOD_INDEX","VFGE_OT_SYNC_IMPORT_FLAT_VF_OPCO_LOAD_TARGET","PERIOD_INDEX","2.0","String"
"FLD00004669","VFGE_OT_SYNC_IMPORT_FLAT_VF_OPCO_LOAD_TARGET_TADIG","VFGE_OT_SYNC_IMPORT_FLAT_VF_OPCO_LOAD_TARGET","TADIG","3.0","String"
"FLD00004670","VFGE_OT_SYNC_IMPORT_FLAT_VF_OPCO_LOAD_TARGET_LAST_UPDATED_DATE","VFGE_OT_SYNC_IMPORT_FLAT_VF_OPCO_LOAD_TARGET","LAST_UPDATED_DATE","4.0","Date"
"FLD00004671","VFGE_OT_SYNC_IMPORT_FLAT_VF_OPCO_LOAD_TARGET_IS_PARTICIPANT","VFGE_OT_SYNC_IMPORT_FLAT_VF_OPCO_LOAD_TARGET","IS_PARTICIPANT","5.0","Integer"
"FLD00004672","VFGE_OT_SYNC_IMPORT_FLAT_VF_OPCO_LOAD_TARGET_ID","VFGE_OT_SYNC_IMPORT_FLAT_VF_OPCO_LOAD_TARGET","ID","6.0","String"
"FLD00004673","VFGE_IOT_SYNC_IMPORT_FLAT_3RD_PARTY_EXTRACT_SOURCE_DEAL_INDEX","VFGE_IOT_SYNC_IMPORT_FLAT_3RD_PARTY_EXTRACT_SOURCE","DEAL_INDEX","1.0","String"
"FLD00004674","VFGE_IOT_SYNC_IMPORT_FLAT_3RD_PARTY_EXTRACT_SOURCE_PERIOD_INDEX","VFGE_IOT_SYNC_IMPORT_FLAT_3RD_PARTY_EXTRACT_SOURCE","PERIOD_INDEX","2.0","String"
"FLD00004675","VFGE_IOT_SYNC_IMPORT_FLAT_3RD_PARTY_EXTRACT_SOURCE_TADIG","VFGE_IOT_SYNC_IMPORT_FLAT_3RD_PARTY_EXTRACT_SOURCE","TADIG","3.0","String"
"FLD00004676","VFGE_IOT_SYNC_IMPORT_FLAT_3RD_PARTY_EXTRACT_SOURCE_TARGET","VFGE_IOT_SYNC_IMPORT_FLAT_3RD_PARTY_EXTRACT_SOURCE","TARGET","4.0","String"
"FLD00004677","VFGE_IOT_SYNC_IMPORT_FLAT_3RD_PARTY_EXTRACT_SOURCE_TARGET_START","VFGE_IOT_SYNC_IMPORT_FLAT_3RD_PARTY_EXTRACT_SOURCE","TARGET_START","5.0","String"
"FLD00004678","VFGE_IOT_SYNC_IMPORT_FLAT_3RD_PARTY_EXTRACT_SOURCE_TARGET_FINISH","VFGE_IOT_SYNC_IMPORT_FLAT_3RD_PARTY_EXTRACT_SOURCE","TARGET_FINISH","6.0","String"
"FLD00004679","VFGE_IOT_SYNC_IMPORT_FLAT_3RD_PARTY_EXTRACT_SOURCE_TARGET_LAST_UPDATED_DATE","VFGE_IOT_SYNC_IMPORT_FLAT_3RD_PARTY_EXTRACT_SOURCE","LAST_UPDATED_DATE","7.0","String"
"FLD00004680","VFGE_IOT_SYNC_IMPORT_FLAT_3RD_PARTY_LOAD_TARGET_DEAL_INDEX","VFGE_IOT_SYNC_IMPORT_FLAT_3RD_PARTY_LOAD_TARGET","DEAL_INDEX","1.0","String"
"FLD00004681","VFGE_IOT_SYNC_IMPORT_FLAT_3RD_PARTY_LOAD_TARGET_PERIOD_INDEX","VFGE_IOT_SYNC_IMPORT_FLAT_3RD_PARTY_LOAD_TARGET","PERIOD_INDEX","2.0","String"
"FLD00004682","VFGE_IOT_SYNC_IMPORT_FLAT_3RD_PARTY_LOAD_TARGET_TADIG","VFGE_IOT_SYNC_IMPORT_FLAT_3RD_PARTY_LOAD_TARGET","TADIG","3.0","String"
"FLD00004683","VFGE_IOT_SYNC_IMPORT_FLAT_3RD_PARTY_LOAD_TARGET_LAST_UPDATED_DATE","VFGE_IOT_SYNC_IMPORT_FLAT_3RD_PARTY_LOAD_TARGET","LAST_UPDATED_DATE","4.0","Date"
"FLD00004684","VFGE_IOT_SYNC_IMPORT_FLAT_3RD_PARTY_LOAD_TARGET_IS_PARTICIPANT","VFGE_IOT_SYNC_IMPORT_FLAT_3RD_PARTY_LOAD_TARGET","IS_PARTICIPANT","5.0","Integer"
"FLD00004685","VFGE_IOT_SYNC_IMPORT_FLAT_3RD_PARTY_LOAD_TARGET_ID","VFGE_IOT_SYNC_IMPORT_FLAT_3RD_PARTY_LOAD_TARGET","ID","6.0","Integer"
"FLD00004686","VFGE_IOT_SYNC_HISTORY_UPLOADING_DATA_LOAD_SOURCE_ID","VFGE_IOT_SYNC_HISTORY_UPLOADING_DATA_LOAD_SOURCE","Id","1.0","String"
"FLD00004687","VFGE_IOT_SYNC_HISTORY_UPLOADING_DATA_LOAD_SOURCE_ERROR_MESSAGE","VFGE_IOT_SYNC_HISTORY_UPLOADING_DATA_LOAD_SOURCE","Error Message","2.0","String"
"FLD00004688","VFGE_IOT_SYNC_HISTORY_UPLOADING_DATA_LOAD_SOURCE_DATA_UPLOADED_TO_SFDC","VFGE_IOT_SYNC_HISTORY_UPLOADING_DATA_LOAD_SOURCE","Data Uploaded to SFDC","3.0","String"
"FLD00004689","VFGE_IOT_SYNC_HISTORY_UPLOADING_DATA_LOAD_SOURCE_END_UPLOAD_DATA_DATE","VFGE_IOT_SYNC_HISTORY_UPLOADING_DATA_LOAD_SOURCE","End Upload Data Date","5.0","String"
"FLD00004690","VFGE_IOT_SYNC_HISTORY_UPLOADING_DATA_LOAD_TARGET_ID","VFGE_IOT_SYNC_HISTORY_UPLOADING_DATA_LOAD_TARGET","Id","1.0","String"
"FLD00004691","VFGE_IOT_SYNC_HISTORY_UPLOADING_DATA_LOAD_TARGET_STATUS__C","VFGE_IOT_SYNC_HISTORY_UPLOADING_DATA_LOAD_TARGET","Status__c","2.0","String"
"FLD00004692","VFGE_IOT_SYNC_HISTORY_UPLOADING_DATA_LOAD_TARGET_ERROR_MESSAGE__C","VFGE_IOT_SYNC_HISTORY_UPLOADING_DATA_LOAD_TARGET","Error_Message__c","3.0","String"
"FLD00004693","VFGE_IOT_SYNC_HISTORY_UPLOADING_DATA_LOAD_SOURCE_CSV_FILES_IMPORTED__C","VFGE_IOT_SYNC_HISTORY_UPLOADING_DATA_LOAD_TARGET","CSV_Files_Imported__c","4.0","Boolean"
"FLD00004694","VFGE_IOT_SYNC_HISTORY_UPLOADING_DATA_LOAD_SOURCE_IMPORTED_CSVS_DATE__C","VFGE_IOT_SYNC_HISTORY_UPLOADING_DATA_LOAD_TARGET","Imported_CSVs_Date__c","5.0","Date"
"FLD00004695","VFGE_IOT_SYNC_HISTORY_UPLOADING_DATA_LOAD_TARGET_END_PROCESS_DATE__C","VFGE_IOT_SYNC_HISTORY_UPLOADING_DATA_LOAD_TARGET","End_Process_Date__c","6.0","Date"
"FLD00004696","VFGE_IOT_SYNC_3RD_PARTY_DELETE_EXTRACT_SOURCE_ID","VFGE_IOT_SYNC_3RD_PARTY_DELETE_EXTRACT_SOURCE","Id","1.0","String"
"FLD00004697","VFGE_IOT_SYNC_3RD_PARTY_DELETE_LOAD_TARGET_ID","VFGE_IOT_SYNC_3RD_PARTY_DELETE_LOAD_TARGET","Id","1.0","String"
"FLD00004698","VFGE_IOT_SYNC_VF_OPCO_DELETE_EXTRACT_SOURCE_ID","VFGE_IOT_SYNC_VF_OPCO_DELETE_EXTRACT_SOURCE","Id","1.0","String"
"FLD00004699","VFGE_IOT_SYNC_VF_OPCO_DELETE_LOAD_TARGET_ID","VFGE_IOT_SYNC_VF_OPCO_DELETE_LOAD_TARGET","Id","1.0","String"
"FLD00004700","VFGE_IOT_SYNC_PERIOD_DELETE_EXTRACT_SOURCE_ID","VFGE_IOT_SYNC_PERIOD_DELETE_EXTRACT_SOURCE","Id","1.0","String"
"FLD00004701","VFGE_IOT_SYNC_PERIOD_DELETE_LOAD_TARGET_ID","VFGE_IOT_SYNC_PERIOD_DELETE_LOAD_TARGET","Id","1.0","String"
"FLD00004702","VFGE_IOT_SYNC_DEAL_DELETE_EXTRACT_SOURCE_ID","VFGE_IOT_SYNC_DEAL_DELETE_EXTRACT_SOURCE","Id","1.0","String"
"FLD00004703","VFGE_IOT_SYNC_DEAL_DELETE_LOAD_TARGET_ID","VFGE_IOT_SYNC_DEAL_DELETE_LOAD_TARGET","Id","1.0","String"
"FLD00004704","VFGE_GLL_REPORT_EXTRACT_SOURCE_ACTIVE_CONTRACT_AGREEMENT_TO_DELIVER__C","VFGE_GLL_REPORT_EXTRACT_SOURCE","Active_Contract_Agreement_to_Deliver__c","1.0","String"
"FLD00004705","VFGE_GLL_REPORT_EXTRACT_SOURCE_DCH__R_TADIG_CODE__C","VFGE_GLL_REPORT_EXTRACT_SOURCE","DCH__r.TADIG_Code__c","2.0","String"
"FLD00004706","VFGE_GLL_REPORT_EXTRACT_SOURCE_EFFECTIVE_CONTRACT_TYPE__C","VFGE_GLL_REPORT_EXTRACT_SOURCE","Effective_Contract_Type__c","3.0","String"
"FLD00004707","VFGE_GLL_REPORT_EXTRACT_SOURCE_FCH_INVOICE_CREATION__R_TADIG_CODE__C","VFGE_GLL_REPORT_EXTRACT_SOURCE","FCH_Invoice_Creation__r.TADIG_Code__c","4.0","String"
"FLD00004708","VFGE_GLL_REPORT_EXTRACT_SOURCE_FCH_RECONCILIATION__R_TADIG_CODE__C","VFGE_GLL_REPORT_EXTRACT_SOURCE","FCH_Reconciliation__r.TADIG_Code__c","5.0","String"
"FLD00004709","VFGE_GLL_REPORT_EXTRACT_SOURCE_FCH_SETTLEMENT__R_TADIG_CODE__C","VFGE_GLL_REPORT_EXTRACT_SOURCE","FCH_Settlement__r.TADIG_Code__c","6.0","String"
"FLD00004710","VFGE_GLL_REPORT_EXTRACT_SOURCE_HSF_TRIGGER__C","VFGE_GLL_REPORT_EXTRACT_SOURCE","HSF_Trigger__c","7.0","String"
"FLD00004711","VFGE_GLL_REPORT_EXTRACT_SOURCE_NAME","VFGE_GLL_REPORT_EXTRACT_SOURCE","Name","8.0","String"
"FLD00004712","VFGE_GLL_REPORT_EXTRACT_SOURCE_PAY_CURRENCY__C","VFGE_GLL_REPORT_EXTRACT_SOURCE","Pay_Currency__c","9.0","String"
"FLD00004713","VFGE_GLL_REPORT_EXTRACT_SOURCE_RECEIVE_CURRENCY__C","VFGE_GLL_REPORT_EXTRACT_SOURCE","Receive_Currency__c","10.0","String"
"FLD00004714","VFGE_GLL_REPORT_EXTRACT_SOURCE_TADIG_CODE__C","VFGE_GLL_REPORT_EXTRACT_SOURCE","TADIG_Code__c","11.0","String"
"FLD00004715","VFGE_GLL_REPORT_EXTRACT_SOURCE_VRS_START_DATE__C","VFGE_GLL_REPORT_EXTRACT_SOURCE","VRS_Start_Date__c","12.0","Date"
"FLD00004716","VFGA_GLL_REPORT_LOAD_TARGET_VRSSTARTDATE","VFGA_GLL_REPORT_LOAD_TARGET","VRSSTARTDATE","1.0","String"
"FLD00004717","VFGA_GLL_REPORT_LOAD_TARGET_TADIG","VFGA_GLL_REPORT_LOAD_TARGET","TADIG","2.0","String"
"FLD00004718","VFGA_GLL_REPORT_LOAD_TARGET_OPERATORNAME","VFGA_GLL_REPORT_LOAD_TARGET","OPERATORNAME","3.0","String"
"FLD00004719","VFGA_GLL_REPORT_LOAD_TARGET_VRSPAYCURRENCY","VFGA_GLL_REPORT_LOAD_TARGET","VRSPAYCURRENCY","4.0","String"
"FLD00004720","VFGA_GLL_REPORT_LOAD_TARGET_VRSRECEIVECURRENCY","VFGA_GLL_REPORT_LOAD_TARGET","VRSRECEIVECURRENCY","5.0","String"
"FLD00004721","VFGA_GLL_REPORT_LOAD_TARGET_CONTRACTTYPE","VFGA_GLL_REPORT_LOAD_TARGET","CONTRACTTYPE","6.0","String"
"FLD00004722","VFGA_GLL_REPORT_LOAD_TARGET_DCH","VFGA_GLL_REPORT_LOAD_TARGET","DCH","7.0","String"
"FLD00004723","VFGA_GLL_REPORT_LOAD_TARGET_FCHINVOICING","VFGA_GLL_REPORT_LOAD_TARGET","FCHINVOICING","8.0","String"
"FLD00004724","VFGA_GLL_REPORT_LOAD_TARGET_FCHCLEARING","VFGA_GLL_REPORT_LOAD_TARGET","FCHCLEARING","9.0","String"
"FLD00004725","VFGA_GLL_REPORT_LOAD_TARGET_FCHSETTLEMENT","VFGA_GLL_REPORT_LOAD_TARGET","FCHSETTLEMENT","10.0","String"
"FLD00004726","VFGA_GLL_REPORT_LOAD_TARGET_RTDR","VFGA_GLL_REPORT_LOAD_TARGET","RTDR","11.0","String"
"FLD00004727","VFGA_GLL_REPORT_LOAD_TARGET_HSFTRIGGER","VFGA_GLL_REPORT_LOAD_TARGET","HSFTRIGGER","12.0","String"
"FLD00004728","VFGE_IOT_SYNC_DEAL_INSERT_EXTRACT_SOURCE_NAME","VFGE_IOT_SYNC_DEAL_INSERT_EXTRACT_SOURCE","NAME","1.0","String"
"FLD00004729","VFGE_IOT_SYNC_DEAL_INSERT_EXTRACT_SOURCE_EFFECTIVE_DATE__C","VFGE_IOT_SYNC_DEAL_INSERT_EXTRACT_SOURCE","EFFECTIVE_DATE__C","2.0","String"
"FLD00004730","VFGE_IOT_SYNC_DEAL_INSERT_EXTRACT_SOURCE_CONTRACT_CATEGORY__C","VFGE_IOT_SYNC_DEAL_INSERT_EXTRACT_SOURCE","CONTRACT_CATEGORY__C","3.0","String"
"FLD00004731","VFGE_IOT_SYNC_DEAL_INSERT_EXTRACT_SOURCE_CONTRACT_NAME__C","VFGE_IOT_SYNC_DEAL_INSERT_EXTRACT_SOURCE","CONTRACT_NAME__C","4.0","String"
"FLD00004732","VFGE_IOT_SYNC_DEAL_INSERT_EXTRACT_SOURCE_DEAL_STATUS__C","VFGE_IOT_SYNC_DEAL_INSERT_EXTRACT_SOURCE","DEAL_STATUS__C","5.0","String"
"FLD00004733","VFGE_IOT_SYNC_DEAL_INSERT_EXTRACT_SOURCE_CONTRACT_TYPE__C","VFGE_IOT_SYNC_DEAL_INSERT_EXTRACT_SOURCE","CONTRACT_TYPE__C","6.0","String"
"FLD00004734","VFGE_IOT_SYNC_DEAL_INSERT_EXTRACT_SOURCE_CURRENT_MILESTONE__C","VFGE_IOT_SYNC_DEAL_INSERT_EXTRACT_SOURCE","CURRENT_MILESTONE__C","7.0","String"
"FLD00004735","VFGE_IOT_SYNC_DEAL_INSERT_EXTRACT_SOURCE_END_DATE__C","VFGE_IOT_SYNC_DEAL_INSERT_EXTRACT_SOURCE","END_DATE__C","8.0","Date"
"FLD00004736","VFGE_IOT_SYNC_DEAL_INSERT_EXTRACT_SOURCE_INITIAL_CONTACT_COMMENTS__C","VFGE_IOT_SYNC_DEAL_INSERT_EXTRACT_SOURCE","INITIAL_CONTACT_COMMENTS__C","9.0","String"
"FLD00004737","VFGE_IOT_SYNC_DEAL_INSERT_EXTRACT_SOURCE_LAST_UPDATED_DATE","VFGE_IOT_SYNC_DEAL_INSERT_EXTRACT_SOURCE","LAST_UPDATED_DATE","10.0","Date"
"FLD00004738","VFGE_IOT_SYNC_DEAL_INSERT_EXTRACT_SOURCE_SND_PART_PARTICIPANT","VFGE_IOT_SYNC_DEAL_INSERT_EXTRACT_SOURCE","SND_PART_PARTICIPANT","11.0","String"
"FLD00004739","VFGE_IOT_SYNC_DEAL_INSERT_EXTRACT_SOURCE_PARENT_FA_SRC__C","VFGE_IOT_SYNC_DEAL_INSERT_EXTRACT_SOURCE","PARENT_FA_SRC__C","12.0","String"
"FLD00004740","VFGE_IOT_SYNC_DEAL_INSERT_EXTRACT_SOURCE_CONTRACT_TYPE_SRC__C","VFGE_IOT_SYNC_DEAL_INSERT_EXTRACT_SOURCE","CONTRACT_TYPE_SRC__C","13.0","String"
"FLD00004741","VFGE_IOT_SYNC_DEAL_INSERT_EXTRACT_SOURCE_NEGOTIATION_TEAM__C","VFGE_IOT_SYNC_DEAL_INSERT_EXTRACT_SOURCE","NEGOTIATION_TEAM__C","14.0","String"
"FLD00004742","VFGE_IOT_SYNC_DEAL_INSERT_EXTRACT_SOURCE_CONTRACT_MANAGER__C","VFGE_IOT_SYNC_DEAL_INSERT_EXTRACT_SOURCE","CONTRACT_MANAGER__C","15.0","String"
"FLD00004743","VFGE_IOT_SYNC_DEAL_INSERT_EXTRACT_SOURCE_CAS_COMMENTS__C","VFGE_IOT_SYNC_DEAL_INSERT_EXTRACT_SOURCE","CAS_COMMENTS__C","16.0","String"
"FLD00004744","VFGE_IOT_SYNC_DEAL_INSERT_EXTRACT_SOURCE_LEGAL_SRC__C","VFGE_IOT_SYNC_DEAL_INSERT_EXTRACT_SOURCE","LEGAL_SRC__C","17.0","String"
"FLD00004745","VFGE_IOT_SYNC_DEAL_INSERT_EXTRACT_SOURCE_FINANCE_SRC__C","VFGE_IOT_SYNC_DEAL_INSERT_EXTRACT_SOURCE","FINANCE_SRC__C","18.0","String"
"FLD00004746","VFGE_IOT_SYNC_DEAL_INSERT_EXTRACT_SOURCE_TAX_SRC__C","VFGE_IOT_SYNC_DEAL_INSERT_EXTRACT_SOURCE","TAX_SRC__C","19.0","String"
"FLD00004747","VFGE_IOT_SYNC_DEAL_INSERT_EXTRACT_SOURCE_CAS_DATE__C","VFGE_IOT_SYNC_DEAL_INSERT_EXTRACT_SOURCE","CAS_DATE__C","20.0","Date"
"FLD00004748","VFGE_IOT_SYNC_DEAL_INSERT_EXTRACT_SOURCE_PLANNED_NEGOT_START_DATE__C","VFGE_IOT_SYNC_DEAL_INSERT_EXTRACT_SOURCE","PLANNED_NEGOT_START_DATE__C","21.0","Date"
"FLD00004749","VFGE_IOT_SYNC_DEAL_INSERT_EXTRACT_SOURCE_PLANNED_NEGOT_END_DATE__C","VFGE_IOT_SYNC_DEAL_INSERT_EXTRACT_SOURCE","PLANNED_NEGOT_END_DATE__C","22.0","Date"
"FLD00004750","VFGE_IOT_SYNC_DEAL_INSERT_EXTRACT_SOURCE_ACTUAL_NEGOT_START_DATE__C","VFGE_IOT_SYNC_DEAL_INSERT_EXTRACT_SOURCE","ACTUAL_NEGOT_START_DATE__C","23.0","Date"
"FLD00004751","VFGE_IOT_SYNC_DEAL_INSERT_EXTRACT_SOURCE_ACTUAL_NEGOT_END_DATE__C","VFGE_IOT_SYNC_DEAL_INSERT_EXTRACT_SOURCE","ACTUAL_NEGOT_END_DATE__C","24.0","Date"
"FLD00004752","VFGE_IOT_SYNC_DEAL_INSERT_EXTRACT_SOURCE_CONTACT_PERSON_SRC","VFGE_IOT_SYNC_DEAL_INSERT_EXTRACT_SOURCE","CONTACT_PERSON_SRC","25.0","String"
"FLD00004753","VFGE_IOT_SYNC_DEAL_INSERT_EXTRACT_SOURCE_TELEFONE_NUMBER_SRC","VFGE_IOT_SYNC_DEAL_INSERT_EXTRACT_SOURCE","TELEFONE_NUMBER_SRC","26.0","String"
"FLD00004754","VFGE_IOT_SYNC_DEAL_INSERT_EXTRACT_SOURCE_EMAIL_ADDRESS_SRC","VFGE_IOT_SYNC_DEAL_INSERT_EXTRACT_SOURCE","EMAIL_ADDRESS_SRC","27.0","String"
"FLD00004755","VFGE_IOT_SYNC_DEAL_INSERT_EXTRACT_SOURCE_FRAUD_SRC__C","VFGE_IOT_SYNC_DEAL_INSERT_EXTRACT_SOURCE","FRAUD_SRC__C","28.0","String"
"FLD00004756","VFGE_IOT_SYNC_DEAL_INSERT_EXTRACT_SOURCE_AUTO_RENEW","VFGE_IOT_SYNC_DEAL_INSERT_EXTRACT_SOURCE","AUTO_RENEW","29.0","String"
"FLD00004757","VFGE_IOT_SYNC_DEAL_INSERT_EXTRACT_SOURCE_VALIDATION_STATUS","VFGE_IOT_SYNC_DEAL_INSERT_EXTRACT_SOURCE","VALIDATION_STATUS","30.0","String"
"FLD00004758","VFGE_IOT_SYNC_DEAL_INSERT_LOAD_TARGET_ACTUAL_NEGOTIATION_END_DATE__C","VFGE_IOT_SYNC_DEAL_INSERT_LOAD_TARGET","Actual_Negotiation_End_Date__c","1.0","Date"
"FLD00004759","VFGE_IOT_SYNC_DEAL_INSERT_LOAD_TARGET_ACTUAL_NEGOTIATION_START_DATE__C","VFGE_IOT_SYNC_DEAL_INSERT_LOAD_TARGET","Actual_Negotiation_Start_Date__c","2.0","Date"
"FLD00004760","VFGE_IOT_SYNC_DEAL_INSERT_LOAD_TARGET_CAS_COMMENTS__C","VFGE_IOT_SYNC_DEAL_INSERT_LOAD_TARGET","CAS_Comments__c","3.0","String"
"FLD00004761","VFGE_IOT_SYNC_DEAL_INSERT_LOAD_TARGET_CAS_DATE__C","VFGE_IOT_SYNC_DEAL_INSERT_LOAD_TARGET","CAS_Date__c","4.0","Date"
"FLD00004762","VFGE_IOT_SYNC_DEAL_INSERT_LOAD_TARGET_CONTACT_PERSON_SRC__C","VFGE_IOT_SYNC_DEAL_INSERT_LOAD_TARGET","Contact_Person_Src__c","5.0","String"
"FLD00004763","VFGE_IOT_SYNC_DEAL_INSERT_LOAD_TARGET_CONTRACT_CATEGORY__C","VFGE_IOT_SYNC_DEAL_INSERT_LOAD_TARGET","Contract_Category__c","6.0","String"
"FLD00004764","VFGE_IOT_SYNC_DEAL_INSERT_LOAD_TARGET_CONTRACT_MANAGER_SRC__C","VFGE_IOT_SYNC_DEAL_INSERT_LOAD_TARGET","Contract_Manager_Src__c","7.0","String"
"FLD00004765","VFGE_IOT_SYNC_DEAL_INSERT_LOAD_TARGET_CONTRACT_NAME__C","VFGE_IOT_SYNC_DEAL_INSERT_LOAD_TARGET","Contract_Name__c","8.0","String"
"FLD00004766","VFGE_IOT_SYNC_DEAL_INSERT_LOAD_TARGET_CONTRACT_TYPE_SRC__C","VFGE_IOT_SYNC_DEAL_INSERT_LOAD_TARGET","Contract_Type_Src__c","9.0","String"
"FLD00004767","VFGE_IOT_SYNC_DEAL_INSERT_LOAD_TARGET_CONTRACT_TYPE__C","VFGE_IOT_SYNC_DEAL_INSERT_LOAD_TARGET","Contract_Type__c","10.0","String"
"FLD00004768","VFGE_IOT_SYNC_DEAL_INSERT_LOAD_TARGET_CURRENT_MILESTONE__C","VFGE_IOT_SYNC_DEAL_INSERT_LOAD_TARGET","Current_Milestone__c","11.0","String"
"FLD00004769","VFGE_IOT_SYNC_DEAL_INSERT_LOAD_TARGET_DEAL_STATUS__C","VFGE_IOT_SYNC_DEAL_INSERT_LOAD_TARGET","Deal_Status__c","12.0","String"
"FLD00004770","VFGE_IOT_SYNC_DEAL_INSERT_LOAD_TARGET_EFFECTIVE_DATE__C","VFGE_IOT_SYNC_DEAL_INSERT_LOAD_TARGET","Effective_Date__c","13.0","Date"
"FLD00004771","VFGE_IOT_SYNC_DEAL_INSERT_LOAD_TARGET_EMAIL_ADDRESS_SRC__C","VFGE_IOT_SYNC_DEAL_INSERT_LOAD_TARGET","Email_Address_Src__c","14.0","String"
"FLD00004772","VFGE_IOT_SYNC_DEAL_INSERT_LOAD_TARGET_END_DATE__C","VFGE_IOT_SYNC_DEAL_INSERT_LOAD_TARGET","End_Date__c","15.0","Date"
"FLD00004773","VFGE_IOT_SYNC_DEAL_INSERT_LOAD_TARGET_FINANCE_SRC__C","VFGE_IOT_SYNC_DEAL_INSERT_LOAD_TARGET","Finance_Src__c","16.0","String"
"FLD00004774","VFGE_IOT_SYNC_DEAL_INSERT_LOAD_TARGET_FRAUD_SRC__C","VFGE_IOT_SYNC_DEAL_INSERT_LOAD_TARGET","Fraud_Src__c","17.0","String"
"FLD00004775","VFGE_IOT_SYNC_DEAL_INSERT_LOAD_TARGET_IOTP_VALIDATION_STATUS__C","VFGE_IOT_SYNC_DEAL_INSERT_LOAD_TARGET","IOTP_Validation_Status__c","18.0","String"
"FLD00004776","VFGE_IOT_SYNC_DEAL_INSERT_LOAD_TARGET_INITIAL_CONTACT_COMMENTS__C","VFGE_IOT_SYNC_DEAL_INSERT_LOAD_TARGET","Initial_Contact_Comments__c","19.0","String"
"FLD00004777","VFGE_IOT_SYNC_DEAL_INSERT_LOAD_TARGET_LAST_UPDATE_DATE__C","VFGE_IOT_SYNC_DEAL_INSERT_LOAD_TARGET","Last_Update_Date__c","20.0","Date"
"FLD00004778","VFGE_IOT_SYNC_DEAL_INSERT_LOAD_TARGET_LEGAL_SRC__C","VFGE_IOT_SYNC_DEAL_INSERT_LOAD_TARGET","Legal_Src__c","21.0","String"
"FLD00004779","VFGE_IOT_SYNC_DEAL_INSERT_LOAD_TARGET_NEGOTIATION_TEAM_SRC__C","VFGE_IOT_SYNC_DEAL_INSERT_LOAD_TARGET","Negotiation_Team_Src__c","22.0","String"
"FLD00004780","VFGE_IOT_SYNC_DEAL_INSERT_LOAD_TARGET_PARENT_FA_SRC__C","VFGE_IOT_SYNC_DEAL_INSERT_LOAD_TARGET","Parent_FA_Src__c","23.0","String"
"FLD00004781","VFGE_IOT_SYNC_DEAL_INSERT_LOAD_TARGET_PLANNED_NEGOTIATION_START_DATE__C","VFGE_IOT_SYNC_DEAL_INSERT_LOAD_TARGET","Planned_Negotiation_Start_Date__c","25.0","Date"
"FLD00004782","VFGE_IOT_SYNC_DEAL_INSERT_LOAD_TARGET_PLANNED_NEGOTIATION_END_DATE__C","VFGE_IOT_SYNC_DEAL_INSERT_LOAD_TARGET","Planned_Negotiation_End_Date__c","24.0","Date"
"FLD00004783","VFGE_IOT_SYNC_DEAL_INSERT_LOAD_TARGET_SECOND_CONTRACT_PARTY_TADIG__C","VFGE_IOT_SYNC_DEAL_INSERT_LOAD_TARGET","Second_Contract_Party_TADIG__c","26.0","String"
"FLD00004784","VFGE_IOT_SYNC_DEAL_INSERT_LOAD_TARGET_TAX_SRC__C","VFGE_IOT_SYNC_DEAL_INSERT_LOAD_TARGET","Tax_Src__c","27.0","String"
"FLD00004785","VFGE_IOT_SYNC_DEAL_INSERT_LOAD_TELEFONE_NUMBER_SRC__C","VFGE_IOT_SYNC_DEAL_INSERT_LOAD_TARGET","Telefone_Number_Src__c","28.0","String"
"FLD00004786","VFGE_IOT_SYNC_DEAL_INSERT_LOAD_ISAUTORENEW__C","VFGE_IOT_SYNC_DEAL_INSERT_LOAD_TARGET","isAutoRenew__c","29.0","Boolean"
"FLD00004787","VFGE_IOT_SYNC_DEAL_INSERT_LOAD_IOTP_VALIDATION_STATUS__C","VFGE_IOT_SYNC_DEAL_INSERT_LOAD_TARGET","IOTP_Validation_Status__c","30.0","String"
"FLD00004788","VFGE_IOT_SYNC_PERIOD_INSERT_EXTRACT_SOURCE_PERIOD_INDEX","VFGE_IOT_SYNC_PERIOD_INSERT_EXTRACT_SOURCE","PERIOD_INDEX","1.0","String"
"FLD00004789","VFGE_IOT_SYNC_PERIOD_INSERT_EXTRACT_SOURCE_DEAL_INDEX","VFGE_IOT_SYNC_PERIOD_INSERT_EXTRACT_SOURCE","DEAL_INDEX","2.0","String"
"FLD00004790","VFGE_IOT_SYNC_PERIOD_INSERT_EXTRACT_SOURCE_PERIOD_FROM","VFGE_IOT_SYNC_PERIOD_INSERT_EXTRACT_SOURCE","PERIOD_FROM","3.0","Date"
"FLD00004791","VFGE_IOT_SYNC_PERIOD_INSERT_EXTRACT_SOURCE_PERIOD_TO","VFGE_IOT_SYNC_PERIOD_INSERT_EXTRACT_SOURCE","PERIOD_TO","4.0","Date"
"FLD00004792","VFGE_IOT_SYNC_PERIOD_INSERT_EXTRACT_SOURCE_LAST_UPDATED_DATE","VFGE_IOT_SYNC_PERIOD_INSERT_EXTRACT_SOURCE","LAST_UPDATED_DATE","5.0","Date"
"FLD00004793","VFGE_IOT_SYNC_PERIOD_INSERT_LOAD_TARGET_NAME","VFGE_IOT_SYNC_PERIOD_INSERT_LOAD_TARGET","Name","1.0","String"
"FLD00004794","VFGE_IOT_SYNC_PERIOD_INSERT_LOAD_TARGET_DEAL_NUMBER_SRC__C","VFGE_IOT_SYNC_PERIOD_INSERT_LOAD_TARGET","Deal_Number_Src__c","2.0","String"
"FLD00004795","VFGE_IOT_SYNC_PERIOD_INSERT_LOAD_TARGET_EFFECTIVE_DATE__C","VFGE_IOT_SYNC_PERIOD_INSERT_LOAD_TARGET","Effective_Date__c","3.0","Date"
"FLD00004796","VFGE_IOT_SYNC_PERIOD_INSERT_LOAD_TARGET_END_DATE__C","VFGE_IOT_SYNC_PERIOD_INSERT_LOAD_TARGET","End_Date__c","4.0","Date"
"FLD00004797","VFGE_IOT_SYNC_PERIOD_INSERT_LOAD_TARGET_IOT_LAST_UPDATE_DATE__C","VFGE_IOT_SYNC_PERIOD_INSERT_LOAD_TARGET","IOT_last_update_date__c","5.0","Date"
"FLD00004798","VFGE_IOT_SYNC_1ST_PARTICIPANT_INSERT_EXTRACT_SOURCE_DEAL_INDEX","VFGE_IOT_SYNC_1ST_PARTICIPANT_INSERT_EXTRACT_SOURCE","DEAL_INDEX","1.0","String"
"FLD00004799","VFGE_IOT_SYNC_1ST_PARTICIPANT_INSERT_EXTRACT_SOURCE_PERIOD_INDEX","VFGE_IOT_SYNC_1ST_PARTICIPANT_INSERT_EXTRACT_SOURCE","PERIOD_INDEX","2.0","String"
"FLD00004800","VFGE_IOT_SYNC_1ST_PARTICIPANT_INSERT_EXTRACT_SOURCE_TADIG","VFGE_IOT_SYNC_1ST_PARTICIPANT_INSERT_EXTRACT_SOURCE","TADIG","2.0","String"
"FLD00004801","VFGE_IOT_SYNC_1ST_PARTICIPANT_INSERT_EXTRACT_SOURCE_TARGET","VFGE_IOT_SYNC_1ST_PARTICIPANT_INSERT_EXTRACT_SOURCE","TARGET","3.0","String"
"FLD00004802","VFGE_IOT_SYNC_1ST_PARTICIPANT_INSERT_EXTRACT_SOURCE_TARGET_START","VFGE_IOT_SYNC_1ST_PARTICIPANT_INSERT_EXTRACT_SOURCE","TARGET_START","4.0","Date"
"FLD00004803","VFGE_IOT_SYNC_1ST_PARTICIPANT_INSERT_EXTRACT_SOURCE_TARGET_FINISH","VFGE_IOT_SYNC_1ST_PARTICIPANT_INSERT_EXTRACT_SOURCE","TARGET_FINISH","5.0","Date"
"FLD00004804","VFGE_IOT_SYNC_1ST_PARTICIPANT_INSERT_EXTRACT_SOURCE_LAST_UPDATED_DATE","VFGE_IOT_SYNC_1ST_PARTICIPANT_INSERT_EXTRACT_SOURCE","LAST_UPDATED_DATE","6.0","Date"
"FLD00004805","VFGE_IOT_SYNC_1ST_PARTICIPANT_INSERT_EXTRACT_SOURCE_IS_PARTICIPANT","VFGE_IOT_SYNC_1ST_PARTICIPANT_INSERT_EXTRACT_SOURCE","IS_PARTICIPANT","7.0","Integer"
"FLD00004806","VFGE_IOT_SYNC_1ST_PARTICIPANT_INSERT_EXTRACT_SOURCE_IS_SIGNER","VFGE_IOT_SYNC_1ST_PARTICIPANT_INSERT_EXTRACT_SOURCE","IS_SIGNER","8.0","Integer"
"FLD00004807","VFGE_IOT_SYNC_1ST_PARTICIPANT_INSERT_LOAD_TARGET_DEAL_NUMBER_SRC__C","VFGE_IOT_SYNC_1ST_PARTICIPANT_INSERT_LOAD_TARGET","Deal_Number_Src__c","1.0","String"
"FLD00004808","VFGE_IOT_SYNC_1ST_PARTICIPANT_INSERT_LOAD_TARGET_ENTITY_CATEGORY__C","VFGE_IOT_SYNC_1ST_PARTICIPANT_INSERT_LOAD_TARGET","Entity_Category__c","2.0","String"
"FLD00004809","VFGE_IOT_SYNC_1ST_PARTICIPANT_INSERT_LOAD_TARGET_IOT_LAST_UPDATE_DATE__C","VFGE_IOT_SYNC_1ST_PARTICIPANT_INSERT_LOAD_TARGET","IOT_last_update_date__c","3.0","Date"
"FLD00004810","VFGE_IOT_SYNC_1ST_PARTICIPANT_INSERT_LOAD_TARGET_PARTICIPANT__C","VFGE_IOT_SYNC_1ST_PARTICIPANT_INSERT_LOAD_TARGET","Participant__c","4.0","Boolean"
"FLD00004811","VFGE_IOT_SYNC_1ST_PARTICIPANT_INSERT_LOAD_TARGET_PERIOD_INDEX_SRC__C","VFGE_IOT_SYNC_1ST_PARTICIPANT_INSERT_LOAD_TARGET","Period_Index_Src__c","6.0","String"
"FLD00004812","VFGE_IOT_SYNC_1ST_PARTICIPANT_INSERT_LOAD_TARGET_SIGNING__C","VFGE_IOT_SYNC_1ST_PARTICIPANT_INSERT_LOAD_TARGET","Signing__c","7.0","Boolean"
"FLD00004813","VFGE_IOT_SYNC_1ST_PARTICIPANT_INSERT_LOAD_TARGET_TADIG_CODE_SRC__C","VFGE_IOT_SYNC_1ST_PARTICIPANT_INSERT_LOAD_TARGET","Tadig_Code_Src__c","8.0","String"
"FLD00004814","VFGE_IOT_SYNC_1ST_PARTICIPANT_INSERT_LOAD_TARGET_TARGET_END__C","VFGE_IOT_SYNC_1ST_PARTICIPANT_INSERT_LOAD_TARGET","Target_End__c","9.0","Date"
"FLD00004815","VFGE_IOT_SYNC_1ST_PARTICIPANT_INSERT_LOAD_TARGET_TARGET_START__C","VFGE_IOT_SYNC_1ST_PARTICIPANT_INSERT_LOAD_TARGET","Target_Start__c","10.0","Date"
"FLD00004816","VFGE_IOT_SYNC_1ST_PARTICIPANT_INSERT_LOAD_TARGET_TARGET__C","VFGE_IOT_SYNC_1ST_PARTICIPANT_INSERT_LOAD_TARGET","Target__c","11.0","String"
"FLD00004817","VFGE_IOT_SYNC_2ND_PARTICIPANT_INSERT_EXTRACT_SOURCE_DEAL_INDEX","VFGE_IOT_SYNC_2ND_PARTICIPANT_INSERT_EXTRACT_SOURCE","DEAL_INDEX","1.0","String"
"FLD00004818","VFGE_IOT_SYNC_2ND_PARTICIPANT_INSERT_EXTRACT_SOURCE_PERIOD_INDEX","VFGE_IOT_SYNC_2ND_PARTICIPANT_INSERT_EXTRACT_SOURCE","PERIOD_INDEX","2.0","String"
"FLD00004819","VFGE_IOT_SYNC_2ND_PARTICIPANT_INSERT_EXTRACT_SOURCE_TADIG","VFGE_IOT_SYNC_2ND_PARTICIPANT_INSERT_EXTRACT_SOURCE","TADIG","3.0","String"
"FLD00004820","VFGE_IOT_SYNC_2ND_PARTICIPANT_INSERT_EXTRACT_SOURCE_TARGET","VFGE_IOT_SYNC_2ND_PARTICIPANT_INSERT_EXTRACT_SOURCE","TARGET","5.0","String"
"FLD00004821","VFGE_IOT_SYNC_2ND_PARTICIPANT_INSERT_EXTRACT_SOURCE_TARGET_START","VFGE_IOT_SYNC_2ND_PARTICIPANT_INSERT_EXTRACT_SOURCE","TARGET_START","6.0","Date"
"FLD00004822","VFGE_IOT_SYNC_2ND_PARTICIPANT_INSERT_EXTRACT_SOURCE_TARGET_FINISH","VFGE_IOT_SYNC_2ND_PARTICIPANT_INSERT_EXTRACT_SOURCE","TARGET_FINISH","7.0","Date"
"FLD00004823","VFGE_IOT_SYNC_2ND_PARTICIPANT_INSERT_EXTRACT_SOURCE_LAST_UPDATED_DATE","VFGE_IOT_SYNC_2ND_PARTICIPANT_INSERT_EXTRACT_SOURCE","LAST_UPDATED_DATE","8.0","Date"
"FLD00004824","VFGE_IOT_SYNC_2ND_PARTICIPANT_INSERT_EXTRACT_SOURCE_IS_PARTICIPANT","VFGE_IOT_SYNC_2ND_PARTICIPANT_INSERT_EXTRACT_SOURCE","IS_PARTICIPANT","9.0","Boolean"
"FLD00004825","VFGE_IOT_SYNC_2ND_PARTICIPANT_INSERT_EXTRACT_SOURCE_IS_SIGNER","VFGE_IOT_SYNC_2ND_PARTICIPANT_INSERT_EXTRACT_SOURCE","IS_SIGNER","10.0","Boolean"
"FLD00004826","VFGE_IOT_SYNC_2ND_PARTICIPANT_INSERT_LOAD_TARGET_ENTITY_CATEGORY__C","VFGE_IOT_SYNC_2ND_PARTICIPANT_INSERT_LOAD_TARGET","Entity_Category__c","1.0","String"
"FLD00004827","VFGE_IOT_SYNC_2ND_PARTICIPANT_INSERT_LOAD_TARGET_ENTITY_PARTICIPANT__C","VFGE_IOT_SYNC_2ND_PARTICIPANT_INSERT_LOAD_TARGET","Participant__c","2.0","Boolean"
"FLD00004828","VFGE_IOT_SYNC_2ND_PARTICIPANT_INSERT_LOAD_TARGET_ENTITY_SIGNING__C","VFGE_IOT_SYNC_2ND_PARTICIPANT_INSERT_LOAD_TARGET","Signing__c","3.0","Boolean"
"FLD00004829","VFGE_IOT_SYNC_2ND_PARTICIPANT_INSERT_LOAD_TARGET_TARGET_END__C","VFGE_IOT_SYNC_2ND_PARTICIPANT_INSERT_LOAD_TARGET","Target_End__c","5.0","Date"
"FLD00004830","VFGE_IOT_SYNC_2ND_PARTICIPANT_INSERT_LOAD_TARGET_TARGET_START__C","VFGE_IOT_SYNC_2ND_PARTICIPANT_INSERT_LOAD_TARGET","Target_Start__c","6.0","Date"
"FLD00004831","VFGE_IOT_SYNC_2ND_PARTICIPANT_INSERT_LOAD_TARGET_TARGET__C","VFGE_IOT_SYNC_2ND_PARTICIPANT_INSERT_LOAD_TARGET","Target__c","7.0","Date"
"FLD00004832","VFGE_IOT_SYNC_2ND_PARTICIPANT_INSERT_LOAD_TARGET_DEAL_NUMBER_SRC__C","VFGE_IOT_SYNC_2ND_PARTICIPANT_INSERT_LOAD_TARGET","Deal_Number_Src__c","8.0","String"
"FLD00004833","VFGE_IOT_SYNC_2ND_PARTICIPANT_INSERT_LOAD_TARGET_PERIOD_INDEX_SRC__C","VFGE_IOT_SYNC_2ND_PARTICIPANT_INSERT_LOAD_TARGET","Period_Index_Src__c","9.0","String"
"FLD00004834","VFGE_IOT_SYNC_2ND_PARTICIPANT_INSERT_LOAD_TARGET_TADIG_CODE_SRC__C","VFGE_IOT_SYNC_2ND_PARTICIPANT_INSERT_LOAD_TARGET","Tadig_Code_Src__c","10.0","String"
"FLD00004835","VFGE_IOT_SYNC_2ND_PARTICIPANT_INSERT_LOAD_TARGET_IOT_LAST_UPDATE_DATE__C","VFGE_IOT_SYNC_2ND_PARTICIPANT_INSERT_LOAD_TARGET","IOT_last_update_date__c","11.0","Date"
"FLD00004836","VFGE_IOT_SYNC_HISTORY_WAITING_SYNC_EXTRACT_SOURCE_ID","VFGE_IOT_SYNC_HISTORY_WAITING_SYNC_EXTRACT_SOURCE","Id","1.0","String"
"FLD00004837","VFGE_IOT_SYNC_HISTORY_WAITING_SYNC_EXTRACT_SOURCE_ERROR_MESSAGE","VFGE_IOT_SYNC_HISTORY_WAITING_SYNC_EXTRACT_SOURCE","Error Message","2.0","String"
"FLD00004838","VFGE_IOT_SYNC_HISTORY_WAITING_SYNC_EXTRACT_SOURCE_DATA_UPLOADED_TO_SFDC","VFGE_IOT_SYNC_HISTORY_WAITING_SYNC_EXTRACT_SOURCE","Data Uploaded to SFDC","3.0","String"
"FLD00004839","VFGE_IOT_SYNC_HISTORY_WAITING_SYNC_EXTRACT_SOURCE_END_UPLOAD_DATA_DATE","VFGE_IOT_SYNC_HISTORY_WAITING_SYNC_EXTRACT_SOURCE","End Upload Data Date","4.0","String"
"FLD00004840","VFGE_IOT_SYNC_HISTORY_WAITING_SYNC_LOAD_TARGET_ID","VFGE_IOT_SYNC_HISTORY_WAITING_SYNC_LOAD_TARGET","Id","1.0","String"
"FLD00004841","VFGE_IOT_SYNC_HISTORY_WAITING_SYNC_LOAD_TARGET_STATUS__C","VFGE_IOT_SYNC_HISTORY_WAITING_SYNC_LOAD_TARGET","Status__c","2.0","String"
"FLD00004842","VFGE_IOT_SYNC_HISTORY_WAITING_SYNC_LOAD_TARGET_DATA_UPLOADED_TO_SFDC__C","VFGE_IOT_SYNC_HISTORY_WAITING_SYNC_LOAD_TARGET","Data_Uploaded_to_SFDC__c","3.0","Boolean"
"FLD00004843","VFGE_IOT_SYNC_HISTORY_WAITING_SYNC_LOAD_TARGET_END_UPLOAD_DATA_DATE","VFGE_IOT_SYNC_HISTORY_WAITING_SYNC_LOAD_TARGET","End_Upload_Data_Date__c","4.0","Date"
"FLD00004844","SYS_PURGE_SERVER_AUDIT_EXTRACT_SOURCE_ID","SYS_PURGE_SERVER_AUDIT_EXTRACT_SOURCE","Id","1.0","String"
"FLD00004845","SYS_PURGE_SERVER_AUDIT_LOAD_TARGET_ID","SYS_PURGE_SERVER_AUDIT_LOAD_TARGET","Id","1.0","String"
"FLD00004846","SYS_PURGE_SERVER_LOGS_EXTRACT_DIRECTORY","SYS_PURGE_SERVER_LOGS_EXTRACT_SOURCE","directory","1.0","String"
"FLD00004847","SYS_PURGE_SERVER_LOGS_EXTRACT_FILENAME","SYS_PURGE_SERVER_LOGS_EXTRACT_SOURCE","filename","2.0","String"
"FLD00004848","SYS_PURGE_SERVER_LOGS_EXTRACT_CREATED_DATE","SYS_PURGE_SERVER_LOGS_EXTRACT_SOURCE","createdDate","3.0","Date"
"FLD00004849","SYS_PURGE_SERVER_LOGS_EXTRACT_LAST_MODIFIED_DATE","SYS_PURGE_SERVER_LOGS_EXTRACT_SOURCE","lastModifiedDate","4.0","Date"
"FLD00004850","SYS_PURGE_SERVER_LOGS_FILTER_TARGET_FILTER_TYPE","SYS_PURGE_SERVER_LOGS_FILTER_TARGET","filterType","1.0","String"
"FLD00004851","SYS_PURGE_SERVER_LOGS_FILTER_TARGET_FILTER","SYS_PURGE_SERVER_LOGS_FILTER_TARGET","filter","2.0","Boolean"
"FLD00004852","SYS_PURGE_SERVER_LOGS_FILE_TARGET_FILEOPERATION","SYS_PURGE_SERVER_LOGS_FILE_TARGET","fileOperation","1.0","String"
"FLD00004853","SYS_PURGE_SERVER_LOGS_FILE_TARGET_INPUTFILENAME","SYS_PURGE_SERVER_LOGS_FILE_TARGET","inputFilename","2.0","String"
"FLD00004854","SYS_PURGE_SERVER_LOGS_FILE_TARGET_OUTPUTFILENAME","SYS_PURGE_SERVER_LOGS_FILE_TARGET","outputFilename","3.0","String"
"FLD00004855","VFGE_IOT_SYNC_HISTORY_CLOSE_OPEN_ONES_LOAD_ERROR_MESSAGE__C","VFGE_IOT_SYNC_HISTORY_CLOSE_OPEN_ONES_LOAD_T","Error_Message__c","3.0","String"
"FLD00004856","VFGE_IOT_SYNC_DEAL_INSERT_LOAD_NAME","VFGE_IOT_SYNC_DEAL_INSERT_LOAD_TARGET","Name","31.0","String"
