"Name","Unique_ID__c","Order__c","Target_Field__c","Task_Step__r.Unique_ID__c","Transformation__c"
"MAP00000976","VFGE_COL_REPORT_LOAD_DIRECTION","1.0","DIRECTION","VFGE_COL_REPORT_STEP_2","util:decode(
  FOOTPRINT_SERVICE_DETAIL__C.FOOTPRINT_SERVICE__R.FINANCIAL_DIRECTION__C,
  'Unilateral Outbound',
  'UniLat',
  'Bilateral',
  'BiLat',
  'Error'
)"
"MAP00000977","VFGE_COL_REPORT_LOAD_VPMN","2.0","VPMN","VFGE_COL_REPORT_STEP_2","FOOTPRINT_SERVICE_DETAIL__C.FOOTPRINT_SERVICE__R.VPLMN_OPERATOR_TADIG__C"
"MAP00000978","VFGE_COL_REPORT_LOAD_VPMN_HUB","3.0","VPMN_HUB","VFGE_COL_REPORT_STEP_2","FOOTPRINT_SERVICE_DETAIL__C.FOOTPRINT_SERVICE__R.FOOTPRINT__R.VPLMN_HUB_TADIG_CODE__C"
"MAP00000979","VFGE_COL_REPORT_LOAD_HPMN","4.0","HPMN","VFGE_COL_REPORT_STEP_2","FOOTPRINT_SERVICE_DETAIL__C.FOOTPRINT_SERVICE__R.HPLMN_OPERATOR_TADIG__C"
"MAP00000980","VFGE_COL_REPORT_LOAD_HPMN_HUB","5.0","HPMN_HUB","VFGE_COL_REPORT_STEP_2","FOOTPRINT_SERVICE_DETAIL__C.FOOTPRINT_SERVICE__R.FOOTPRINT__R.HPLMN_HUB_TADIG_CODE__C"
"MAP00000981","VFGE_COL_REPORT_LOAD_CONNECTION_CALL_TYPE","6.0","CONNECTION_CALL_TYPE","VFGE_COL_REPORT_STEP_2","FOOTPRINT_SERVICE_DETAIL__C.NAME"
"MAP00000982","VFGE_COL_REPORT_LOAD_STATUS","7.0","STATUS","VFGE_COL_REPORT_STEP_2","FOOTPRINT_SERVICE_DETAIL__C.FOOTPRINT_SERVICE__R.SO_TYPE__C"
"MAP00000983","VFGE_COL_REPORT_LOAD_DATE","8.0","DATE","VFGE_COL_REPORT_STEP_2","util:dateFormat(FOOTPRINT_SERVICE_DETAIL__C.FOOTPRINT_SERVICE__R.OPEN_DATE_FORMULA__C, ""yyyy-MM-dd"")"
"MAP00000984","VFGE_COL_REPORT_LOAD_SERVICE","9.0","SERVICE","VFGE_COL_REPORT_STEP_2","""Connectivity"""
"MAP00000985","VFGE_IOT_SYNC_HISTORY_CLOSE_OPEN_ONES_LOAD_STATUS","1.0","Status__c","VFGE_IOT_SYNC_HISTORY_CLOSE_OPEN_ONES_STEP_2","""Finished in Error"""
"MAP00000986","VFGE_IOT_SYNC_HISTORY_CLOSE_OPEN_ONES_LOAD_ERROR_M","2.0","Error_Message__c","VFGE_IOT_SYNC_HISTORY_CLOSE_OPEN_ONES_STEP_2","util:iif(
  util:isNull(ERROR_MESSAGE__C),
  'New SIP process started.',
  ERROR_MESSAGE__C
)"
"MAP00000987","VFGE_IOT_SYNC_HISTORY_CLOSE_OPEN_ONES_LOAD_END_PRO","3.0","End_Process_Date__c","VFGE_IOT_SYNC_HISTORY_CLOSE_OPEN_ONES_STEP_2","util:getCurrentTimestamp()"
"MAP00000988","VFGE_IOT_SYNC_HISTORY_START_NEW_PROCESS_LOAD_STATU","1.0","Status__c","VFGE_IOT_SYNC_HISTORY_START_NEW_PROCESS_STEP_3","""Importing CSVs"""
"MAP00000989","VFGE_IOT_SYNC_HISTORY_START_NEW_PROCESS_LOAD_START","1.0","Start_Process_Date__c","VFGE_IOT_SYNC_HISTORY_START_NEW_PROCESS_STEP_3","util:getCurrentTimestamp()"
"MAP00000990","VFGE_IOT_SYNC_HISTORY_START_NEW_PROCESS_LOAD_FTYPE","1.0","filterType","VFGE_IOT_SYNC_HISTORY_START_NEW_PROCESS_STEP_2","""Discard"""
"MAP00000991","VFGE_IOT_SYNC_HISTORY_START_NEW_PROCESS_LOAD_FILTE","2.0","filter","VFGE_IOT_SYNC_HISTORY_START_NEW_PROCESS_STEP_2","util:isBlank(ID)"
"MAP00000992","VFGE_IOT_SYNC_GET_CURRENT_PROCESS_ID_LOAD_ERROR_ME","1.0","Error Message","VFGE_IOT_SYNC_GET_CURRENT_PROCESS_ID_STEP_2","ERROR_MESSAGE__C"
"MAP00000993","VFGE_IOT_SYNC_GET_CURRENT_PROCESS_ID_LOAD_DATE_UPL","2.0","Data Uploaded to SFDC","VFGE_IOT_SYNC_GET_CURRENT_PROCESS_ID_STEP_2","DATA_UPLOADED_TO_SFDC__C"
"MAP00000994","VFGE_IOT_SYNC_GET_CURRENT_PROCESS_ID_LOAD_END_UPLO","3.0","End Upload Data Date","VFGE_IOT_SYNC_GET_CURRENT_PROCESS_ID_STEP_2","END_UPLOAD_DATA_DATE__C"
"MAP00000995","VFGE_IOT_SYNC_HISTORY_IMPORT_CSV_FILES_LOAD_STATUS","1.0","Status__c","VFGE_IOT_SYNC_HISTORY_IMPORT_CSV_FILES_STEP_2","""Importing CSVs"""
"MAP00000996","VFGE_IOT_SYNC_HISTORY_IMPORT_CSV_FILES_LOAD_ERRORM","2.0","Error_Message__c","VFGE_IOT_SYNC_HISTORY_IMPORT_CSV_FILES_STEP_2","""Problem in CSV structure files. Process aborted."""
"MAP00000997","VFGE_IOT_SYNC_HISTORY_IMPORT_CSV_FILES_LOAD_EPD","3.0","End_Process_Date__c","VFGE_IOT_SYNC_HISTORY_IMPORT_CSV_FILES_STEP_2","util:getCurrentTimestamp()"
"MAP00000998","VFGE_IOT_SYNC_IMPORT_FLAT_DEAL_TRANSFORM_ID","1.0","ID","VFGE_IOT_SYNC_IMPORT_FLAT_DEAL_STEP_2","'1'"
"MAP00000999","VFGE_IOT_SYNC_IMPORT_FLAT_DEAL_TRANSFORM_NAME","2.0","NAME","VFGE_IOT_SYNC_IMPORT_FLAT_DEAL_STEP_2","DEAL_INDEX"
"MAP00001000","VFGE_IOT_SYNC_IMPORT_FLAT_DEAL_TRANSFORM_CONTRACT_CATEGORY__C","3.0","CONTRACT_CATEGORY__C","VFGE_IOT_SYNC_IMPORT_FLAT_DEAL_STEP_2","""IOT"""
"MAP00001001","VFGE_IOT_SYNC_IMPORT_FLAT_DEAL_TRANSFORM_CONTRACT_NAME__C","4.0","CONTRACT_NAME__C","VFGE_IOT_SYNC_IMPORT_FLAT_DEAL_STEP_2","NAME"
"MAP00001002","VFGE_IOT_SYNC_IMPORT_FLAT_DEAL_TRANSFORM_DEAL_STATUS__C","5.0","DEAL_STATUS__C","VFGE_IOT_SYNC_IMPORT_FLAT_DEAL_STEP_2","DEAL_STATUS"
"MAP00001003","VFGE_IOT_SYNC_IMPORT_FLAT_DEAL_TRANSFORM_INITIAL_CONTACT_COMMENTS__C","6.0","INITIAL_CONTACT_COMMENTS__C","VFGE_IOT_SYNC_IMPORT_FLAT_DEAL_STEP_2","NOTES"
"MAP00001004","VFGE_IOT_SYNC_IMPORT_FLAT_DEAL_TRANSFORM_NEGOTIATION_TEAM__C","7.0","NEGOTIATION_TEAM__C","VFGE_IOT_SYNC_IMPORT_FLAT_DEAL_STEP_2","NEGOTIATION_TEAM"
"MAP00001005","VFGE_IOT_SYNC_IMPORT_FLAT_DEAL_TRANSFORM_CONTRACT_MANAGER__C","8.0","CONTRACT_MANAGER__C","VFGE_IOT_SYNC_IMPORT_FLAT_DEAL_STEP_2","CONTRACT_MANAGER"
"MAP00001006","VFGE_IOT_SYNC_IMPORT_FLAT_DEAL_TRANSFORM_CAS_COMMENTS__C","9.0","CAS_COMMENTS__C","VFGE_IOT_SYNC_IMPORT_FLAT_DEAL_STEP_2","CSS_COMMENTS"
"MAP00001007","VFGE_IOT_SYNC_IMPORT_FLAT_DEAL_TRANSFORM_LEGAL_SRC__C","10.0","LEGAL_SRC__C","VFGE_IOT_SYNC_IMPORT_FLAT_DEAL_STEP_2","LEGAL_OWNER"
"MAP00001008","VFGE_IOT_SYNC_IMPORT_FLAT_DEAL_TRANSFORM_FINANCE_SRC__C","11.0","FINANCE_SRC__C","VFGE_IOT_SYNC_IMPORT_FLAT_DEAL_STEP_2","FINANCE_OWNER"
"MAP00001009","VFGE_IOT_SYNC_IMPORT_FLAT_DEAL_TRANSFORM_TAX_SRC__C","12.0","TAX_SRC__C","VFGE_IOT_SYNC_IMPORT_FLAT_DEAL_STEP_2","TAX_OWNER"
"MAP00001010","VFGE_IOT_SYNC_IMPORT_FLAT_DEAL_TRANSFORM_CAS_DATE__C","13.0","CAS_DATE__C","VFGE_IOT_SYNC_IMPORT_FLAT_DEAL_STEP_2","util:dateParse(CSS_SIGNED_DATE, ""yyyy-MM-dd HH:mm:ss.S"")"
"MAP00001011","VFGE_IOT_SYNC_IMPORT_FLAT_DEAL_TRANSFORM_PLANNED_NEGOT_START_DATE__C","14.0","PLANNED_NEGOT_START_DATE__C","VFGE_IOT_SYNC_IMPORT_FLAT_DEAL_STEP_2","util:dateParse(PLANNED_NEGOTIATION_START_DATE, ""yyyy-MM-dd HH:mm:ss.S"")"
"MAP00001012","VFGE_IOT_SYNC_IMPORT_FLAT_DEAL_TRANSFORM_PLANNED_NEGOT_END_DATE__C","15.0","PLANNED_NEGOT_END_DATE__C","VFGE_IOT_SYNC_IMPORT_FLAT_DEAL_STEP_2","util:dateParse(PLANNED_NEGOTIATION_END_DATE, ""yyyy-MM-dd HH:mm:ss.S"")"
"MAP00001013","VFGE_IOT_SYNC_IMPORT_FLAT_DEAL_TRANSFORM_ACTUAL_NEGOT_START_DATE__C","16.0","ACTUAL_NEGOT_START_DATE__C","VFGE_IOT_SYNC_IMPORT_FLAT_DEAL_STEP_2","util:dateParse(ACTUAL_NEGOTIATION_START_DATE, ""yyyy-MM-dd HH:mm:ss.S"")"
"MAP00001014","VFGE_IOT_SYNC_IMPORT_FLAT_DEAL_TRANSFORM_ACTUAL_NEGOT_END_DATE__C","17.0","ACTUAL_NEGOT_END_DATE__C","VFGE_IOT_SYNC_IMPORT_FLAT_DEAL_STEP_2","util:dateParse(ACTUAL_NEGOTIATION_FINISH_DATE, ""yyyy-MM-dd HH:mm:ss.S"")"
"MAP00001015","VFGE_IOT_SYNC_IMPORT_FLAT_DEAL_TRANSFORM_CONTACT_PERSON_SRC","18.0","CONTACT_PERSON_SRC","VFGE_IOT_SYNC_IMPORT_FLAT_DEAL_STEP_2","CONTACT_PERSON"
"MAP00001016","VFGE_IOT_SYNC_IMPORT_FLAT_DEAL_TRANSFORM_TELEFONE_NUMBER_SRC","19.0","TELEFONE_NUMBER_SRC","VFGE_IOT_SYNC_IMPORT_FLAT_DEAL_STEP_2","TEL_NO"
"MAP00001017","VFGE_IOT_SYNC_IMPORT_FLAT_DEAL_TRANSFORM_EMAIL_ADDRESS_SRC","20.0","EMAIL_ADDRESS_SRC","VFGE_IOT_SYNC_IMPORT_FLAT_DEAL_STEP_2","EMAIL_ADDRESS"
"MAP00001018","VFGE_IOT_SYNC_IMPORT_FLAT_DEAL_TRANSFORM_IS_FA","21.0","IS_FA","VFGE_IOT_SYNC_IMPORT_FLAT_DEAL_STEP_2","false"
"MAP00001019","VFGE_IOT_SYNC_IMPORT_FLAT_DEAL_TRANSFORM_AUTO_RENEW","22.0","AUTO_RENEW","VFGE_IOT_SYNC_IMPORT_FLAT_DEAL_STEP_2","util:decode(AUTO_RENEWAL, '1', true, false)"
"MAP00001020","VFGE_IOT_SYNC_IMPORT_FLAT_DEAL_TRANSFORM_VALIDATION_STATUS","23.0","VALIDATION_STATUS","VFGE_IOT_SYNC_IMPORT_FLAT_DEAL_STEP_2","VALIDATION_STATUS"
"MAP00001021","VFGE_IOT_SYNC_IMPORT_FLAT_DISCOUNT_PERIODS_LOAD_TARGET_TRANSFORMATION_ACTIVE","1.0","ACTIVE","VFGE_IOT_SYNC_IMPORT_FLAT_DISCOUNT_PERIODS_STEP_2","""1"""
"MAP00001022","VFGE_IOT_SYNC_IMPORT_FLAT_DISCOUNT_PERIODS_LOAD_TARGET_TRANSFORMATION_PERIOD_FROM","2.0","PERIOD_FROM","VFGE_IOT_SYNC_IMPORT_FLAT_DISCOUNT_PERIODS_STEP_2","util:dateParse(PERIOD_FROM, ""yyyyMMdd HH:mm:ss"")"
"MAP00001023","VFGE_IOT_SYNC_IMPORT_FLAT_DISCOUNT_PERIODS_LOAD_TARGET_TRANSFORMATION_PERIOD_TO","3.0","PERIOD_TO","VFGE_IOT_SYNC_IMPORT_FLAT_DISCOUNT_PERIODS_STEP_2","util:dateParse(PERIOD_TO, ""yyyyMMdd HH:mm:ss"")"
"MAP00001024","VFGE_IOT_SYNC_IMPORT_FLAT_DISCOUNT_PERIODS_LOAD_TARGET_TRANSFORMATION_LAST_UPDATED_DATE","4.0","LAST_UPDATED_DATE","VFGE_IOT_SYNC_IMPORT_FLAT_DISCOUNT_PERIODS_STEP_2","util:dateParse(LAST_UPDATED_DATE, ""yyyy-MM-dd HH:mm:ss"")"
"MAP00001025","VFGE_IOT_SYNC_IMPORT_FLAT_DISCOUNT_PERIODS_LOAD_TARGET_TRANSFORMATION_ID","5.0","ID","VFGE_IOT_SYNC_IMPORT_FLAT_DISCOUNT_PERIODS_STEP_2","""1"""
"MAP00001026","VFGE_OT_SYNC_IMPORT_FLAT_VF_OPCO_LOAD_TRANSFORMATION_LAST_UPDATED_DATE","1.0","LAST_UPDATED_DATE","VFGE_OT_SYNC_IMPORT_FLAT_VF_OPCO_STEP_2","util:dateParse(LAST_UPDATED_DATE,'yyyy-MM-dd HH:mm:ss.S')"
"MAP00001027","VFGE_OT_SYNC_IMPORT_FLAT_VF_OPCO_LOAD_TRANSFORMATION_IS_PARTICIPANT","2.0","IS_PARTICIPANT","VFGE_OT_SYNC_IMPORT_FLAT_VF_OPCO_STEP_2","1"
"MAP00001028","VFGE_OT_SYNC_IMPORT_FLAT_VF_OPCO_LOAD_TRANSFORMATION_IID","3.0","ID","VFGE_OT_SYNC_IMPORT_FLAT_VF_OPCO_STEP_2","""1"""
"MAP00001029","VFGE_IOT_SYNC_IMPORT_FLAT_3RD_PARTY_TRANSFORMATION_LAST_UPDATED_DATE","1.0","LAST_UPDATED_DATE","VFGE_IOT_SYNC_IMPORT_FLAT_3RD_PARTY_STEP_2","util:dateParse(LAST_UPDATED_DATE,'yyyy-MM-dd HH:mm:ss.S')"
"MAP00001030","VFGE_IOT_SYNC_IMPORT_FLAT_3RD_PARTY_TRANSFORMATION_IS_PARTICIPANT","2.0","IS_PARTICIPANT","VFGE_IOT_SYNC_IMPORT_FLAT_3RD_PARTY_STEP_2","1"
"MAP00001031","VFGE_IOT_SYNC_IMPORT_FLAT_3RD_PARTY_TRANSFORMATION_ID","3.0","ID","VFGE_IOT_SYNC_IMPORT_FLAT_3RD_PARTY_STEP_2","1"
"MAP00001032","VFGE_IOT_SYNC_HISTORY_UPLOADING_DATA_LOAD_TARGET_TRANSFORMATION_ID","1.0","Id","VFGE_IOT_SYNC_HISTORY_UPLOADING_DATA_STEP_2","ID"
"MAP00001033","VFGE_IOT_SYNC_HISTORY_UPLOADING_DATA_LOAD_TARGET_TRANSFORMATION_STATUS__C","2.0","Status__c","VFGE_IOT_SYNC_HISTORY_UPLOADING_DATA_STEP_2","""Uploading Data"""
"MAP00001034","VFGE_IOT_SYNC_HISTORY_UPLOADING_DATA_LOAD_TARGET_TRANSFORMATION_ERROR_MESSAGE__C","3.0","Error_Message__c","VFGE_IOT_SYNC_HISTORY_UPLOADING_DATA_STEP_2","null"
"MAP00001035","VFGE_IOT_SYNC_HISTORY_UPLOADING_DATA_LOAD_TARGET_TRANSFORMATION_CSV_FILES_IMPORTED__C","4.0","CSV_Files_Imported__c","VFGE_IOT_SYNC_HISTORY_UPLOADING_DATA_STEP_2","true"
"MAP00001036","VFGE_IOT_SYNC_HISTORY_UPLOADING_DATA_LOAD_TARGET_TRANSFORMATION_IMPORTED_CSVS_DATE__C","5.0","Imported_CSVs_Date__c","VFGE_IOT_SYNC_HISTORY_UPLOADING_DATA_STEP_2","util:getCurrentTimestamp()"
"MAP00001037","VFGE_IOT_SYNC_HISTORY_UPLOADING_DATA_LOAD_TARGET_TRANSFORMATION_END_PROCESS_DATE__C","6.0","End_Process_Date__c","VFGE_IOT_SYNC_HISTORY_UPLOADING_DATA_STEP_2","null"
"MAP00001038","VFGE_IOT_SYNC_3RD_PARTY_DELETE_LOAD_TARGET_TRANSFORMATION_ID","1.0","Id","VFGE_IOT_SYNC_3RD_PARTY_DELETE_STEP_2","ID"
"MAP00001039","VFGE_IOT_SYNC_VF_OPCO_DELETE_LOAD_TARGET_TRANSFORMATION_ID","1.0","Id","VFGE_IOT_SYNC_VF_OPCO_DELETE_STEP_2","ID"
"MAP00001040","VFGE_IOT_SYNC_PERIOD_DELETE_LOAD_TARGET_TRANSFORMATION_ID","1.0","Id","VFGE_IOT_SYNC_PERIOD_DELETE_STEP_2","ID"
"MAP00001041","VFGE_IOT_SYNC_DEAL_DELETE_LOAD_TARGET_TRANSFORMATION_ID","1.0","Id","VFGE_IOT_SYNC_DEAL_DELETE_STEP_2","ID"
"MAP00001042","VFGA_COL_REPORT_LOAD_TARGET_TRANSFORMATION_VRSSTARTDATE","1.0","VRSSTARTDATE","VFGA_GLL_REPORT_STEP_2","util:dateFormat(VRS_START_DATE__C,""MMM-YY"")"
"MAP00001043","VFGA_COL_REPORT_LOAD_TARGET_TRANSFORMATION_TADIG","2.0","TADIG","VFGA_GLL_REPORT_STEP_2","TADIG_CODE__C"
"MAP00001044","VFGA_COL_REPORT_LOAD_TARGET_TRANSFORMATION_OPERATORNAME","3.0","OPERATORNAME","VFGA_GLL_REPORT_STEP_2","NAME"
"MAP00001045","VFGA_COL_REPORT_LOAD_TARGET_TRANSFORMATION_VRSPAYCURRENCY","4.0","VRSPAYCURRENCY","VFGA_GLL_REPORT_STEP_2","PAY_CURRENCY__C"
"MAP00001046","VFGA_COL_REPORT_LOAD_TARGET_TRANSFORMATION_VRSRECEIVECURRENCY","5.0","VRSRECEIVECURRENCY","VFGA_GLL_REPORT_STEP_2","RECEIVE_CURRENCY__C"
"MAP00001047","VFGA_COL_REPORT_LOAD_TARGET_TRANSFORMATION_CONTRACTTYPE","6.0","CONTRACTTYPE","VFGA_GLL_REPORT_STEP_2","util:decode(EFFECTIVE_CONTRACT_TYPE__C, 'AA12, AA13 - Gateway', 'AA12', 'AA73 - Hub', 'AA73', 'VFAA73 - Hub', 'VFAA73', 'AA74 - Peering', 'AA74', EFFECTIVE_CONTRACT_TYPE__C)"
"MAP00001048","VFGA_COL_REPORT_LOAD_TARGET_TRANSFORMATION_DCH","7.0","DCH","VFGA_GLL_REPORT_STEP_2","DCH__R.TADIG_CODE__C"
"MAP00001049","VFGA_COL_REPORT_LOAD_TARGET_TRANSFORMATION_FCHINVOICING","8.0","FCHINVOICING","VFGA_GLL_REPORT_STEP_2","FCH_INVOICE_CREATION__R.TADIG_CODE__C"
"MAP00001050","VFGA_COL_REPORT_LOAD_TARGET_TRANSFORMATION_FCHCLEARING","9.0","FCHCLEARING","VFGA_GLL_REPORT_STEP_2","FCH_RECONCILIATION__R.TADIG_CODE__C"
"MAP00001051","VFGA_COL_REPORT_LOAD_TARGET_TRANSFORMATION_FCHSETTLEMENT","10.0","FCHSETTLEMENT","VFGA_GLL_REPORT_STEP_2","FCH_SETTLEMENT__R.TADIG_CODE__C"
"MAP00001052","VFGA_COL_REPORT_LOAD_TARGET_TRANSFORMATION_RTDR","11.0","RTDR","VFGA_GLL_REPORT_STEP_2","ACTIVE_CONTRACT_AGREEMENT_TO_DELIVER__C"
"MAP00001053","VFGA_COL_REPORT_LOAD_TARGET_TRANSFORMATION_HSFTRIGGER","12.0","HSFTRIGGER","VFGA_GLL_REPORT_STEP_2","HSF_TRIGGER__C"
"MAP00001054","VFGE_IOT_SYNC_DEAL_INSERT_LOAD_TARGET_TRANSFORMATION_NAME","1.0","Name","VFGE_IOT_SYNC_DEAL_INSERT_STEP_2","NAME"
"MAP00001055","VFGE_IOT_SYNC_DEAL_INSERT_LOAD_TARGET_TRANSFORMATION_ACTUAL_NEGOTIATION_END_DATE__C","2.0","Actual_Negotiation_End_Date__c","VFGE_IOT_SYNC_DEAL_INSERT_STEP_2","ACTUAL_NEGOT_END_DATE__C"
"MAP00001056","VFGE_IOT_SYNC_DEAL_INSERT_LOAD_TARGET_TRANSFORMATION_ACTUAL_NEGOTIATION_START_DATE__C","3.0","Actual_Negotiation_Start_Date__c","VFGE_IOT_SYNC_DEAL_INSERT_STEP_2","ACTUAL_NEGOT_START_DATE__C"
"MAP00001057","VFGE_IOT_SYNC_DEAL_INSERT_LOAD_TARGET_TRANSFORMATION_CAS_COMMENTS__C","4.0","CAS_Comments__c","VFGE_IOT_SYNC_DEAL_INSERT_STEP_2","CAS_COMMENTS__C"
"MAP00001058","VFGE_IOT_SYNC_DEAL_INSERT_LOAD_TARGET_TRANSFORMATION_CAS_DATE__C","5.0","CAS_Date__c","VFGE_IOT_SYNC_DEAL_INSERT_STEP_2","CAS_DATE__C"
"MAP00001059","VFGE_IOT_SYNC_DEAL_INSERT_LOAD_TARGET_TRANSFORMATION_CONTACT_PERSON_SRC__C","6.0","Contact_Person_Src__c","VFGE_IOT_SYNC_DEAL_INSERT_STEP_2","CONTACT_PERSON_SRC"
"MAP00001060","VFGE_IOT_SYNC_DEAL_INSERT_LOAD_TARGET_TRANSFORMATION_CONTRACT_CATEGORY__C","7.0","Contract_Category__c","VFGE_IOT_SYNC_DEAL_INSERT_STEP_2","CONTRACT_CATEGORY__C"
"MAP00001061","VFGE_IOT_SYNC_DEAL_INSERT_LOAD_TARGET_TRANSFORMATION_CONTRACT_MANAGER_SRC__C","8.0","Contract_Manager_Src__c","VFGE_IOT_SYNC_DEAL_INSERT_STEP_2","CONTRACT_MANAGER__C"
"MAP00001062","VFGE_IOT_SYNC_DEAL_INSERT_LOAD_TARGET_TRANSFORMATION_CONTRACT_NAME__C","8.0","Contract_Name__c","VFGE_IOT_SYNC_DEAL_INSERT_STEP_2","CONTRACT_NAME__C"
"MAP00001063","VFGE_IOT_SYNC_DEAL_INSERT_LOAD_TARGET_TRANSFORMATION_CONTRACT_TYPE_SRC__C","8.0","Contract_Type_Src__c","VFGE_IOT_SYNC_DEAL_INSERT_STEP_2","CONTRACT_TYPE_SRC__C"
"MAP00001064","VFGE_IOT_SYNC_DEAL_INSERT_LOAD_TARGET_TRANSFORMATION_CONTRACT_TYPE__C","9.0","Contract_Type__c","VFGE_IOT_SYNC_DEAL_INSERT_STEP_2","CONTRACT_TYPE__C"
"MAP00001065","VFGE_IOT_SYNC_DEAL_INSERT_LOAD_TARGET_TRANSFORMATION_CURRENT_MILESTONE__C","10.0","Current_Milestone__c","VFGE_IOT_SYNC_DEAL_INSERT_STEP_2","CURRENT_MILESTONE__C"
"MAP00001066","VFGE_IOT_SYNC_DEAL_INSERT_LOAD_TARGET_TRANSFORMATION_DEAL_STATUS__C","10.0","Deal_Status__c","VFGE_IOT_SYNC_DEAL_INSERT_STEP_2","DEAL_STATUS__C"
"MAP00001067","VFGE_IOT_SYNC_DEAL_INSERT_LOAD_TARGET_TRANSFORMATION_EFFECTIVE_DATE__C","11.0","Effective_Date__c","VFGE_IOT_SYNC_DEAL_INSERT_STEP_2","EFFECTIVE_DATE__C"
"MAP00001068","VFGE_IOT_SYNC_DEAL_INSERT_LOAD_TARGET_TRANSFORMATION_EMAIL_ADDRESS_SRC__C","12.0","Email_Address_Src__c","VFGE_IOT_SYNC_DEAL_INSERT_STEP_2","EMAIL_ADDRESS_SRC"
"MAP00001069","VFGE_IOT_SYNC_DEAL_INSERT_LOAD_TARGET_TRANSFORMATION_END_DATE__C","13.0","End_Date__c","VFGE_IOT_SYNC_DEAL_INSERT_STEP_2","END_DATE__C"
"MAP00001070","VFGE_IOT_SYNC_DEAL_INSERT_LOAD_TARGET_TRANSFORMATION_FINANCE_SRC__C","14.0","Finance_Src__c","VFGE_IOT_SYNC_DEAL_INSERT_STEP_2","FINANCE_SRC__C"
"MAP00001071","VFGE_IOT_SYNC_DEAL_INSERT_LOAD_TARGET_TRANSFORMATION_FRAUD_SRC__C","15.0","Fraud_Src__c","VFGE_IOT_SYNC_DEAL_INSERT_STEP_2","FRAUD_SRC__C"
"MAP00001072","VFGE_IOT_SYNC_DEAL_INSERT_LOAD_TARGET_TRANSFORMATION_INITIAL_CONTACT_COMMENTS__C","16.0","Initial_Contact_Comments__c","VFGE_IOT_SYNC_DEAL_INSERT_STEP_2","INITIAL_CONTACT_COMMENTS__C"
"MAP00001073","VFGE_IOT_SYNC_DEAL_INSERT_LOAD_TARGET_TRANSFORMATION_LAST_UPDATE_DATE__C","17.0","Last_Update_Date__c","VFGE_IOT_SYNC_DEAL_INSERT_STEP_2","LAST_UPDATED_DATE"
"MAP00001074","VFGE_IOT_SYNC_DEAL_INSERT_LOAD_TARGET_TRANSFORMATION_LEGAL_SRC__C","18.0","Legal_Src__c","VFGE_IOT_SYNC_DEAL_INSERT_STEP_2","LEGAL_SRC__C"
"MAP00001075","VFGE_IOT_SYNC_DEAL_INSERT_LOAD_TARGET_TRANSFORMATION_NEGOTIATION_TEAM_SRC__C","19.0","Negotiation_Team_Src__c","VFGE_IOT_SYNC_DEAL_INSERT_STEP_2","NEGOTIATION_TEAM__C"
"MAP00001076","VFGE_IOT_SYNC_DEAL_INSERT_LOAD_TARGET_TRANSFORMATION_PARENT_FA_SRC__C","20.0","Parent_FA_Src__c","VFGE_IOT_SYNC_DEAL_INSERT_STEP_2","PARENT_FA_SRC__C"
"MAP00001077","VFGE_IOT_SYNC_DEAL_INSERT_LOAD_TARGET_TRANSFORMATION_PLANNED_NEGOT_END_DATE__C","21.0","Planned_Negotiation_End_Date__c","VFGE_IOT_SYNC_DEAL_INSERT_STEP_2","PLANNED_NEGOT_END_DATE__C"
"MAP00001078","VFGE_IOT_SYNC_DEAL_INSERT_LOAD_TARGET_TRANSFORMATION_PLANNED_NEGOT_START_DATE__C","22.0","Planned_Negotiation_Start_Date__c","VFGE_IOT_SYNC_DEAL_INSERT_STEP_2","PLANNED_NEGOT_START_DATE__C"
"MAP00001079","VFGE_IOT_SYNC_DEAL_INSERT_LOAD_TARGET_TRANSFORMATION_SECOND_CONTRACT_PARTY_TADIG__C","23.0","Second_Contract_Party_TADIG__c","VFGE_IOT_SYNC_DEAL_INSERT_STEP_2","SND_PART_PARTICIPANT"
"MAP00001080","VFGE_IOT_SYNC_DEAL_INSERT_LOAD_TARGET_TRANSFORMATION_TAX_SRC__C","24.0","Tax_Src__c","VFGE_IOT_SYNC_DEAL_INSERT_STEP_2","TAX_SRC__C"
"MAP00001081","VFGE_IOT_SYNC_DEAL_INSERT_LOAD_TARGET_TRANSFORMATION_TELEFONE_NUMBER_SRC__C","25.0","Telefone_Number_Src__c","VFGE_IOT_SYNC_DEAL_INSERT_STEP_2","TELEFONE_NUMBER_SRC"
"MAP00001082","VFGE_IOT_SYNC_DEAL_INSERT_LOAD_TARGET_TRANSFORMATION_AUTO_RENEW","26.0","isAutoRenew__c","VFGE_IOT_SYNC_DEAL_INSERT_STEP_2","util:decode(AUTO_RENEW,'0',false,'1',true,false)"
"MAP00001083","VFGE_IOT_SYNC_DEAL_INSERT_LOAD_TARGET_TRANSFORMATION_IOTP_VALIDATION_STATUS__C","27.0","IOTP_Validation_Status__c","VFGE_IOT_SYNC_DEAL_INSERT_STEP_2","VALIDATION_STATUS"
"MAP00001084","VFGE_IOT_SYNC_PERIOD_INSERT_LOAD_TARGET_TRANSFORMATION_NAME","1.0","Name","VFGE_IOT_SYNC_PERIOD_INSERT_STEP_2","PERIOD_INDEX"
"MAP00001085","VFGE_IOT_SYNC_PERIOD_INSERT_LOAD_TARGET_TRANSFORMATION_DEAL_NUMBER_SRC__C","2.0","Deal_Number_Src__c","VFGE_IOT_SYNC_PERIOD_INSERT_STEP_2","DEAL_INDEX"
"MAP00001086","VFGE_IOT_SYNC_PERIOD_INSERT_LOAD_TARGET_TRANSFORMATION_EFFECTIVE_DATE__C","3.0","Effective_Date__c","VFGE_IOT_SYNC_PERIOD_INSERT_STEP_2","PERIOD_FROM"
"MAP00001087","VFGE_IOT_SYNC_PERIOD_INSERT_LOAD_TARGET_TRANSFORMATION_END_DATE__C","4.0","End_Date__c","VFGE_IOT_SYNC_PERIOD_INSERT_STEP_2","PERIOD_TO"
"MAP00001088","VFGE_IOT_SYNC_PERIOD_INSERT_LOAD_TARGET_TRANSFORMATION_IOT_LAST_UPDATE_DATE__C","5.0","IOT_last_update_date__c","VFGE_IOT_SYNC_PERIOD_INSERT_STEP_2","LAST_UPDATED_DATE"
"MAP00001089","VFGE_IOT_SYNC_1ST_PARTICIPANT_INSERT_LOAD_TARGET_TRANSFORMATION_DEAL_NUMBER_SRC__C","1.0","Deal_Number_Src__c","VFGE_IOT_SYNC_1ST_PARTICIPANT_INSERT_STEP_2","DEAL_INDEX"
"MAP00001090","VFGE_IOT_SYNC_1ST_PARTICIPANT_INSERT_LOAD_TARGET_TRANSFORMATION_ENTITY_CATEGORY__C","2.0","Entity_Category__c","VFGE_IOT_SYNC_1ST_PARTICIPANT_INSERT_STEP_2","""Vodafone"""
"MAP00001091","VFGE_IOT_SYNC_1ST_PARTICIPANT_INSERT_LOAD_TARGET_TRANSFORMATION_IOT_LAST_UPDATE_DATE__C","3.0","IOT_last_update_date__c","VFGE_IOT_SYNC_1ST_PARTICIPANT_INSERT_STEP_2","LAST_UPDATED_DATE"
"MAP00001092","VFGE_IOT_SYNC_1ST_PARTICIPANT_INSERT_LOAD_TARGET_TRANSFORMATION_PARTICIPANT__C","4.0","Participant__c","VFGE_IOT_SYNC_1ST_PARTICIPANT_INSERT_STEP_2","IS_PARTICIPANT != 0 ? true : false"
"MAP00001093","VFGE_IOT_SYNC_1ST_PARTICIPANT_INSERT_LOAD_TARGET_TRANSFORMATION_PERIOD_INDEX_SRC__C","5.0","Period_Index_Src__c","VFGE_IOT_SYNC_1ST_PARTICIPANT_INSERT_STEP_2","PERIOD_INDEX"
"MAP00001094","VFGE_IOT_SYNC_1ST_PARTICIPANT_INSERT_LOAD_TARGET_TRANSFORMATION_SIGNING__C","6.0","Signing__c","VFGE_IOT_SYNC_1ST_PARTICIPANT_INSERT_STEP_2","IS_SIGNER != 0 ? true : false"
"MAP00001095","VFGE_IOT_SYNC_1ST_PARTICIPANT_INSERT_LOAD_TARGET_TRANSFORMATION_TADIG_CODE_SRC__C","7.0","Tadig_Code_Src__c","VFGE_IOT_SYNC_1ST_PARTICIPANT_INSERT_STEP_2","TADIG"
"MAP00001096","VFGE_IOT_SYNC_1ST_PARTICIPANT_INSERT_LOAD_TARGET_TRANSFORMATION_TARGET_END__C","8.0","Target_End__c","VFGE_IOT_SYNC_1ST_PARTICIPANT_INSERT_STEP_2","TARGET_FINISH"
"MAP00001097","VFGE_IOT_SYNC_1ST_PARTICIPANT_INSERT_LOAD_TARGET_TRANSFORMATION_TARGET_START__C","9.0","Target_Start__c","VFGE_IOT_SYNC_1ST_PARTICIPANT_INSERT_STEP_2","TARGET_START"
"MAP00001098","VFGE_IOT_SYNC_1ST_PARTICIPANT_INSERT_LOAD_TARGET_TRANSFORMATION_TARGET__C","10.0","Target__c","VFGE_IOT_SYNC_1ST_PARTICIPANT_INSERT_STEP_2","TARGET"
"MAP00001099","VFGE_IOT_SYNC_2ND_PARTICIPANT_INSERT_LOAD_TARGET_TRANSFORMATION_ENTITY_CATEGORY__C","1.0","Entity_Category__c","VFGE_IOT_SYNC_2ND_PARTICIPANT_INSERT_STEP_2","""Company"""
"MAP00001100","VFGE_IOT_SYNC_2ND_PARTICIPANT_INSERT_LOAD_TARGET_TRANSFORMATION_PARTICIPANT__C","2.0","Participant__c","VFGE_IOT_SYNC_2ND_PARTICIPANT_INSERT_STEP_2","IS_PARTICIPANT != 0 ? true : false"
"MAP00001101","VFGE_IOT_SYNC_2ND_PARTICIPANT_INSERT_LOAD_TARGET_TRANSFORMATION_SIGNING__C","3.0","Signing__c","VFGE_IOT_SYNC_2ND_PARTICIPANT_INSERT_STEP_2","IS_SIGNER != 0 ? true : false"
"MAP00001102","VFGE_IOT_SYNC_2ND_PARTICIPANT_INSERT_LOAD_TARGET_TRANSFORMATION_TARGET_END__C","4.0","Target_End__c","VFGE_IOT_SYNC_2ND_PARTICIPANT_INSERT_STEP_2","TARGET_FINISH"
"MAP00001103","VFGE_IOT_SYNC_2ND_PARTICIPANT_INSERT_LOAD_TARGET_TRANSFORMATION_TARGET_START__C","5.0","Target_Start__c","VFGE_IOT_SYNC_2ND_PARTICIPANT_INSERT_STEP_2","TARGET_START"
"MAP00001104","VFGE_IOT_SYNC_2ND_PARTICIPANT_INSERT_LOAD_TARGET_TRANSFORMATION_TARGET__C","6.0","Target__c","VFGE_IOT_SYNC_2ND_PARTICIPANT_INSERT_STEP_2","TARGET"
"MAP00001105","VFGE_IOT_SYNC_2ND_PARTICIPANT_INSERT_LOAD_TARGET_TRANSFORMATION_DEAL_NUMBER_SRC__C","7.0","Deal_Number_Src__c","VFGE_IOT_SYNC_2ND_PARTICIPANT_INSERT_STEP_2","DEAL_INDEX"
"MAP00001106","VFGE_IOT_SYNC_2ND_PARTICIPANT_INSERT_LOAD_TARGET_TRANSFORMATION_PERIOD_INDEX_SRC__C","8.0","Period_Index_Src__c","VFGE_IOT_SYNC_2ND_PARTICIPANT_INSERT_STEP_2","PERIOD_INDEX"
"MAP00001107","VFGE_IOT_SYNC_2ND_PARTICIPANT_INSERT_LOAD_TARGET_TRANSFORMATION_TADIG_CODE_SRC__C","9.0","Tadig_Code_Src__c","VFGE_IOT_SYNC_2ND_PARTICIPANT_INSERT_STEP_2","TADIG"
"MAP00001108","VFGE_IOT_SYNC_2ND_PARTICIPANT_INSERT_LOAD_TARGET_TRANSFORMATION_IOT_LAST_UPDATE_DATE__C","10.0","IOT_last_update_date__c","VFGE_IOT_SYNC_2ND_PARTICIPANT_INSERT_STEP_2","LAST_UPDATED_DATE"
"MAP00001109","VFGE_IOT_SYNC_HISTORY_WAITING_SYNC_LOAD_TARGET_TRANSFORMATION_ID","1.0","Id","VFGE_IOT_SYNC_HISTORY_WAITING_SYNC_STEP_2","ID"
"MAP00001110","VFGE_IOT_SYNC_HISTORY_WAITING_SYNC_LOAD_TARGET_TRANSFORMATION_STATUS__C","2.0","Status__c","VFGE_IOT_SYNC_HISTORY_WAITING_SYNC_STEP_2","""Waiting Synchronization Process"""
"MAP00001111","VFGE_IOT_SYNC_HISTORY_WAITING_SYNC_LOAD_TARGET_TRANSFORMATION_DATA_UPLOADED_TO_SFDC__C","3.0","Data_Uploaded_to_SFDC__c","VFGE_IOT_SYNC_HISTORY_WAITING_SYNC_STEP_2","true"
"MAP00001112","VFGE_IOT_SYNC_HISTORY_WAITING_SYNC_LOAD_TARGET_TRANSFORMATION_END_UPLOAD_DATA_DATE__C","4.0","End_Upload_Data_Date__c","VFGE_IOT_SYNC_HISTORY_WAITING_SYNC_STEP_2","util:getCurrentTimestamp()"
"MAP00001113","SYS_PURGE_SERVER_LOGS_FILTER_TRANSFORMATION_FILTER_TYPE","1.0","filterType","SYS_PURGE_SERVER_LOGS_FILTER","""Accept"""
"MAP00001114","SYS_PURGE_SERVER_LOGS_FILTER_TRANSFORMATION_FILTER","2.0","filter","SYS_PURGE_SERVER_LOGS_FILTER","util:iif(
  new(
    ""java.util.Date"", util:getCurrentTimestamp().getTime()
    -
    7*24*60*60*1000
  ).after(CREATEDDATE),
  true,
  false
)"
"MAP00001115","SYS_PURGE_SERVER_LOGS_FILE_TRANSFORMATION_INPUTFILENAME","2.0","inputFilename","SYS_PURGE_SERVER_LOGS_FILE","DIRECTORY + ""/"" + FILENAME"
"MAP00001116","SYS_PURGE_SERVER_LOGS_FILE_TRANSFORMATION_OUTPUTFILENAME","3.0","outputFilename","SYS_PURGE_SERVER_LOGS_FILE","FILENAME"
"MAP00001117","SYS_PURGE_SERVER_LOGS_FILE_TRANSFORMATION_FILEOPERATION","1.0","fileOperation","SYS_PURGE_SERVER_LOGS_FILE","""move"""
