"Name","Unique_ID__c","Entity__r.Unique_ID__c","Field_Name__c","Order__c","Type__c"
"FLD00001347","VRS_VFGE_COL_REPORT_EXTRACT_NAME","VRS_VFGE_COL_REPORT_EXTRACT_SOURCE","Footprint_Service_Detail__c.Name","1.0","String"
"FLD00001348","VRS_VFGE_COL_REPORT_EXTRACT_HPLMN_OPERATOR_TADIG","VRS_VFGE_COL_REPORT_EXTRACT_SOURCE","Footprint_Service_Detail__c.Footprint_Service__r.HPLMN_Operator_Tadig__c","2.0","String"
"FLD00001349","VRS_VFGE_COL_REPORT_EXTRACT_OPEN_DATE","VRS_VFGE_COL_REPORT_EXTRACT_SOURCE","Footprint_Service_Detail__c.Footprint_Service__r.Open_date_Formula__c","3.0","Date"
"FLD00001350","VRS_VFGE_COL_REPORT_EXTRACT_SO_TYPE","VRS_VFGE_COL_REPORT_EXTRACT_SOURCE","Footprint_Service_Detail__c.Footprint_Service__r.SO_Type__c","4.0","String"
"FLD00001351","VRS_VFGE_COL_REPORT_EXTRACT_VPLMN_OPERATOR_TADIG","VRS_VFGE_COL_REPORT_EXTRACT_SOURCE","Footprint_Service_Detail__c.Footprint_Service__r.VPLMN_Operator_Tadig__c","5.0","String"
"FLD00001352","VRS_VFGE_COL_REPORT_EXTRACT_FINANCIAL_DIRECTION","VRS_VFGE_COL_REPORT_EXTRACT_SOURCE","Footprint_Service_Detail__c.Footprint_Service__r.Financial_Direction__c","6.0","String"
"FLD00001353","VRS_VFGE_COL_REPORT_EXTRACT_HPLMN_HUB_TADIG_CODE","VRS_VFGE_COL_REPORT_EXTRACT_SOURCE","Footprint_Service_Detail__c.Footprint_Service__r.Footprint__r.HPLMN_HUB_TADIG_Code__c","7.0","String"
"FLD00001354","VRS_VFGE_COL_REPORT_EXTRACT_VPLMN_HUB_TADIG_CODE","VRS_VFGE_COL_REPORT_EXTRACT_SOURCE","Footprint_Service_Detail__c.Footprint_Service__r.Footprint__r.VPLMN_HUB_TADIG_Code__c","8.0","String"
"FLD00001355","VRS_VFGE_COL_REPORT_LOAD_DIRECTION","VRS_VFGE_COL_REPORT_LOAD_TARGET","DIRECTION","1.0","String"
"FLD00001356","VRS_VFGE_COL_REPORT_LOAD_VPMN","VRS_VFGE_COL_REPORT_LOAD_TARGET","VPMN","2.0","String"
"FLD00001357","VRS_VFGE_COL_REPORT_LOAD_VPMN_HUB","VRS_VFGE_COL_REPORT_LOAD_TARGET","VPMN_HUB","3.0","String"
"FLD00001358","VRS_VFGE_COL_REPORT_LOAD_HPMN","VRS_VFGE_COL_REPORT_LOAD_TARGET","HPMN","4.0","String"
"FLD00001359","VRS_VFGE_COL_REPORT_LOAD_HPMN_HUB","VRS_VFGE_COL_REPORT_LOAD_TARGET","HPMN_HUB","5.0","String"
"FLD00001360","VRS_VFGE_COL_REPORT_LOAD_CONNECTION_CALL_TYPE","VRS_VFGE_COL_REPORT_LOAD_TARGET","CONNECTION_CALL_TYPE","6.0","String"
"FLD00001361","VRS_VFGE_COL_REPORT_LOAD_STATUS","VRS_VFGE_COL_REPORT_LOAD_TARGET","STATUS","7.0","String"
"FLD00001362","VRS_VFGE_COL_REPORT_LOAD_DATE","VRS_VFGE_COL_REPORT_LOAD_TARGET","DATE","8.0","String"
"FLD00001363","VRS_VFGE_COL_REPORT_LOAD_SERVICE","VRS_VFGE_COL_REPORT_LOAD_TARGET","SERVICE","9.0","String"
"FLD00001364","VRS_VFGE_IOT_SYNC_2ND_PARTICIPANT_EXTRACT_ID","VRS_VFGE_IOT_SYNC_2ND_PARTICIPANT_EXTRACT_SOURCE","Id","1.0","String"
"FLD00001365","VRS_VFGE_IOT_SYNC_2ND_PARTICIPANT_LOAD_ID","VRS_VFGE_IOT_SYNC_2ND_PARTICIPANT_LOAD_TARGET","Id","1.0","String"
"FLD00001366","VRS_VFGE_IOT_SYNC_1SF_PARTICIPANT_EXTRACT_ID","VRS_VFGE_IOT_SYNC_1ST_PARTICIPANT_EXTRACT_SOURCE","Id","1.0","String"
"FLD00001367","VRS_VFGE_IOT_SYNC_1ST_PARTICIPANT_LOAD_ID","VRS_VFGE_IOT_SYNC_1ST_PARTICIPANT_LOAD_TARGET","Id","1.0","String"
"FLD00001368","VRS_VFGE_IOT_SYNC_DEAL_EXTRACT_ID","VRS_VFGE_IOT_SYNC_DEAL_EXTRACT_SOURCE","Id","1.0","String"
"FLD00001369","VRS_VFGE_IOT_SYNC_DEAL_LOAD_ID","VRS_VFGE_IOT_SYNC_DEAL_LOAD_TARGET","Id","1.0","String"
"FLD00001370","VRS_VFGE_IOT_SYNC_PERIOD_LOAD_ID","VRS_VFGE_IOT_SYNC_PERIOD_LOAD_TARGET","Id","1.0","String"
"FLD00001371","VRS_VFGE_IOT_SYNC_HISTORICAL_EXTRACT_ID","VRS_VFGE_IOT_SYNC_HISTORICAL_EXTRACT_SOURCE","Id","1.0","String"
"FLD00001372","VRS_VFGE_IOT_SYNC_HISTORICAL_LOAD_ID","VRS_VFGE_IOT_SYNC_HISTORICAL_LOAD_TARGET","Id","1.0","String"
"FLD00001373","VRS_VFGE_IOT_SYNC_HISTORY_CLOSE_OPEN_ONES_EXTRACT_ID","VRS_VFGE_IOT_SYNC_HISTORY_CLOSE_OPEN_ONES_EXTRACT_S","Id","1.0","String"
"FLD00001374","VRS_VFGE_IOT_SYNC_HISTORY_CLOSE_OPEN_ONES_LOAD_ID","VRS_VFGE_IOT_SYNC_HISTORY_CLOSE_OPEN_ONES_LOAD_T","Id","1.0","String"
"FLD00001375","VRS_VFGE_IOT_SYNC_HISTORY_CLOSE_OPEN_ONES_LOAD_STATUS","VRS_VFGE_IOT_SYNC_HISTORY_CLOSE_OPEN_ONES_LOAD_T","Status__c","2.0","String"
"FLD00001376","VRS_VFGE_IOT_SYNC_HISTORY_CLOSE_OPEN_ONES_LOAD_END_PRO","VRS_VFGE_IOT_SYNC_HISTORY_CLOSE_OPEN_ONES_LOAD_T","End_Process_Date__c","4.0","Date"
"FLD00001377","VRS_VFGE_IOT_SYNC_HISTORICAL_EXTRACT_ERROR_MESSAGE","VRS_VFGE_IOT_SYNC_HISTORICAL_EXTRACT_SOURCE","Error_Message__c","2.0","String"
"FLD00001378","VRS_VFGE_IOT_SYNC_HISTORICAL_LOAD_ERROR_MESSAGE","VRS_VFGE_IOT_SYNC_HISTORICAL_LOAD_TARGET","Error_Message__c","2.0","String"
"FLD00001379","VRS_VFGE_IOT_SYNC_HISTORY_CLOSE_OPEN_ONES_EXTRACT_ERRO","VRS_VFGE_IOT_SYNC_HISTORY_CLOSE_OPEN_ONES_EXTRACT_S","Error_Message__c","2.0","String"
"FLD00001380","VRS_VFGE_IOT_SYNC_HISTORY_START_NEW_PROCESS_EXTRACT_ID","VRS_VFGE_IOT_SYNC_HISTORY_START_NEW_PROCESS_EXTRACT_S","Id","1.0","String"
"FLD00001381","VRS_VFGE_IOT_SYNC_HISTORY_START_NEW_PROCESS_LOAD_STATU","VRS_VFGE_IOT_SYNC_HISTORY_START_NEW_PROCESS_LOAD_T","Status__c","1.0","String"
"FLD00001382","VRS_VFGE_IOT_SYNC_HISTORY_START_NEW_PROCESS_LOAD_START","VRS_VFGE_IOT_SYNC_HISTORY_START_NEW_PROCESS_LOAD_T","Start_Process_Date__c","2.0","Date"
"FLD00001383","VRS_VFGE_IOT_SYNC_HISTORY_START_NEW_PROCESS_FILTER_FTY","VRS_VFGE_IOT_SYNC_HISTORY_START_NEW_PROCESS_FILTER","filterType","1.0","String"
"FLD00001384","VRS_VFGE_IOT_SYNC_HISTORY_START_NEW_PROCESS_FILTER_FIL","VRS_VFGE_IOT_SYNC_HISTORY_START_NEW_PROCESS_FILTER","filter","2.0","Boolean"
"FLD00001385","VRS_VFGE_IOT_SYNC_GET_CURRENT_PROCESS_ID_LOAD_ID","VRS_VFGE_IOT_SYNC_GET_CURRENT_PROCESS_ID_LOAD_T","Id","1.0","String"
"FLD00001386","VRS_VFGE_IOT_SYNC_GET_CURRENT_PROCESS_ID_LOAD_ERROR_ME","VRS_VFGE_IOT_SYNC_GET_CURRENT_PROCESS_ID_LOAD_T","Error Message","2.0","String"
"FLD00001387","VRS_VFGE_IOT_SYNC_GET_CURRENT_PROCESS_ID_LOAD_DATA_UPL","VRS_VFGE_IOT_SYNC_GET_CURRENT_PROCESS_ID_LOAD_T","Data Uploaded to SFDC","3.0","Boolean"
"FLD00001388","VRS_VFGE_IOT_SYNC_GET_CURRENT_PROCESS_ID_LOAD_END_UPLO","VRS_VFGE_IOT_SYNC_GET_CURRENT_PROCESS_ID_LOAD_T","End Upload Data Date","4.0","Date"
"FLD00001389","VRS_VFGE_IOT_SYNC_GET_CURRENT_PROCESS_ID_EXTRACT_ID","VRS_VFGE_IOT_SYNC_GET_CURRENT_PROCESS_ID_EXTRACT_S","Id","1.0","String"
"FLD00001390","VRS_VFGE_IOT_SYNC_GET_CURRENT_PROCESS_ID_EXTRACT_ERROR","VRS_VFGE_IOT_SYNC_GET_CURRENT_PROCESS_ID_EXTRACT_S","Error_Message__c","2.0","String"
"FLD00001391","VRS_VFGE_IOT_SYNC_GET_CURRENT_PROCESS_ID_EXTRACT_DATA_","VRS_VFGE_IOT_SYNC_GET_CURRENT_PROCESS_ID_EXTRACT_S","Data_Uploaded_to_SFDC","3.0","Boolean"
"FLD00001392","VRS_VFGE_IOT_SYNC_GET_CURRENT_PROCESS_ID_EXTRACT_END_U","VRS_VFGE_IOT_SYNC_GET_CURRENT_PROCESS_ID_EXTRACT_S","End_Upload_Data_Date__c","4.0","Date"
"FLD00001393","VRS_VFGE_IOT_SYNC_HISTORY_IMPORT_CSV_FILES_EXTRACT_ID","VRS_VFGE_IOT_SYNC_HISTORY_IMPORT_CSV_FILES_EXTRACT_SOU","Id","1.0","String"
"FLD00001394","VRS_VFGE_IOT_SYNC_HISTORY_IMPORT_CSV_FILES_EXTRACT_ERM","VRS_VFGE_IOT_SYNC_HISTORY_IMPORT_CSV_FILES_EXTRACT_SOU","Error Message","2.0","String"
"FLD00001395","VRS_VFGE_IOT_SYNC_HISTORY_IMPORT_CSV_FILES_EXTRACT_DUS","VRS_VFGE_IOT_SYNC_HISTORY_IMPORT_CSV_FILES_EXTRACT_SOU","Data Uploaded to SFDC","3.0","Boolean"
"FLD00001396","VRS_VFGE_IOT_SYNC_HISTORY_IMPORT_CSV_FILES_EXTRACT_EUD","VRS_VFGE_IOT_SYNC_HISTORY_IMPORT_CSV_FILES_EXTRACT_SOU","End Upload Data Date","4.0","String"
"FLD00001397","VRS_VFGE_IOT_SYNC_HISTORY_IMPORT_CSV_FILES_LOAD_ID","VRS_VFGE_IOT_SYNC_HISTORY_IMPORT_CSV_FILES_LOAD_TARGET","Id","1.0","String"
"FLD00001398","VRS_VFGE_IOT_SYNC_HISTORY_IMPORT_CSV_FILES_LOAD_STATUS","VRS_VFGE_IOT_SYNC_HISTORY_IMPORT_CSV_FILES_LOAD_TARGET","Status__c","2.0","String"
"FLD00001399","VRS_VFGE_IOT_SYNC_HISTORY_IMPORT_CSV_FILES_LOAD_ERRORM","VRS_VFGE_IOT_SYNC_HISTORY_IMPORT_CSV_FILES_LOAD_TARGET","Error_Message__c","3.0","String"
"FLD00001400","VRS_VFGE_IOT_SYNC_HISTORY_IMPORT_CSV_FILES_LOAD_EPD","VRS_VFGE_IOT_SYNC_HISTORY_IMPORT_CSV_FILES_LOAD_TARGET","End_Process_Date__c","4.0","Date"
"FLD00001401","VRS_VFGE_IOT_SYNC_IMPORT_FLAT_DEAL_IOT_DIS_CONTRACT_STATUS","VRS_VFGE_IOT_SYNC_IMPORT_FLAT_DEAL_EXTRACT_SOURCE","IOT_DIS_CONTRACT_STATUS","1.0","String"
"FLD00001402","VRS_VFGE_IOT_SYNC_IMPORT_FLAT_DEAL_NAME","VRS_VFGE_IOT_SYNC_IMPORT_FLAT_DEAL_EXTRACT_SOURCE","NAME","2.0","String"
"FLD00001403","VRS_VFGE_IOT_SYNC_IMPORT_FLAT_DEAL_DEAL_INDEX","VRS_VFGE_IOT_SYNC_IMPORT_FLAT_DEAL_EXTRACT_SOURCE","DEAL_INDEX","3.0","Integer"
"FLD00001404","VRS_VFGE_IOT_SYNC_IMPORT_FLAT_DEAL_DEAL_STATUS","VRS_VFGE_IOT_SYNC_IMPORT_FLAT_DEAL_EXTRACT_SOURCE","DEAL_STATUS","4.0","String"
"FLD00001405","VRS_VFGE_IOT_SYNC_IMPORT_FLAT_DEAL_VRS_DEAL_STATUS","VRS_VFGE_IOT_SYNC_IMPORT_FLAT_DEAL_EXTRACT_SOURCE","VRS_DEAL_STATUS","5.0","String"
"FLD00001406","VRS_VFGE_IOT_SYNC_IMPORT_FLAT_DEAL_NEGOTIATION_TEAM","VRS_VFGE_IOT_SYNC_IMPORT_FLAT_DEAL_EXTRACT_SOURCE","NEGOTIATION_TEAM","6.0","String"
"FLD00001407","VRS_VFGE_IOT_SYNC_IMPORT_FLAT_DEAL_CONTRACT_MANAGER","VRS_VFGE_IOT_SYNC_IMPORT_FLAT_DEAL_EXTRACT_SOURCE","CONTRACT_MANAGER","7.0","String"
"FLD00001408","VRS_VFGE_IOT_SYNC_IMPORT_FLAT_DEAL_LAST_DAY_OF_SIGNATURE","VRS_VFGE_IOT_SYNC_IMPORT_FLAT_DEAL_EXTRACT_SOURCE","LAST_DAY_OF_SIGNATURE","8.0","Date"
"FLD00001409","VRS_VFGE_IOT_SYNC_IMPORT_FLAT_DEAL_LAST_UPDATE_DATE","VRS_VFGE_IOT_SYNC_IMPORT_FLAT_DEAL_EXTRACT_SOURCE","LAST_UPDATE_DATE","9.0","Date"
"FLD00001410","VRS_VFGE_IOT_SYNC_IMPORT_FLAT_DEAL_NOTES","VRS_VFGE_IOT_SYNC_IMPORT_FLAT_DEAL_EXTRACT_SOURCE","NOTES","10.0","String"
"FLD00001411","VRS_VFGE_IOT_SYNC_IMPORT_FLAT_DEAL_COMMERCIAL_COMMENTS","VRS_VFGE_IOT_SYNC_IMPORT_FLAT_DEAL_EXTRACT_SOURCE","COMMERCIAL_COMMENTS","11.0","String"
"FLD00001412","VRS_VFGE_IOT_SYNC_IMPORT_FLAT_DEAL_COMMERCIAL_APPROVAL","VRS_VFGE_IOT_SYNC_IMPORT_FLAT_DEAL_EXTRACT_SOURCE","COMMERCIAL_APPROVAL","12.0","String"
"FLD00001413","VRS_VFGE_IOT_SYNC_IMPORT_FLAT_DEAL_COMMERCIAL_APPROVAL_DATE","VRS_VFGE_IOT_SYNC_IMPORT_FLAT_DEAL_EXTRACT_SOURCE","COMMERCIAL_APPROVAL_DATE","13.0","Date"
"FLD00001414","VRS_VFGE_IOT_SYNC_IMPORT_FLAT_DEAL_DCM_OWNER","VRS_VFGE_IOT_SYNC_IMPORT_FLAT_DEAL_EXTRACT_SOURCE","DCM_OWNER","14.0","String"
"FLD00001415","VRS_VFGE_IOT_SYNC_IMPORT_FLAT_DEAL_DCM_APPROVAL","VRS_VFGE_IOT_SYNC_IMPORT_FLAT_DEAL_EXTRACT_SOURCE","DCM_APPROVAL","15.0","String"
"FLD00001416","VRS_VFGE_IOT_SYNC_IMPORT_FLAT_DEAL_DCM_COMMENTS","VRS_VFGE_IOT_SYNC_IMPORT_FLAT_DEAL_EXTRACT_SOURCE","DCM_COMMENTS","16.0","String"
"FLD00001417","VRS_VFGE_IOT_SYNC_IMPORT_FLAT_DEAL_DCM_APPROVAL_DATE","VRS_VFGE_IOT_SYNC_IMPORT_FLAT_DEAL_EXTRACT_SOURCE","DCM_APPROVAL_DATE","17.0","Date"
"FLD00001418","VRS_VFGE_IOT_SYNC_IMPORT_FLAT_DEAL_DATE_OF_LAST_SIGNATURE","VRS_VFGE_IOT_SYNC_IMPORT_FLAT_DEAL_EXTRACT_SOURCE","DATE_OF_LAST_SIGNATURE","18.0","Date"
"FLD00001419","VRS_VFGE_IOT_SYNC_IMPORT_FLAT_DEAL_LEGAL_OWNER","VRS_VFGE_IOT_SYNC_IMPORT_FLAT_DEAL_EXTRACT_SOURCE","LEGAL_OWNER","19.0","String"
"FLD00001420","VRS_VFGE_IOT_SYNC_IMPORT_FLAT_DEAL_LEGAL_APPROVAL","VRS_VFGE_IOT_SYNC_IMPORT_FLAT_DEAL_EXTRACT_SOURCE","LEGAL_APPROVAL","20.0","String"
"FLD00001421","VRS_VFGE_IOT_SYNC_IMPORT_FLAT_DEAL_LEGAL_COMMENTS","VRS_VFGE_IOT_SYNC_IMPORT_FLAT_DEAL_EXTRACT_SOURCE","LEGAL_COMMENTS","21.0","String"
"FLD00001422","VRS_VFGE_IOT_SYNC_IMPORT_FLAT_DEAL_LEGAL_APPROVAL_DATE","VRS_VFGE_IOT_SYNC_IMPORT_FLAT_DEAL_EXTRACT_SOURCE","LEGAL_APPROVAL_DATE","22.0","Date"
"FLD00001423","VRS_VFGE_IOT_SYNC_IMPORT_FLAT_DEAL_FINANCE_OWNER","VRS_VFGE_IOT_SYNC_IMPORT_FLAT_DEAL_EXTRACT_SOURCE","FINANCE_OWNER","23.0","String"
"FLD00001424","VRS_VFGE_IOT_SYNC_IMPORT_FLAT_DEAL_FINANCE_APPROVAL","VRS_VFGE_IOT_SYNC_IMPORT_FLAT_DEAL_EXTRACT_SOURCE","FINANCE_APPROVAL","24.0","String"
"FLD00001425","VRS_VFGE_IOT_SYNC_IMPORT_FLAT_DEAL_FINANCE_COMMENTS","VRS_VFGE_IOT_SYNC_IMPORT_FLAT_DEAL_EXTRACT_SOURCE","FINANCE_COMMENTS","25.0","String"
"FLD00001426","VRS_VFGE_IOT_SYNC_IMPORT_FLAT_DEAL_FINANCE_APPROVAL_DATE","VRS_VFGE_IOT_SYNC_IMPORT_FLAT_DEAL_EXTRACT_SOURCE","FINANCE_APPROVAL_DATE","26.0","Date"
"FLD00001427","VRS_VFGE_IOT_SYNC_IMPORT_FLAT_DEAL_TAX_OWNER","VRS_VFGE_IOT_SYNC_IMPORT_FLAT_DEAL_EXTRACT_SOURCE","TAX_OWNER","27.0","String"
"FLD00001428","VRS_VFGE_IOT_SYNC_IMPORT_FLAT_DEAL_TAX_APPROVAL","VRS_VFGE_IOT_SYNC_IMPORT_FLAT_DEAL_EXTRACT_SOURCE","TAX_APPROVAL","28.0","String"
"FLD00001429","VRS_VFGE_IOT_SYNC_IMPORT_FLAT_DEAL_TAX_COMMENTS","VRS_VFGE_IOT_SYNC_IMPORT_FLAT_DEAL_EXTRACT_SOURCE","TAX_COMMENTS","29.0","String"
"FLD00001430","VRS_VFGE_IOT_SYNC_IMPORT_FLAT_DEAL_TAX_APPROVAL_DATE","VRS_VFGE_IOT_SYNC_IMPORT_FLAT_DEAL_EXTRACT_SOURCE","TAX_APPROVAL_DATE","30.0","Date"
"FLD00001431","VRS_VFGE_IOT_SYNC_IMPORT_FLAT_DEAL_CSS_SIGNED_DATE","VRS_VFGE_IOT_SYNC_IMPORT_FLAT_DEAL_EXTRACT_SOURCE","CSS_SIGNED_DATE","31.0","Date"
"FLD00001432","VRS_VFGE_IOT_SYNC_IMPORT_FLAT_DEAL_CSS_COMMENTS","VRS_VFGE_IOT_SYNC_IMPORT_FLAT_DEAL_EXTRACT_SOURCE","CSS_COMMENTS","32.0","String"
"FLD00001433","VRS_VFGE_IOT_SYNC_IMPORT_FLAT_DEAL_LOA_SIGNED_DATE","VRS_VFGE_IOT_SYNC_IMPORT_FLAT_DEAL_EXTRACT_SOURCE","LOA_SIGNED_DATE","33.0","Date"
"FLD00001434","VRS_VFGE_IOT_SYNC_IMPORT_FLAT_DEAL_LOA_COMMENTS","VRS_VFGE_IOT_SYNC_IMPORT_FLAT_DEAL_EXTRACT_SOURCE","LOA_COMMENTS","34.0","String"
"FLD00001435","VRS_VFGE_IOT_SYNC_IMPORT_FLAT_DEAL_CONTACT_PERSON","VRS_VFGE_IOT_SYNC_IMPORT_FLAT_DEAL_EXTRACT_SOURCE","CONTACT_PERSON","35.0","String"
"FLD00001436","VRS_VFGE_IOT_SYNC_IMPORT_FLAT_DEAL_TEL_NO","VRS_VFGE_IOT_SYNC_IMPORT_FLAT_DEAL_EXTRACT_SOURCE","TEL_NO","36.0","String"
"FLD00001437","VRS_VFGE_IOT_SYNC_IMPORT_FLAT_DEAL_EMAIL_ADDRESS","VRS_VFGE_IOT_SYNC_IMPORT_FLAT_DEAL_EXTRACT_SOURCE","EMAIL_ADDRESS","37.0","String"
"FLD00001438","VRS_VFGE_IOT_SYNC_IMPORT_FLAT_DEAL_TYPE_OF_IOT_DISC_CONTRACT","VRS_VFGE_IOT_SYNC_IMPORT_FLAT_DEAL_EXTRACT_SOURCE","TYPE_OF_IOT_DISC_CONTRACT","38.0","String"
"FLD00001439","VRS_VFGE_IOT_SYNC_IMPORT_FLAT_DEAL_LOA_STATUS","VRS_VFGE_IOT_SYNC_IMPORT_FLAT_DEAL_EXTRACT_SOURCE","LOA_STATUS","39.0","String"
"FLD00001440","VRS_VFGE_IOT_SYNC_IMPORT_FLAT_DEAL_NOTIFY_CONTRACT_MANAGER","VRS_VFGE_IOT_SYNC_IMPORT_FLAT_DEAL_EXTRACT_SOURCE","NOTIFY_CONTRACT_MANAGER","40.0","String"
"FLD00001441","VRS_VFGE_IOT_SYNC_IMPORT_FLAT_DEAL_CONTRACT_MANAGER_NOTIFIED","VRS_VFGE_IOT_SYNC_IMPORT_FLAT_DEAL_EXTRACT_SOURCE","CONTRACT_MANAGER_NOTIFIED","41.0","String"
"FLD00001442","VRS_VFGE_IOT_SYNC_IMPORT_FLAT_DEAL_PLANNED_NEGOTIATION_START_DATE","VRS_VFGE_IOT_SYNC_IMPORT_FLAT_DEAL_EXTRACT_SOURCE","PLANNED_NEGOTIATION_START_DATE","42.0","Date"
"FLD00001443","VRS_VFGE_IOT_SYNC_IMPORT_FLAT_DEAL_ACTUAL_NEGOTIATION_START_DATE","VRS_VFGE_IOT_SYNC_IMPORT_FLAT_DEAL_EXTRACT_SOURCE","ACTUAL_NEGOTIATION_START_DATE","43.0","Date"
"FLD00001444","VRS_VFGE_IOT_SYNC_IMPORT_FLAT_DEAL_DAYS_TO_NEGOTIATION_START","VRS_VFGE_IOT_SYNC_IMPORT_FLAT_DEAL_EXTRACT_SOURCE","DAYS_TO_NEGOTIATION_START","44.0","Integer"
"FLD00001445","VRS_VFGE_IOT_SYNC_IMPORT_FLAT_DEAL_PLANNED_NEGOTIATION_END_DATE","VRS_VFGE_IOT_SYNC_IMPORT_FLAT_DEAL_EXTRACT_SOURCE","PLANNED_NEGOTIATION_END_DATE","45.0","Date"
"FLD00001446","VRS_VFGE_IOT_SYNC_IMPORT_FLAT_DEAL_ACTUAL_NEGOTIATION_FINISH_DATE","VRS_VFGE_IOT_SYNC_IMPORT_FLAT_DEAL_EXTRACT_SOURCE","ACTUAL_NEGOTIATION_FINISH_DATE","46.0","Date"
"FLD00001447","VRS_VFGE_IOT_SYNC_IMPORT_FLAT_DEAL_AUTO_RENEWAL","VRS_VFGE_IOT_SYNC_IMPORT_FLAT_DEAL_EXTRACT_SOURCE","AUTO_RENEWAL","47.0","String"
"FLD00001448","VRS_VFGE_IOT_SYNC_IMPORT_FLAT_DEAL_VALIDATION_STATUS","VRS_VFGE_IOT_SYNC_IMPORT_FLAT_DEAL_EXTRACT_SOURCE","VALIDATION_STATUS","48.0","String"
"FLD00001449","VRS_VFGE_IOT_SYNC_IMPORT_FLAT_DEAL_LOAD_ID","VRS_VFGE_IOT_SYNC_IMPORT_FLAT_DEAL_LOAD_TARGET","ID","1.0","String"
"FLD00001450","VRS_VFGE_IOT_SYNC_IMPORT_FLAT_DEAL_LOAD_NAME","VRS_VFGE_IOT_SYNC_IMPORT_FLAT_DEAL_LOAD_TARGET","NAME","2.0","String"
"FLD00001451","VRS_VFGE_IOT_SYNC_IMPORT_FLAT_DEAL_LOAD_CONTRACT_CATEGORY__C","VRS_VFGE_IOT_SYNC_IMPORT_FLAT_DEAL_LOAD_TARGET","CONTRACT_CATEGORY__C","3.0","String"
"FLD00001452","VRS_VFGE_IOT_SYNC_IMPORT_FLAT_DEAL_LOAD_CONTRACT_NAME__C","VRS_VFGE_IOT_SYNC_IMPORT_FLAT_DEAL_LOAD_TARGET","CONTRACT_NAME__C","4.0","String"
"FLD00001453","VRS_VFGE_IOT_SYNC_IMPORT_FLAT_DEAL_LOAD_DEAL_STATUS__C","VRS_VFGE_IOT_SYNC_IMPORT_FLAT_DEAL_LOAD_TARGET","DEAL_STATUS__C","5.0","String"
"FLD00001454","VRS_VFGE_IOT_SYNC_IMPORT_FLAT_DEAL_LOAD_INITIAL_CONTACT_COMMENTS__C","VRS_VFGE_IOT_SYNC_IMPORT_FLAT_DEAL_LOAD_TARGET","INITIAL_CONTACT_COMMENTS__C","7.0","String"
"FLD00001455","VRS_VFGE_IOT_SYNC_IMPORT_FLAT_DEAL_LOAD_NEGOTIATION_TEAM__C","VRS_VFGE_IOT_SYNC_IMPORT_FLAT_DEAL_LOAD_TARGET","NEGOTIATION_TEAM__C","8.0","String"
"FLD00001456","VRS_VFGE_IOT_SYNC_IMPORT_FLAT_DEAL_LOAD_CONTRACT_MANAGER__C","VRS_VFGE_IOT_SYNC_IMPORT_FLAT_DEAL_LOAD_TARGET","CONTRACT_MANAGER__C","9.0","String"
"FLD00001457","VRS_VFGE_IOT_SYNC_IMPORT_FLAT_DEAL_LOAD_CAS_COMMENTS__C","VRS_VFGE_IOT_SYNC_IMPORT_FLAT_DEAL_LOAD_TARGET","CAS_COMMENTS__C","10.0","String"
"FLD00001458","VRS_VFGE_IOT_SYNC_IMPORT_FLAT_DEAL_LOAD_LEGAL_SRC__C","VRS_VFGE_IOT_SYNC_IMPORT_FLAT_DEAL_LOAD_TARGET","LEGAL_SRC__C","11.0","String"
"FLD00001459","VRS_VFGE_IOT_SYNC_IMPORT_FLAT_DEAL_LOAD_FINANCE_SRC__C","VRS_VFGE_IOT_SYNC_IMPORT_FLAT_DEAL_LOAD_TARGET","FINANCE_SRC__C","12.0","String"
"FLD00001460","VRS_VFGE_IOT_SYNC_IMPORT_FLAT_DEAL_LOAD_TAX_SRC__C","VRS_VFGE_IOT_SYNC_IMPORT_FLAT_DEAL_LOAD_TARGET","TAX_SRC__C","13.0","String"
"FLD00001461","VRS_VFGE_IOT_SYNC_IMPORT_FLAT_DEAL_LOAD_CAS_DATE__C","VRS_VFGE_IOT_SYNC_IMPORT_FLAT_DEAL_LOAD_TARGET","CAS_DATE__C","14.0","Date"
"FLD00001462","VRS_VFGE_IOT_SYNC_IMPORT_FLAT_DEAL_LOAD_PLANNED_NEGOT_START_DATE__C","VRS_VFGE_IOT_SYNC_IMPORT_FLAT_DEAL_LOAD_TARGET","PLANNED_NEGOT_START_DATE__C","15.0","Date"
"FLD00001463","VRS_VFGE_IOT_SYNC_IMPORT_FLAT_DEAL_LOAD_PLANNED_NEGOT_END_DATE__C","VRS_VFGE_IOT_SYNC_IMPORT_FLAT_DEAL_LOAD_TARGET","PLANNED_NEGOT_END_DATE__C","16.0","Date"
"FLD00001464","VRS_VFGE_IOT_SYNC_IMPORT_FLAT_DEAL_LOAD_ACTUAL_NEGOT_START_DATE__C","VRS_VFGE_IOT_SYNC_IMPORT_FLAT_DEAL_LOAD_TARGET","ACTUAL_NEGOT_START_DATE__C","17.0","Date"
"FLD00001465","VRS_VFGE_IOT_SYNC_IMPORT_FLAT_DEAL_LOAD_ACTUAL_NEGOT_END_DATE__C","VRS_VFGE_IOT_SYNC_IMPORT_FLAT_DEAL_LOAD_TARGET","ACTUAL_NEGOT_END_DATE__C","18.0","Date"
"FLD00001466","VRS_VFGE_IOT_SYNC_IMPORT_FLAT_DEAL_LOAD_CONTACT_PERSON_SRC","VRS_VFGE_IOT_SYNC_IMPORT_FLAT_DEAL_LOAD_TARGET","CONTACT_PERSON_SRC","19.0","String"
"FLD00001467","VRS_VFGE_IOT_SYNC_IMPORT_FLAT_DEAL_LOAD_TELEFONE_NUMBER_SRC","VRS_VFGE_IOT_SYNC_IMPORT_FLAT_DEAL_LOAD_TARGET","TELEFONE_NUMBER_SRC","20.0","String"
"FLD00001468","VRS_VFGE_IOT_SYNC_IMPORT_FLAT_DEAL_LOAD_EMAIL_ADDRESS_SRC","VRS_VFGE_IOT_SYNC_IMPORT_FLAT_DEAL_LOAD_TARGET","EMAIL_ADDRESS_SRC","21.0","String"
"FLD00001469","VRS_VFGE_IOT_SYNC_IMPORT_FLAT_DEAL_LOAD_IS_FA","VRS_VFGE_IOT_SYNC_IMPORT_FLAT_DEAL_LOAD_TARGET","IS_FA","22.0","Boolean"
"FLD00001470","VRS_VFGE_IOT_SYNC_IMPORT_FLAT_DEAL_LOAD_AUTO_RENEW","VRS_VFGE_IOT_SYNC_IMPORT_FLAT_DEAL_LOAD_TARGET","AUTO_RENEW","22.0","Boolean"
"FLD00001471","VRS_VFGE_IOT_SYNC_IMPORT_FLAT_DEAL_LOAD_VALIDATION_STATUS","VRS_VFGE_IOT_SYNC_IMPORT_FLAT_DEAL_LOAD_TARGET","VALIDATION_STATUS","23.0","String"
"FLD00001472","VRS_VFGE_IOT_SYNC_IMPORT_FLAT_DISCOUNT_PERIODS_EXTRACT_SOURCE_PERIOD_INDEX","VRS_VFGE_IOT_SYNC_IMPORT_FLAT_DISCOUNT_PERIODS_EXTRACT_SOURCE","PERIOD_INDEX","1.0","String"
"FLD00001473","VRS_VFGE_IOT_SYNC_IMPORT_FLAT_DISCOUNT_PERIODS_EXTRACT_SOURCE_DEAL_INDEX","VRS_VFGE_IOT_SYNC_IMPORT_FLAT_DISCOUNT_PERIODS_EXTRACT_SOURCE","DEAL_INDEX","2.0","String"
"FLD00001474","VRS_VFGE_IOT_SYNC_IMPORT_FLAT_DISCOUNT_PERIODS_EXTRACT_SOURCE_DEAL_NAME","VRS_VFGE_IOT_SYNC_IMPORT_FLAT_DISCOUNT_PERIODS_EXTRACT_SOURCE","DEAL_NAME","3.0","String"
"FLD00001475","VRS_VFGE_IOT_SYNC_IMPORT_FLAT_DISCOUNT_PERIODS_EXTRACT_SOURCE_NEGOTIATION_TEAM","VRS_VFGE_IOT_SYNC_IMPORT_FLAT_DISCOUNT_PERIODS_EXTRACT_SOURCE","NEGOTIATION_TEAM","4.0","String"
"FLD00001476","VRS_VFGE_IOT_SYNC_IMPORT_FLAT_DISCOUNT_PERIODS_EXTRACT_SOURCE_DEAL_TYPE","VRS_VFGE_IOT_SYNC_IMPORT_FLAT_DISCOUNT_PERIODS_EXTRACT_SOURCE","DEAL_TYPE","5.0","String"
"FLD00001477","VRS_VFGE_IOT_SYNC_IMPORT_FLAT_DISCOUNT_PERIODS_EXTRACT_SOURCE_VRS_DEAL_STATUS","VRS_VFGE_IOT_SYNC_IMPORT_FLAT_DISCOUNT_PERIODS_EXTRACT_SOURCE","VRS_DEAL_STATUS","6.0","String"
"FLD00001478","VRS_VFGE_IOT_SYNC_IMPORT_FLAT_DISCOUNT_PERIODS_EXTRACT_SOURCE_VRS_DISC_CONT_STATUS","VRS_VFGE_IOT_SYNC_IMPORT_FLAT_DISCOUNT_PERIODS_EXTRACT_SOURCE","VRS_DISC_CONT_STATUS","7.0","String"
"FLD00001479","VRS_VFGE_IOT_SYNC_IMPORT_FLAT_DISCOUNT_PERIODS_EXTRACT_SOURCE_ACTIVE","VRS_VFGE_IOT_SYNC_IMPORT_FLAT_DISCOUNT_PERIODS_EXTRACT_SOURCE","ACTIVE","8.0","String"
"FLD00001480","VRS_VFGE_IOT_SYNC_IMPORT_FLAT_DISCOUNT_PERIODS_EXTRACT_SOURCE_PERIOD_FROM","VRS_VFGE_IOT_SYNC_IMPORT_FLAT_DISCOUNT_PERIODS_EXTRACT_SOURCE","PERIOD_FROM","9.0","String"
"FLD00001481","VRS_VFGE_IOT_SYNC_IMPORT_FLAT_DISCOUNT_PERIODS_EXTRACT_SOURCE_PERIOD_TO","VRS_VFGE_IOT_SYNC_IMPORT_FLAT_DISCOUNT_PERIODS_EXTRACT_SOURCE","PERIOD_TO","10.0","String"
"FLD00001482","VRS_VFGE_IOT_SYNC_IMPORT_FLAT_DISCOUNT_PERIODS_EXTRACT_SOURCE_TAX_DISC_RATES","VRS_VFGE_IOT_SYNC_IMPORT_FLAT_DISCOUNT_PERIODS_EXTRACT_SOURCE","TAX_DISC_RATES","11.0","String"
"FLD00001483","VRS_VFGE_IOT_SYNC_IMPORT_FLAT_DISCOUNT_PERIODS_EXTRACT_SOURCE_OB_TAX_RATE","VRS_VFGE_IOT_SYNC_IMPORT_FLAT_DISCOUNT_PERIODS_EXTRACT_SOURCE","OB_TAX_RATE","12.0","String"
"FLD00001484","VRS_VFGE_IOT_SYNC_IMPORT_FLAT_DISCOUNT_PERIODS_EXTRACT_SOURCE_EMBEDDED_DERIVATIVES","VRS_VFGE_IOT_SYNC_IMPORT_FLAT_DISCOUNT_PERIODS_EXTRACT_SOURCE","EMBEDDED_DERIVATIVES","13.0","String"
"FLD00001485","VRS_VFGE_IOT_SYNC_IMPORT_FLAT_DISCOUNT_PERIODS_EXTRACT_SOURCE_VOICE_MO_DISCOUNTS_INCL","VRS_VFGE_IOT_SYNC_IMPORT_FLAT_DISCOUNT_PERIODS_EXTRACT_SOURCE","VOICE_MO_DISCOUNTS_INCL","14.0","String"
"FLD00001486","VRS_VFGE_IOT_SYNC_IMPORT_FLAT_DISCOUNT_PERIODS_EXTRACT_SOURCE_VOICE_MT_DISCOUNTS_INCL","VRS_VFGE_IOT_SYNC_IMPORT_FLAT_DISCOUNT_PERIODS_EXTRACT_SOURCE","VOICE_MT_DISCOUNTS_INCL","15.0","String"
"FLD00001487","VRS_VFGE_IOT_SYNC_IMPORT_FLAT_DISCOUNT_PERIODS_EXTRACT_SOURCE_SMS_DISCOUNTS_INCL","VRS_VFGE_IOT_SYNC_IMPORT_FLAT_DISCOUNT_PERIODS_EXTRACT_SOURCE","SMS_DISCOUNTS_INCL","16.0","String"
"FLD00001488","VRS_VFGE_IOT_SYNC_IMPORT_FLAT_DISCOUNT_PERIODS_EXTRACT_SOURCE_DATA_DISCOUNTS_INCL","VRS_VFGE_IOT_SYNC_IMPORT_FLAT_DISCOUNT_PERIODS_EXTRACT_SOURCE","DATA_DISCOUNTS_INCL","17.0","String"
"FLD00001489","VRS_VFGE_IOT_SYNC_IMPORT_FLAT_DISCOUNT_PERIODS_EXTRACT_SOURCE_COND_VOICE_MO_DISCOUNTS","VRS_VFGE_IOT_SYNC_IMPORT_FLAT_DISCOUNT_PERIODS_EXTRACT_SOURCE","COND_VOICE_MO_DISCOUNTS","18.0","String"
"FLD00001490","VRS_VFGE_IOT_SYNC_IMPORT_FLAT_DISCOUNT_PERIODS_EXTRACT_SOURCE_COND_VOICE_MT_DISCOUNTS","VRS_VFGE_IOT_SYNC_IMPORT_FLAT_DISCOUNT_PERIODS_EXTRACT_SOURCE","COND_VOICE_MT_DISCOUNTS","19.0","String"
"FLD00001491","VRS_VFGE_IOT_SYNC_IMPORT_FLAT_DISCOUNT_PERIODS_EXTRACT_SOURCE_IB_VOICE_TRAFFIC_COMM","VRS_VFGE_IOT_SYNC_IMPORT_FLAT_DISCOUNT_PERIODS_EXTRACT_SOURCE","IB_VOICE_TRAFFIC_COMM","20.0","String"
"FLD00001492","VRS_VFGE_IOT_SYNC_IMPORT_FLAT_DISCOUNT_PERIODS_EXTRACT_SOURCE_DEFINITION_OF_MIN","VRS_VFGE_IOT_SYNC_IMPORT_FLAT_DISCOUNT_PERIODS_EXTRACT_SOURCE","DEFINITION_OF_MIN","21.0","String"
"FLD00001493","VRS_VFGE_IOT_SYNC_IMPORT_FLAT_DISCOUNT_PERIODS_EXTRACT_SOURCE_OB_VOICE_TRAFFIC_COMM","VRS_VFGE_IOT_SYNC_IMPORT_FLAT_DISCOUNT_PERIODS_EXTRACT_SOURCE","OB_VOICE_TRAFFIC_COMM","22.0","String"
"FLD00001494","VRS_VFGE_IOT_SYNC_IMPORT_FLAT_DISCOUNT_PERIODS_EXTRACT_SOURCE_COND_SMS_DISCOUNTS","VRS_VFGE_IOT_SYNC_IMPORT_FLAT_DISCOUNT_PERIODS_EXTRACT_SOURCE","COND_SMS_DISCOUNTS","23.0","String"
"FLD00001495","VRS_VFGE_IOT_SYNC_IMPORT_FLAT_DISCOUNT_PERIODS_EXTRACT_SOURCE_IB_SMS_TRAFFIC_COMM","VRS_VFGE_IOT_SYNC_IMPORT_FLAT_DISCOUNT_PERIODS_EXTRACT_SOURCE","IB_SMS_TRAFFIC_COMM","24.0","String"
"FLD00001496","VRS_VFGE_IOT_SYNC_IMPORT_FLAT_DISCOUNT_PERIODS_EXTRACT_SOURCE_OB_SMS_TRAFFIC_COMM","VRS_VFGE_IOT_SYNC_IMPORT_FLAT_DISCOUNT_PERIODS_EXTRACT_SOURCE","OB_SMS_TRAFFIC_COMM","25.0","String"
"FLD00001497","VRS_VFGE_IOT_SYNC_IMPORT_FLAT_DISCOUNT_PERIODS_EXTRACT_SOURCE_COND_DATA_DISCOUNTS","VRS_VFGE_IOT_SYNC_IMPORT_FLAT_DISCOUNT_PERIODS_EXTRACT_SOURCE","COND_DATA_DISCOUNTS","26.0","String"
"FLD00001498","VRS_VFGE_IOT_SYNC_IMPORT_FLAT_DISCOUNT_PERIODS_EXTRACT_SOURCE_IB_DATA_TRAFFIC_COMM","VRS_VFGE_IOT_SYNC_IMPORT_FLAT_DISCOUNT_PERIODS_EXTRACT_SOURCE","IB_DATA_TRAFFIC_COMM","27.0","String"
"FLD00001499","VRS_VFGE_IOT_SYNC_IMPORT_FLAT_DISCOUNT_PERIODS_EXTRACT_SOURCE_DEFINITION_OF_MB","VRS_VFGE_IOT_SYNC_IMPORT_FLAT_DISCOUNT_PERIODS_EXTRACT_SOURCE","DEFINITION_OF_MB","28.0","String"
"FLD00001500","VRS_VFGE_IOT_SYNC_IMPORT_FLAT_DISCOUNT_PERIODS_EXTRACT_SOURCE_OB_DATA_TRAFFIC_COMM","VRS_VFGE_IOT_SYNC_IMPORT_FLAT_DISCOUNT_PERIODS_EXTRACT_SOURCE","OB_DATA_TRAFFIC_COMM","29.0","String"
"FLD00001501","VRS_VFGE_IOT_SYNC_IMPORT_FLAT_DISCOUNT_PERIODS_EXTRACT_SOURCE_MO_INIT_IB_TG_LY_NO_DEAL","VRS_VFGE_IOT_SYNC_IMPORT_FLAT_DISCOUNT_PERIODS_EXTRACT_SOURCE","MO_INIT_IB_TG_LY_NO_DEAL","30.0","String"
"FLD00001502","VRS_VFGE_IOT_SYNC_IMPORT_FLAT_DISCOUNT_PERIODS_EXTRACT_SOURCE_MO_INIT_IB_TG_LY_WITH_DEAL","VRS_VFGE_IOT_SYNC_IMPORT_FLAT_DISCOUNT_PERIODS_EXTRACT_SOURCE","MO_INIT_IB_TG_LY_WITH_DEAL","31.0","String"
"FLD00001503","VRS_VFGE_IOT_SYNC_IMPORT_FLAT_DISCOUNT_PERIODS_EXTRACT_SOURCE_VOICE_MO_INIT_IB_DISC_TYPE","VRS_VFGE_IOT_SYNC_IMPORT_FLAT_DISCOUNT_PERIODS_EXTRACT_SOURCE","VOICE_MO_INIT_IB_DISC_TYPE","32.0","String"
"FLD00001504","VRS_VFGE_IOT_SYNC_IMPORT_FLAT_DISCOUNT_PERIODS_EXTRACT_SOURCE_MO_INIT_IB_ACT_MIN_PERC_DISC","VRS_VFGE_IOT_SYNC_IMPORT_FLAT_DISCOUNT_PERIODS_EXTRACT_SOURCE","MO_INIT_IB_ACT_MIN_PERC_DISC","33.0","String"
"FLD00001505","VRS_VFGE_IOT_SYNC_IMPORT_FLAT_DISCOUNT_PERIODS_EXTRACT_SOURCE_MO_INIT_OB_TG_COUNTRY_LY","VRS_VFGE_IOT_SYNC_IMPORT_FLAT_DISCOUNT_PERIODS_EXTRACT_SOURCE","MO_INIT_OB_TG_COUNTRY_LY","34.0","String"
"FLD00001506","VRS_VFGE_IOT_SYNC_IMPORT_FLAT_DISCOUNT_PERIODS_EXTRACT_SOURCE_MO_INIT_OB_MS_3RD_WITH_DEAL","VRS_VFGE_IOT_SYNC_IMPORT_FLAT_DISCOUNT_PERIODS_EXTRACT_SOURCE","MO_INIT_OB_MS_3RD_WITH_DEAL","35.0","String"
"FLD00001507","VRS_VFGE_IOT_SYNC_IMPORT_FLAT_DISCOUNT_PERIODS_EXTRACT_SOURCE_MO_INIT_OB_MS_3RD_WO_DEAL","VRS_VFGE_IOT_SYNC_IMPORT_FLAT_DISCOUNT_PERIODS_EXTRACT_SOURCE","MO_INIT_OB_MS_3RD_WO_DEAL","36.0","String"
"FLD00001508","VRS_VFGE_IOT_SYNC_IMPORT_FLAT_DISCOUNT_PERIODS_EXTRACT_SOURCE_VOICE_MO_INIT_OB_DISC_TYPE","VRS_VFGE_IOT_SYNC_IMPORT_FLAT_DISCOUNT_PERIODS_EXTRACT_SOURCE","VOICE_MO_INIT_OB_DISC_TYPE","37.0","String"
"FLD00001509","VRS_VFGE_IOT_SYNC_IMPORT_FLAT_DISCOUNT_PERIODS_EXTRACT_SOURCE_MO_INIT_OB_ACT_MIN_EXCL_TAXES","VRS_VFGE_IOT_SYNC_IMPORT_FLAT_DISCOUNT_PERIODS_EXTRACT_SOURCE","MO_INIT_OB_ACT_MIN_EXCL_TAXES","38.0","String"
"FLD00001510","VRS_VFGE_IOT_SYNC_IMPORT_FLAT_DISCOUNT_PERIODS_EXTRACT_SOURCE_MO_INIT_OB_ACT_MIN_INCL_TAXES","VRS_VFGE_IOT_SYNC_IMPORT_FLAT_DISCOUNT_PERIODS_EXTRACT_SOURCE","MO_INIT_OB_ACT_MIN_INCL_TAXES","39.0","String"
"FLD00001511","VRS_VFGE_IOT_SYNC_IMPORT_FLAT_DISCOUNT_PERIODS_EXTRACT_SOURCE_MT_INIT_IB_TR_VS_MO_IB","VRS_VFGE_IOT_SYNC_IMPORT_FLAT_DISCOUNT_PERIODS_EXTRACT_SOURCE","MT_INIT_IB_TR_VS_MO_IB","40.0","String"
"FLD00001512","VRS_VFGE_IOT_SYNC_IMPORT_FLAT_DISCOUNT_PERIODS_EXTRACT_SOURCE_VOICE_MT_INIT_IB_DISC_TYPE","VRS_VFGE_IOT_SYNC_IMPORT_FLAT_DISCOUNT_PERIODS_EXTRACT_SOURCE","VOICE_MT_INIT_IB_DISC_TYPE","41.0","String"
"FLD00001513","VRS_VFGE_IOT_SYNC_IMPORT_FLAT_DISCOUNT_PERIODS_EXTRACT_SOURCE_MT_INIT_IB_ACT_MIN_PERC_DISC","VRS_VFGE_IOT_SYNC_IMPORT_FLAT_DISCOUNT_PERIODS_EXTRACT_SOURCE","MT_INIT_IB_ACT_MIN_PERC_DISC","42.0","String"
"FLD00001514","VRS_VFGE_IOT_SYNC_IMPORT_FLAT_DISCOUNT_PERIODS_EXTRACT_SOURCE_MT_INIT_OB_TR_VS_MO_OB","VRS_VFGE_IOT_SYNC_IMPORT_FLAT_DISCOUNT_PERIODS_EXTRACT_SOURCE","MT_INIT_OB_TR_VS_MO_OB","43.0","String"
"FLD00001515","VRS_VFGE_IOT_SYNC_IMPORT_FLAT_DISCOUNT_PERIODS_EXTRACT_SOURCE_VOICE_MT_INIT_OB_DISC_TYPE","VRS_VFGE_IOT_SYNC_IMPORT_FLAT_DISCOUNT_PERIODS_EXTRACT_SOURCE","VOICE_MT_INIT_OB_DISC_TYPE","44.0","String"
"FLD00001516","VRS_VFGE_IOT_SYNC_IMPORT_FLAT_DISCOUNT_PERIODS_EXTRACT_SOURCE_MT_INIT_OB_ACT_MIN_EXCL_TAXES","VRS_VFGE_IOT_SYNC_IMPORT_FLAT_DISCOUNT_PERIODS_EXTRACT_SOURCE","MT_INIT_OB_ACT_MIN_EXCL_TAXES","45.0","String"
"FLD00001517","VRS_VFGE_IOT_SYNC_IMPORT_FLAT_DISCOUNT_PERIODS_EXTRACT_SOURCE_MT_INIT_OB_ACT_MIN_INCL_TAXES","VRS_VFGE_IOT_SYNC_IMPORT_FLAT_DISCOUNT_PERIODS_EXTRACT_SOURCE","MT_INIT_OB_ACT_MIN_INCL_TAXES","46.0","String"
"FLD00001518","VRS_VFGE_IOT_SYNC_IMPORT_FLAT_DISCOUNT_PERIODS_EXTRACT_SOURCE_SMS_INIT_TR_VS_MO_IB","VRS_VFGE_IOT_SYNC_IMPORT_FLAT_DISCOUNT_PERIODS_EXTRACT_SOURCE","SMS_INIT_TR_VS_MO_IB","47.0","String"
"FLD00001519","VRS_VFGE_IOT_SYNC_IMPORT_FLAT_DISCOUNT_PERIODS_EXTRACT_SOURCE_SMS_INIT_IB_DISC_TYPE","VRS_VFGE_IOT_SYNC_IMPORT_FLAT_DISCOUNT_PERIODS_EXTRACT_SOURCE","SMS_INIT_IB_DISC_TYPE","48.0","String"
"FLD00001520","VRS_VFGE_IOT_SYNC_IMPORT_FLAT_DISCOUNT_PERIODS_EXTRACT_SOURCE_SMS_INIT_IB_SMS_PERC_DISC","VRS_VFGE_IOT_SYNC_IMPORT_FLAT_DISCOUNT_PERIODS_EXTRACT_SOURCE","SMS_INIT_IB_SMS_PERC_DISC","49.0","String"
"FLD00001521","VRS_VFGE_IOT_SYNC_IMPORT_FLAT_DISCOUNT_PERIODS_EXTRACT_SOURCE_SMS_INIT_OB_TR_VS_MO_OB","VRS_VFGE_IOT_SYNC_IMPORT_FLAT_DISCOUNT_PERIODS_EXTRACT_SOURCE","SMS_INIT_OB_TR_VS_MO_OB","50.0","String"
"FLD00001522","VRS_VFGE_IOT_SYNC_IMPORT_FLAT_DISCOUNT_PERIODS_EXTRACT_SOURCE_SMS_INIT_OB_DISC_TYPE","VRS_VFGE_IOT_SYNC_IMPORT_FLAT_DISCOUNT_PERIODS_EXTRACT_SOURCE","SMS_INIT_OB_DISC_TYPE","51.0","String"
"FLD00001523","VRS_VFGE_IOT_SYNC_IMPORT_FLAT_DISCOUNT_PERIODS_EXTRACT_SOURCE_SMS_INIT_OB_SMS_EXCL_TAXES","VRS_VFGE_IOT_SYNC_IMPORT_FLAT_DISCOUNT_PERIODS_EXTRACT_SOURCE","SMS_INIT_OB_SMS_EXCL_TAXES","52.0","String"
"FLD00001524","VRS_VFGE_IOT_SYNC_IMPORT_FLAT_DISCOUNT_PERIODS_EXTRACT_SOURCE_SMS_INIT_OB_SMS_INCL_TAXES","VRS_VFGE_IOT_SYNC_IMPORT_FLAT_DISCOUNT_PERIODS_EXTRACT_SOURCE","SMS_INIT_OB_SMS_INCL_TAXES","53.0","String"
"FLD00001525","VRS_VFGE_IOT_SYNC_IMPORT_FLAT_DISCOUNT_PERIODS_EXTRACT_SOURCE_DATA_INIT_TR_VS_MO","VRS_VFGE_IOT_SYNC_IMPORT_FLAT_DISCOUNT_PERIODS_EXTRACT_SOURCE","DATA_INIT_TR_VS_MO","54.0","String"
"FLD00001526","VRS_VFGE_IOT_SYNC_IMPORT_FLAT_DISCOUNT_PERIODS_EXTRACT_SOURCE_DATA_INIT_IB_DISC_TYPE","VRS_VFGE_IOT_SYNC_IMPORT_FLAT_DISCOUNT_PERIODS_EXTRACT_SOURCE","DATA_INIT_IB_DISC_TYPE","55.0","String"
"FLD00001527","VRS_VFGE_IOT_SYNC_IMPORT_FLAT_DISCOUNT_PERIODS_EXTRACT_SOURCE_DATA_INIT_IB_MB_PERC_DISC","VRS_VFGE_IOT_SYNC_IMPORT_FLAT_DISCOUNT_PERIODS_EXTRACT_SOURCE","DATA_INIT_IB_MB_PERC_DISC","56.0","String"
"FLD00001528","VRS_VFGE_IOT_SYNC_IMPORT_FLAT_DISCOUNT_PERIODS_EXTRACT_SOURCE_DATA_INIT_OB_TR_VS_MO_OB","VRS_VFGE_IOT_SYNC_IMPORT_FLAT_DISCOUNT_PERIODS_EXTRACT_SOURCE","DATA_INIT_OB_TR_VS_MO_OB","57.0","String"
"FLD00001529","VRS_VFGE_IOT_SYNC_IMPORT_FLAT_DISCOUNT_PERIODS_EXTRACT_SOURCE_DATA_INIT_OB_DISC_TYPE","VRS_VFGE_IOT_SYNC_IMPORT_FLAT_DISCOUNT_PERIODS_EXTRACT_SOURCE","DATA_INIT_OB_DISC_TYPE","58.0","String"
"FLD00001530","VRS_VFGE_IOT_SYNC_IMPORT_FLAT_DISCOUNT_PERIODS_EXTRACT_SOURCE_DATA_INIT_OB_MB_EXCL_TAXES","VRS_VFGE_IOT_SYNC_IMPORT_FLAT_DISCOUNT_PERIODS_EXTRACT_SOURCE","DATA_INIT_OB_MB_EXCL_TAXES","59.0","String"
"FLD00001531","VRS_VFGE_IOT_SYNC_IMPORT_FLAT_DISCOUNT_PERIODS_EXTRACT_SOURCE_DATA_INIT_OB_MB_INCL_TAXES","VRS_VFGE_IOT_SYNC_IMPORT_FLAT_DISCOUNT_PERIODS_EXTRACT_SOURCE","DATA_INIT_OB_MB_INCL_TAXES","60.0","String"
"FLD00001532","VRS_VFGE_IOT_SYNC_IMPORT_FLAT_DISCOUNT_PERIODS_EXTRACT_SOURCE_VOICE_VAL_VS_DO_NOTHING","VRS_VFGE_IOT_SYNC_IMPORT_FLAT_DISCOUNT_PERIODS_EXTRACT_SOURCE","VOICE_VAL_VS_DO_NOTHING","61.0","String"
"FLD00001533","VRS_VFGE_IOT_SYNC_IMPORT_FLAT_DISCOUNT_PERIODS_EXTRACT_SOURCE_SMS_VAL_VS_DO_NOTHING","VRS_VFGE_IOT_SYNC_IMPORT_FLAT_DISCOUNT_PERIODS_EXTRACT_SOURCE","SMS_VAL_VS_DO_NOTHING","62.0","String"
"FLD00001534","VRS_VFGE_IOT_SYNC_IMPORT_FLAT_DISCOUNT_PERIODS_EXTRACT_SOURCE_DATA_VAL_VS_DO_NOTHING","VRS_VFGE_IOT_SYNC_IMPORT_FLAT_DISCOUNT_PERIODS_EXTRACT_SOURCE","DATA_VAL_VS_DO_NOTHING","63.0","String"
"FLD00001535","VRS_VFGE_IOT_SYNC_IMPORT_FLAT_DISCOUNT_PERIODS_EXTRACT_SOURCE_VOICE_VAL_VS_PREV_PERIOD","VRS_VFGE_IOT_SYNC_IMPORT_FLAT_DISCOUNT_PERIODS_EXTRACT_SOURCE","VOICE_VAL_VS_PREV_PERIOD","64.0","String"
"FLD00001536","VRS_VFGE_IOT_SYNC_IMPORT_FLAT_DISCOUNT_PERIODS_EXTRACT_SOURCE_SMS_VAL_VS_PREV_PERIOD","VRS_VFGE_IOT_SYNC_IMPORT_FLAT_DISCOUNT_PERIODS_EXTRACT_SOURCE","SMS_VAL_VS_PREV_PERIOD","65.0","String"
"FLD00001537","VRS_VFGE_IOT_SYNC_IMPORT_FLAT_DISCOUNT_PERIODS_EXTRACT_SOURCE_DATA_VAL_VS_PREV_PERIOD","VRS_VFGE_IOT_SYNC_IMPORT_FLAT_DISCOUNT_PERIODS_EXTRACT_SOURCE","DATA_VAL_VS_PREV_PERIOD","66.0","String"
"FLD00001538","VRS_VFGE_IOT_SYNC_IMPORT_FLAT_DISCOUNT_PERIODS_EXTRACT_SOURCE_IB_CURRENCY","VRS_VFGE_IOT_SYNC_IMPORT_FLAT_DISCOUNT_PERIODS_EXTRACT_SOURCE","IB_CURRENCY","67.0","String"
"FLD00001539","VRS_VFGE_IOT_SYNC_IMPORT_FLAT_DISCOUNT_PERIODS_EXTRACT_SOURCE_OB_CURRENCY","VRS_VFGE_IOT_SYNC_IMPORT_FLAT_DISCOUNT_PERIODS_EXTRACT_SOURCE","OB_CURRENCY","68.0","String"
"FLD00001540","VRS_VFGE_IOT_SYNC_IMPORT_FLAT_DISCOUNT_PERIODS_EXTRACT_SOURCE_MO_UPDT_IB_TG_LY_NO_DEAL","VRS_VFGE_IOT_SYNC_IMPORT_FLAT_DISCOUNT_PERIODS_EXTRACT_SOURCE","MO_UPDT_IB_TG_LY_NO_DEAL","69.0","String"
"FLD00001541","VRS_VFGE_IOT_SYNC_IMPORT_FLAT_DISCOUNT_PERIODS_EXTRACT_SOURCE_MO_UPDT_IB_TG_LY_WITH_DEAL","VRS_VFGE_IOT_SYNC_IMPORT_FLAT_DISCOUNT_PERIODS_EXTRACT_SOURCE","MO_UPDT_IB_TG_LY_WITH_DEAL","70.0","String"
"FLD00001542","VRS_VFGE_IOT_SYNC_IMPORT_FLAT_DISCOUNT_PERIODS_EXTRACT_SOURCE_VOICE_MO_UPDT_IB_DISC_TYPE","VRS_VFGE_IOT_SYNC_IMPORT_FLAT_DISCOUNT_PERIODS_EXTRACT_SOURCE","VOICE_MO_UPDT_IB_DISC_TYPE","71.0","String"
"FLD00001543","VRS_VFGE_IOT_SYNC_IMPORT_FLAT_DISCOUNT_PERIODS_EXTRACT_SOURCE_MO_UPDT_IB_ACT_MIN_PERC_DISC","VRS_VFGE_IOT_SYNC_IMPORT_FLAT_DISCOUNT_PERIODS_EXTRACT_SOURCE","MO_UPDT_IB_ACT_MIN_PERC_DISC","72.0","String"
"FLD00001544","VRS_VFGE_IOT_SYNC_IMPORT_FLAT_DISCOUNT_PERIODS_EXTRACT_SOURCE_MO_UPDT_OB_TG_LY","VRS_VFGE_IOT_SYNC_IMPORT_FLAT_DISCOUNT_PERIODS_EXTRACT_SOURCE","MO_UPDT_OB_TG_LY","73.0","String"
"FLD00001545","VRS_VFGE_IOT_SYNC_IMPORT_FLAT_DISCOUNT_PERIODS_EXTRACT_SOURCE_MO_UPDT_OB_MS_3RD_WITH_DEAL","VRS_VFGE_IOT_SYNC_IMPORT_FLAT_DISCOUNT_PERIODS_EXTRACT_SOURCE","MO_UPDT_OB_MS_3RD_WITH_DEAL","74.0","String"
"FLD00001546","VRS_VFGE_IOT_SYNC_IMPORT_FLAT_DISCOUNT_PERIODS_EXTRACT_SOURCE_MO_UPDT_OB_MS_3RD_WO_DEAL","VRS_VFGE_IOT_SYNC_IMPORT_FLAT_DISCOUNT_PERIODS_EXTRACT_SOURCE","MO_UPDT_OB_MS_3RD_WO_DEAL","75.0","String"
"FLD00001547","VRS_VFGE_IOT_SYNC_IMPORT_FLAT_DISCOUNT_PERIODS_EXTRACT_SOURCE_VOICE_MO_UPDT_OB_DISC_TYPE","VRS_VFGE_IOT_SYNC_IMPORT_FLAT_DISCOUNT_PERIODS_EXTRACT_SOURCE","VOICE_MO_UPDT_OB_DISC_TYPE","76.0","String"
"FLD00001548","VRS_VFGE_IOT_SYNC_IMPORT_FLAT_DISCOUNT_PERIODS_EXTRACT_SOURCE_MO_UPDT_OB_ACT_MIN_EXCL_TAXES","VRS_VFGE_IOT_SYNC_IMPORT_FLAT_DISCOUNT_PERIODS_EXTRACT_SOURCE","MO_UPDT_OB_ACT_MIN_EXCL_TAXES","77.0","String"
"FLD00001549","VRS_VFGE_IOT_SYNC_IMPORT_FLAT_DISCOUNT_PERIODS_EXTRACT_SOURCE_MO_UPDT_OB_ACT_MIN_INCL_TAXES","VRS_VFGE_IOT_SYNC_IMPORT_FLAT_DISCOUNT_PERIODS_EXTRACT_SOURCE","MO_UPDT_OB_ACT_MIN_INCL_TAXES","78.0","String"
"FLD00001550","VRS_VFGE_IOT_SYNC_IMPORT_FLAT_DISCOUNT_PERIODS_EXTRACT_SOURCE_MT_UPDT_IB_TR_VS_MO_IB","VRS_VFGE_IOT_SYNC_IMPORT_FLAT_DISCOUNT_PERIODS_EXTRACT_SOURCE","MT_UPDT_IB_TR_VS_MO_IB","79.0","String"
"FLD00001551","VRS_VFGE_IOT_SYNC_IMPORT_FLAT_DISCOUNT_PERIODS_EXTRACT_SOURCE_VOICE_MT_UPDT_IB_DISC_TYPE","VRS_VFGE_IOT_SYNC_IMPORT_FLAT_DISCOUNT_PERIODS_EXTRACT_SOURCE","VOICE_MT_UPDT_IB_DISC_TYPE","80.0","String"
"FLD00001552","VRS_VFGE_IOT_SYNC_IMPORT_FLAT_DISCOUNT_PERIODS_EXTRACT_SOURCE_MT_UPDT_IB_ACT_MIN_PERC_DISC","VRS_VFGE_IOT_SYNC_IMPORT_FLAT_DISCOUNT_PERIODS_EXTRACT_SOURCE","MT_UPDT_IB_ACT_MIN_PERC_DISC","81.0","String"
"FLD00001553","VRS_VFGE_IOT_SYNC_IMPORT_FLAT_DISCOUNT_PERIODS_EXTRACT_SOURCE_MT_UPDT_OB_TR_VS_MO_OB","VRS_VFGE_IOT_SYNC_IMPORT_FLAT_DISCOUNT_PERIODS_EXTRACT_SOURCE","MT_UPDT_OB_TR_VS_MO_OB","82.0","String"
"FLD00001554","VRS_VFGE_IOT_SYNC_IMPORT_FLAT_DISCOUNT_PERIODS_EXTRACT_SOURCE_VOICE_MT_UPDT_OB_DISC_TYPE","VRS_VFGE_IOT_SYNC_IMPORT_FLAT_DISCOUNT_PERIODS_EXTRACT_SOURCE","VOICE_MT_UPDT_OB_DISC_TYPE","83.0","String"
"FLD00001555","VRS_VFGE_IOT_SYNC_IMPORT_FLAT_DISCOUNT_PERIODS_EXTRACT_SOURCE_MT_UPDT_OB_ACT_MIN_EXCL_TAXES","VRS_VFGE_IOT_SYNC_IMPORT_FLAT_DISCOUNT_PERIODS_EXTRACT_SOURCE","MT_UPDT_OB_ACT_MIN_EXCL_TAXES","84.0","String"
"FLD00001556","VRS_VFGE_IOT_SYNC_IMPORT_FLAT_DISCOUNT_PERIODS_EXTRACT_SOURCE_MT_UPDT_OB_ACT_MIN_INCL_TAXES","VRS_VFGE_IOT_SYNC_IMPORT_FLAT_DISCOUNT_PERIODS_EXTRACT_SOURCE","MT_UPDT_OB_ACT_MIN_INCL_TAXES","85.0","String"
"FLD00001557","VRS_VFGE_IOT_SYNC_IMPORT_FLAT_DISCOUNT_PERIODS_EXTRACT_SOURCE_SMS_UPDT_TR_VS_MO_IB","VRS_VFGE_IOT_SYNC_IMPORT_FLAT_DISCOUNT_PERIODS_EXTRACT_SOURCE","SMS_UPDT_TR_VS_MO_IB","86.0","String"
"FLD00001558","VRS_VFGE_IOT_SYNC_IMPORT_FLAT_DISCOUNT_PERIODS_EXTRACT_SOURCE_SMS_UPDT_IB_DISC_TYPE","VRS_VFGE_IOT_SYNC_IMPORT_FLAT_DISCOUNT_PERIODS_EXTRACT_SOURCE","SMS_UPDT_IB_DISC_TYPE","87.0","String"
"FLD00001559","VRS_VFGE_IOT_SYNC_IMPORT_FLAT_DISCOUNT_PERIODS_EXTRACT_SOURCE_SMS_UPDT_IB_SMS_PERC_DISC","VRS_VFGE_IOT_SYNC_IMPORT_FLAT_DISCOUNT_PERIODS_EXTRACT_SOURCE","SMS_UPDT_IB_SMS_PERC_DISC","88.0","String"
"FLD00001560","VRS_VFGE_IOT_SYNC_IMPORT_FLAT_DISCOUNT_PERIODS_EXTRACT_SOURCE_SMS_UPDT_OB_TR_VS_MO_OB","VRS_VFGE_IOT_SYNC_IMPORT_FLAT_DISCOUNT_PERIODS_EXTRACT_SOURCE","SMS_UPDT_OB_TR_VS_MO_OB","89.0","String"
"FLD00001561","VRS_VFGE_IOT_SYNC_IMPORT_FLAT_DISCOUNT_PERIODS_EXTRACT_SOURCE_SMS_UPDT_OB_DISC_TYPE","VRS_VFGE_IOT_SYNC_IMPORT_FLAT_DISCOUNT_PERIODS_EXTRACT_SOURCE","SMS_UPDT_OB_DISC_TYPE","90.0","String"
"FLD00001562","VRS_VFGE_IOT_SYNC_IMPORT_FLAT_DISCOUNT_PERIODS_EXTRACT_SOURCE_SMS_UPDT_OB_SMS_EXCL_TAXES","VRS_VFGE_IOT_SYNC_IMPORT_FLAT_DISCOUNT_PERIODS_EXTRACT_SOURCE","SMS_UPDT_OB_SMS_EXCL_TAXES","91.0","String"
"FLD00001563","VRS_VFGE_IOT_SYNC_IMPORT_FLAT_DISCOUNT_PERIODS_EXTRACT_SOURCE_SMS_UPDT_OB_SMS_INCL_TAXES","VRS_VFGE_IOT_SYNC_IMPORT_FLAT_DISCOUNT_PERIODS_EXTRACT_SOURCE","SMS_UPDT_OB_SMS_INCL_TAXES","92.0","String"
"FLD00001564","VRS_VFGE_IOT_SYNC_IMPORT_FLAT_DISCOUNT_PERIODS_EXTRACT_SOURCE_DATA_UPDT_IB_TR_VS_MO_IB","VRS_VFGE_IOT_SYNC_IMPORT_FLAT_DISCOUNT_PERIODS_EXTRACT_SOURCE","DATA_UPDT_IB_TR_VS_MO_IB","93.0","String"
"FLD00001565","VRS_VFGE_IOT_SYNC_IMPORT_FLAT_DISCOUNT_PERIODS_EXTRACT_SOURCE_DATA_UPDT_IB_DISC_TYPE","VRS_VFGE_IOT_SYNC_IMPORT_FLAT_DISCOUNT_PERIODS_EXTRACT_SOURCE","DATA_UPDT_IB_DISC_TYPE","94.0","String"
"FLD00001566","VRS_VFGE_IOT_SYNC_IMPORT_FLAT_DISCOUNT_PERIODS_EXTRACT_SOURCE_DATA_UPDT_IB_MB_PERC_DISC","VRS_VFGE_IOT_SYNC_IMPORT_FLAT_DISCOUNT_PERIODS_EXTRACT_SOURCE","DATA_UPDT_IB_MB_PERC_DISC","95.0","String"
"FLD00001567","VRS_VFGE_IOT_SYNC_IMPORT_FLAT_DISCOUNT_PERIODS_EXTRACT_SOURCE_DATA_UPDT_OB_TR_VS_MO_OB","VRS_VFGE_IOT_SYNC_IMPORT_FLAT_DISCOUNT_PERIODS_EXTRACT_SOURCE","DATA_UPDT_OB_TR_VS_MO_OB","96.0","String"
"FLD00001568","VRS_VFGE_IOT_SYNC_IMPORT_FLAT_DISCOUNT_PERIODS_EXTRACT_SOURCE_DATA_UPDT_OB_DISC_TYPE","VRS_VFGE_IOT_SYNC_IMPORT_FLAT_DISCOUNT_PERIODS_EXTRACT_SOURCE","DATA_UPDT_OB_DISC_TYPE","97.0","String"
"FLD00001569","VRS_VFGE_IOT_SYNC_IMPORT_FLAT_DISCOUNT_PERIODS_EXTRACT_SOURCE_DATA_UPDT_OB_MB_EXCL_TAXES","VRS_VFGE_IOT_SYNC_IMPORT_FLAT_DISCOUNT_PERIODS_EXTRACT_SOURCE","DATA_UPDT_OB_MB_EXCL_TAXES","98.0","String"
"FLD00001570","VRS_VFGE_IOT_SYNC_IMPORT_FLAT_DISCOUNT_PERIODS_EXTRACT_SOURCE_DATA_UPDT_OB_MB_INCL_TAXES","VRS_VFGE_IOT_SYNC_IMPORT_FLAT_DISCOUNT_PERIODS_EXTRACT_SOURCE","DATA_UPDT_OB_MB_INCL_TAXES","99.0","String"
"FLD00001571","VRS_VFGE_IOT_SYNC_IMPORT_FLAT_DISCOUNT_PERIODS_EXTRACT_SOURCE_MO_IB_ACT_MIN_DISC_VAR","VRS_VFGE_IOT_SYNC_IMPORT_FLAT_DISCOUNT_PERIODS_EXTRACT_SOURCE","MO_IB_ACT_MIN_DISC_VAR","100.0","String"
"FLD00001572","VRS_VFGE_IOT_SYNC_IMPORT_FLAT_DISCOUNT_PERIODS_EXTRACT_SOURCE_MT_IB_ACT_MIN_DISC_VAR","VRS_VFGE_IOT_SYNC_IMPORT_FLAT_DISCOUNT_PERIODS_EXTRACT_SOURCE","MT_IB_ACT_MIN_DISC_VAR","101.0","String"
"FLD00001573","VRS_VFGE_IOT_SYNC_IMPORT_FLAT_DISCOUNT_PERIODS_EXTRACT_SOURCE_SMS_IB_DISC_VAR","VRS_VFGE_IOT_SYNC_IMPORT_FLAT_DISCOUNT_PERIODS_EXTRACT_SOURCE","SMS_IB_DISC_VAR","102.0","String"
"FLD00001574","VRS_VFGE_IOT_SYNC_IMPORT_FLAT_DISCOUNT_PERIODS_EXTRACT_SOURCE_DATA_IB_DISC_VAR","VRS_VFGE_IOT_SYNC_IMPORT_FLAT_DISCOUNT_PERIODS_EXTRACT_SOURCE","DATA_IB_DISC_VAR","103.0","String"
"FLD00001575","VRS_VFGE_IOT_SYNC_IMPORT_FLAT_DISCOUNT_PERIODS_EXTRACT_SOURCE_MO_OB_ACT_MIN_DISC_VAR","VRS_VFGE_IOT_SYNC_IMPORT_FLAT_DISCOUNT_PERIODS_EXTRACT_SOURCE","MO_OB_ACT_MIN_DISC_VAR","104.0","String"
"FLD00001576","VRS_VFGE_IOT_SYNC_IMPORT_FLAT_DISCOUNT_PERIODS_EXTRACT_SOURCE_MT_OB_ACT_MIN_DISC_VAR","VRS_VFGE_IOT_SYNC_IMPORT_FLAT_DISCOUNT_PERIODS_EXTRACT_SOURCE","MT_OB_ACT_MIN_DISC_VAR","105.0","String"
"FLD00001577","VRS_VFGE_IOT_SYNC_IMPORT_FLAT_DISCOUNT_PERIODS_EXTRACT_SOURCE_SMS_OB_DISC_VAR","VRS_VFGE_IOT_SYNC_IMPORT_FLAT_DISCOUNT_PERIODS_EXTRACT_SOURCE","SMS_OB_DISC_VAR","106.0","String"
"FLD00001578","VRS_VFGE_IOT_SYNC_IMPORT_FLAT_DISCOUNT_PERIODS_EXTRACT_SOURCE_DATA_OB_DISC_VAR","VRS_VFGE_IOT_SYNC_IMPORT_FLAT_DISCOUNT_PERIODS_EXTRACT_SOURCE","DATA_OB_DISC_VAR","107.0","String"
"FLD00001579","VRS_VFGE_IOT_SYNC_IMPORT_FLAT_DISCOUNT_PERIODS_EXTRACT_SOURCE_IB_DISC_ON_TAP","VRS_VFGE_IOT_SYNC_IMPORT_FLAT_DISCOUNT_PERIODS_EXTRACT_SOURCE","IB_DISC_ON_TAP","108.0","String"
"FLD00001580","VRS_VFGE_IOT_SYNC_IMPORT_FLAT_DISCOUNT_PERIODS_EXTRACT_SOURCE_DISC_CALCULATION","VRS_VFGE_IOT_SYNC_IMPORT_FLAT_DISCOUNT_PERIODS_EXTRACT_SOURCE","DISC_CALCULATION","109.0","String"
"FLD00001581","VRS_VFGE_IOT_SYNC_IMPORT_FLAT_DISCOUNT_PERIODS_EXTRACT_SOURCE_DISC_DOCUMENTATION","VRS_VFGE_IOT_SYNC_IMPORT_FLAT_DISCOUNT_PERIODS_EXTRACT_SOURCE","DISC_DOCUMENTATION","110.0","String"
"FLD00001582","VRS_VFGE_IOT_SYNC_IMPORT_FLAT_DISCOUNT_PERIODS_EXTRACT_SOURCE_FRAUD_ADJUSTMENT_INCL","VRS_VFGE_IOT_SYNC_IMPORT_FLAT_DISCOUNT_PERIODS_EXTRACT_SOURCE","FRAUD_ADJUSTMENT_INCL","111.0","String"
"FLD00001583","VRS_VFGE_IOT_SYNC_IMPORT_FLAT_DISCOUNT_PERIODS_EXTRACT_SOURCE_OB_DISC_ON_TAP","VRS_VFGE_IOT_SYNC_IMPORT_FLAT_DISCOUNT_PERIODS_EXTRACT_SOURCE","OB_DISC_ON_TAP","112.0","String"
"FLD00001584","VRS_VFGE_IOT_SYNC_IMPORT_FLAT_DISCOUNT_PERIODS_EXTRACT_SOURCE_DISC_PERIOD_LENGTH","VRS_VFGE_IOT_SYNC_IMPORT_FLAT_DISCOUNT_PERIODS_EXTRACT_SOURCE","DISC_PERIOD_LENGTH","113.0","String"
"FLD00001585","VRS_VFGE_IOT_SYNC_IMPORT_FLAT_DISCOUNT_PERIODS_EXTRACT_SOURCE_PLAN_SETTLEMENT_START_DT","VRS_VFGE_IOT_SYNC_IMPORT_FLAT_DISCOUNT_PERIODS_EXTRACT_SOURCE","PLAN_SETTLEMENT_START_DT","114.0","String"
"FLD00001586","VRS_VFGE_IOT_SYNC_IMPORT_FLAT_DISCOUNT_PERIODS_EXTRACT_SOURCE_PLAN_SETTLEMENT_END_DT","VRS_VFGE_IOT_SYNC_IMPORT_FLAT_DISCOUNT_PERIODS_EXTRACT_SOURCE","PLAN_SETTLEMENT_END_DT","115.0","String"
"FLD00001587","VRS_VFGE_IOT_SYNC_IMPORT_FLAT_DISCOUNT_PERIODS_EXTRACT_SOURCE_SETTLEMENT_STATUS","VRS_VFGE_IOT_SYNC_IMPORT_FLAT_DISCOUNT_PERIODS_EXTRACT_SOURCE","SETTLEMENT_STATUS","116.0","String"
"FLD00001588","VRS_VFGE_IOT_SYNC_IMPORT_FLAT_DISCOUNT_PERIODS_EXTRACT_SOURCE_ACTUAL_SETTLEMENT_START_DT","VRS_VFGE_IOT_SYNC_IMPORT_FLAT_DISCOUNT_PERIODS_EXTRACT_SOURCE","ACTUAL_SETTLEMENT_START_DT","117.0","String"
"FLD00001589","VRS_VFGE_IOT_SYNC_IMPORT_FLAT_DISCOUNT_PERIODS_EXTRACT_SOURCE_ACTUAL_SETTLEMENT_END_DT","VRS_VFGE_IOT_SYNC_IMPORT_FLAT_DISCOUNT_PERIODS_EXTRACT_SOURCE","ACTUAL_SETTLEMENT_END_DT","118.0","String"
"FLD00001590","VRS_VFGE_IOT_SYNC_IMPORT_FLAT_DISCOUNT_PERIODS_EXTRACT_SOURCE_EXPT_DISC_PAYABLE","VRS_VFGE_IOT_SYNC_IMPORT_FLAT_DISCOUNT_PERIODS_EXTRACT_SOURCE","EXPT_DISC_PAYABLE","119.0","String"
"FLD00001591","VRS_VFGE_IOT_SYNC_IMPORT_FLAT_DISCOUNT_PERIODS_EXTRACT_SOURCE_EXPT_DISC_PAYABLE_CURR","VRS_VFGE_IOT_SYNC_IMPORT_FLAT_DISCOUNT_PERIODS_EXTRACT_SOURCE","EXPT_DISC_PAYABLE_CURR","120.0","String"
"FLD00001592","VRS_VFGE_IOT_SYNC_IMPORT_FLAT_DISCOUNT_PERIODS_EXTRACT_SOURCE_EXPT_DISC_RECEIVABLE","VRS_VFGE_IOT_SYNC_IMPORT_FLAT_DISCOUNT_PERIODS_EXTRACT_SOURCE","EXPT_DISC_RECEIVABLE","121.0","String"
"FLD00001593","VRS_VFGE_IOT_SYNC_IMPORT_FLAT_DISCOUNT_PERIODS_EXTRACT_SOURCE_EXPT_DISC_RECEIVABLE_CURR","VRS_VFGE_IOT_SYNC_IMPORT_FLAT_DISCOUNT_PERIODS_EXTRACT_SOURCE","EXPT_DISC_RECEIVABLE_CURR","122.0","String"
"FLD00001594","VRS_VFGE_IOT_SYNC_IMPORT_FLAT_DISCOUNT_PERIODS_EXTRACT_SOURCE_ACTUAL_DISC_PAYABLE","VRS_VFGE_IOT_SYNC_IMPORT_FLAT_DISCOUNT_PERIODS_EXTRACT_SOURCE","ACTUAL_DISC_PAYABLE","123.0","String"
"FLD00001595","VRS_VFGE_IOT_SYNC_IMPORT_FLAT_DISCOUNT_PERIODS_EXTRACT_SOURCE_ACTUAL_DISC_PAYABLE_CURR","VRS_VFGE_IOT_SYNC_IMPORT_FLAT_DISCOUNT_PERIODS_EXTRACT_SOURCE","ACTUAL_DISC_PAYABLE_CURR","124.0","String"
"FLD00001596","VRS_VFGE_IOT_SYNC_IMPORT_FLAT_DISCOUNT_PERIODS_EXTRACT_SOURCE_ACTUAL_DISC_RECEIVABLE","VRS_VFGE_IOT_SYNC_IMPORT_FLAT_DISCOUNT_PERIODS_EXTRACT_SOURCE","ACTUAL_DISC_RECEIVABLE","125.0","String"
"FLD00001597","VRS_VFGE_IOT_SYNC_IMPORT_FLAT_DISCOUNT_PERIODS_EXTRACT_SOURCE_ACTUAL_DISC_RECEIVABLE_CURR","VRS_VFGE_IOT_SYNC_IMPORT_FLAT_DISCOUNT_PERIODS_EXTRACT_SOURCE","ACTUAL_DISC_RECEIVABLE_CURR","126.0","String"
"FLD00001598","VRS_VFGE_IOT_SYNC_IMPORT_FLAT_DISCOUNT_PERIODS_EXTRACT_SOURCE_DAYS_REM_ON_DISC_PERIOD","VRS_VFGE_IOT_SYNC_IMPORT_FLAT_DISCOUNT_PERIODS_EXTRACT_SOURCE","DAYS_REM_ON_DISC_PERIOD","127.0","String"
"FLD00001599","VRS_VFGE_IOT_SYNC_IMPORT_FLAT_DISCOUNT_PERIODS_EXTRACT_SOURCE_LAST_UPDATED_DATE","VRS_VFGE_IOT_SYNC_IMPORT_FLAT_DISCOUNT_PERIODS_EXTRACT_SOURCE","LAST_UPDATED_DATE","128.0","String"
"FLD00001600","VRS_VFGE_IOT_SYNC_IMPORT_FLAT_DISCOUNT_PERIODS_LOAD_TARGET_PERIOD_INDEX","VRS_VFGE_IOT_SYNC_IMPORT_FLAT_DISCOUNT_PERIODS_LOAD_TARGET","PERIOD_INDEX","1.0","String"
"FLD00001601","VRS_VFGE_IOT_SYNC_IMPORT_FLAT_DISCOUNT_PERIODS_LOAD_TARGET_DEAL_INDEX","VRS_VFGE_IOT_SYNC_IMPORT_FLAT_DISCOUNT_PERIODS_LOAD_TARGET","DEAL_INDEX","2.0","String"
"FLD00001602","VRS_VFGE_IOT_SYNC_IMPORT_FLAT_DISCOUNT_PERIODS_LOAD_TARGET_DEAL_NAME","VRS_VFGE_IOT_SYNC_IMPORT_FLAT_DISCOUNT_PERIODS_LOAD_TARGET","DEAL_NAME","3.0","String"
"FLD00001603","VRS_VFGE_IOT_SYNC_IMPORT_FLAT_DISCOUNT_PERIODS_LOAD_TARGET_ACTIVE","VRS_VFGE_IOT_SYNC_IMPORT_FLAT_DISCOUNT_PERIODS_LOAD_TARGET","ACTIVE","4.0","String"
"FLD00001604","VRS_VFGE_IOT_SYNC_IMPORT_FLAT_DISCOUNT_PERIODS_LOAD_TARGET_PERIOD_FROM","VRS_VFGE_IOT_SYNC_IMPORT_FLAT_DISCOUNT_PERIODS_LOAD_TARGET","PERIOD_FROM","5.0","Date"
"FLD00001605","VRS_VFGE_IOT_SYNC_IMPORT_FLAT_DISCOUNT_PERIODS_LOAD_TARGET_PERIOD_TO","VRS_VFGE_IOT_SYNC_IMPORT_FLAT_DISCOUNT_PERIODS_LOAD_TARGET","PERIOD_TO","6.0","Date"
"FLD00001606","VRS_VFGE_IOT_SYNC_IMPORT_FLAT_DISCOUNT_PERIODS_LOAD_TARGET_LAST_UPDATED_DATE","VRS_VFGE_IOT_SYNC_IMPORT_FLAT_DISCOUNT_PERIODS_LOAD_TARGET","LAST_UPDATED_DATE","7.0","Date"
"FLD00001607","VRS_VFGE_IOT_SYNC_IMPORT_FLAT_DISCOUNT_PERIODS_LOAD_TARGET_ID","VRS_VFGE_IOT_SYNC_IMPORT_FLAT_DISCOUNT_PERIODS_LOAD_TARGET","ID","8.0","String"
"FLD00001608","VRS_VFGE_OT_SYNC_IMPORT_FLAT_VF_OPCO_EXTRACT_SOURCE_DEAL_INDEX","VRS_VFGE_OT_SYNC_IMPORT_FLAT_VF_OPCO_EXTRACT_SOURCE","DEAL_INDEX","1.0","String"
"FLD00001609","VRS_VFGE_OT_SYNC_IMPORT_FLAT_VF_OPCO_EXTRACT_SOURCE_PERIOD_INDEX","VRS_VFGE_OT_SYNC_IMPORT_FLAT_VF_OPCO_EXTRACT_SOURCE","PERIOD_INDEX","2.0","String"
"FLD00001610","VRS_VFGE_OT_SYNC_IMPORT_FLAT_VF_OPCO_EXTRACT_SOURCE_TADIG","VRS_VFGE_OT_SYNC_IMPORT_FLAT_VF_OPCO_EXTRACT_SOURCE","TADIG","3.0","String"
"FLD00001611","VRS_VFGE_OT_SYNC_IMPORT_FLAT_VF_OPCO_EXTRACT_SOURCE_TARGET","VRS_VFGE_OT_SYNC_IMPORT_FLAT_VF_OPCO_EXTRACT_SOURCE","TARGET","4.0","String"
"FLD00001612","VRS_VFGE_OT_SYNC_IMPORT_FLAT_VF_OPCO_EXTRACT_SOURCE_TARGET_START","VRS_VFGE_OT_SYNC_IMPORT_FLAT_VF_OPCO_EXTRACT_SOURCE","TARGET_START","5.0","String"
"FLD00001613","VRS_VFGE_OT_SYNC_IMPORT_FLAT_VF_OPCO_EXTRACT_SOURCE_TARGET_FINISH","VRS_VFGE_OT_SYNC_IMPORT_FLAT_VF_OPCO_EXTRACT_SOURCE","TARGET_FINISH","6.0","String"
"FLD00001614","VRS_VFGE_OT_SYNC_IMPORT_FLAT_VF_OPCO_EXTRACT_SOURCE_LAST_UPDATED_DATE","VRS_VFGE_OT_SYNC_IMPORT_FLAT_VF_OPCO_EXTRACT_SOURCE","LAST_UPDATED_DATE","7.0","String"
"FLD00001615","VRS_VFGE_OT_SYNC_IMPORT_FLAT_VF_OPCO_LOAD_TARGET_DEAL_INDEX","VRS_VFGE_OT_SYNC_IMPORT_FLAT_VF_OPCO_LOAD_TARGET","DEAL_INDEX","1.0","String"
"FLD00001616","VRS_VFGE_OT_SYNC_IMPORT_FLAT_VF_OPCO_LOAD_TARGET_PERIOD_INDEX","VRS_VFGE_OT_SYNC_IMPORT_FLAT_VF_OPCO_LOAD_TARGET","PERIOD_INDEX","2.0","String"
"FLD00001617","VRS_VFGE_OT_SYNC_IMPORT_FLAT_VF_OPCO_LOAD_TARGET_TADIG","VRS_VFGE_OT_SYNC_IMPORT_FLAT_VF_OPCO_LOAD_TARGET","TADIG","3.0","String"
"FLD00001618","VRS_VFGE_OT_SYNC_IMPORT_FLAT_VF_OPCO_LOAD_TARGET_LAST_UPDATED_DATE","VRS_VFGE_OT_SYNC_IMPORT_FLAT_VF_OPCO_LOAD_TARGET","LAST_UPDATED_DATE","4.0","Date"
"FLD00001619","VRS_VFGE_OT_SYNC_IMPORT_FLAT_VF_OPCO_LOAD_TARGET_IS_PARTICIPANT","VRS_VFGE_OT_SYNC_IMPORT_FLAT_VF_OPCO_LOAD_TARGET","IS_PARTICIPANT","5.0","Integer"
"FLD00001620","VRS_VFGE_OT_SYNC_IMPORT_FLAT_VF_OPCO_LOAD_TARGET_ID","VRS_VFGE_OT_SYNC_IMPORT_FLAT_VF_OPCO_LOAD_TARGET","ID","6.0","String"
"FLD00001621","VRS_VFGE_IOT_SYNC_IMPORT_FLAT_3RD_PARTY_EXTRACT_SOURCE_DEAL_INDEX","VRS_VFGE_IOT_SYNC_IMPORT_FLAT_3RD_PARTY_EXTRACT_SOURCE","DEAL_INDEX","1.0","String"
"FLD00001622","VRS_VFGE_IOT_SYNC_IMPORT_FLAT_3RD_PARTY_EXTRACT_SOURCE_PERIOD_INDEX","VRS_VFGE_IOT_SYNC_IMPORT_FLAT_3RD_PARTY_EXTRACT_SOURCE","PERIOD_INDEX","2.0","String"
"FLD00001623","VRS_VFGE_IOT_SYNC_IMPORT_FLAT_3RD_PARTY_EXTRACT_SOURCE_TADIG","VRS_VFGE_IOT_SYNC_IMPORT_FLAT_3RD_PARTY_EXTRACT_SOURCE","TADIG","3.0","String"
"FLD00001624","VRS_VFGE_IOT_SYNC_IMPORT_FLAT_3RD_PARTY_EXTRACT_SOURCE_TARGET","VRS_VFGE_IOT_SYNC_IMPORT_FLAT_3RD_PARTY_EXTRACT_SOURCE","TARGET","4.0","String"
"FLD00001625","VRS_VFGE_IOT_SYNC_IMPORT_FLAT_3RD_PARTY_EXTRACT_SOURCE_TARGET_START","VRS_VFGE_IOT_SYNC_IMPORT_FLAT_3RD_PARTY_EXTRACT_SOURCE","TARGET_START","5.0","String"
"FLD00001626","VRS_VFGE_IOT_SYNC_IMPORT_FLAT_3RD_PARTY_EXTRACT_SOURCE_TARGET_FINISH","VRS_VFGE_IOT_SYNC_IMPORT_FLAT_3RD_PARTY_EXTRACT_SOURCE","TARGET_FINISH","6.0","String"
"FLD00001627","VRS_VFGE_IOT_SYNC_IMPORT_FLAT_3RD_PARTY_EXTRACT_SOURCE_TARGET_LAST_UPDATED_DATE","VRS_VFGE_IOT_SYNC_IMPORT_FLAT_3RD_PARTY_EXTRACT_SOURCE","LAST_UPDATED_DATE","7.0","String"
"FLD00001628","VRS_VFGE_IOT_SYNC_IMPORT_FLAT_3RD_PARTY_LOAD_TARGET_DEAL_INDEX","VRS_VFGE_IOT_SYNC_IMPORT_FLAT_3RD_PARTY_LOAD_TARGET","DEAL_INDEX","1.0","String"
"FLD00001629","VRS_VFGE_IOT_SYNC_IMPORT_FLAT_3RD_PARTY_LOAD_TARGET_PERIOD_INDEX","VRS_VFGE_IOT_SYNC_IMPORT_FLAT_3RD_PARTY_LOAD_TARGET","PERIOD_INDEX","2.0","String"
"FLD00001630","VRS_VFGE_IOT_SYNC_IMPORT_FLAT_3RD_PARTY_LOAD_TARGET_TADIG","VRS_VFGE_IOT_SYNC_IMPORT_FLAT_3RD_PARTY_LOAD_TARGET","TADIG","3.0","String"
"FLD00001631","VRS_VFGE_IOT_SYNC_IMPORT_FLAT_3RD_PARTY_LOAD_TARGET_LAST_UPDATED_DATE","VRS_VFGE_IOT_SYNC_IMPORT_FLAT_3RD_PARTY_LOAD_TARGET","LAST_UPDATED_DATE","4.0","Date"
"FLD00001632","VRS_VFGE_IOT_SYNC_IMPORT_FLAT_3RD_PARTY_LOAD_TARGET_IS_PARTICIPANT","VRS_VFGE_IOT_SYNC_IMPORT_FLAT_3RD_PARTY_LOAD_TARGET","IS_PARTICIPANT","5.0","Integer"
"FLD00001633","VRS_VFGE_IOT_SYNC_IMPORT_FLAT_3RD_PARTY_LOAD_TARGET_ID","VRS_VFGE_IOT_SYNC_IMPORT_FLAT_3RD_PARTY_LOAD_TARGET","ID","6.0","Integer"
"FLD00001634","VRS_VFGE_IOT_SYNC_HISTORY_UPLOADING_DATA_LOAD_SOURCE_ID","VRS_VFGE_IOT_SYNC_HISTORY_UPLOADING_DATA_LOAD_SOURCE","Id","1.0","String"
"FLD00001635","VRS_VFGE_IOT_SYNC_HISTORY_UPLOADING_DATA_LOAD_SOURCE_ERROR_MESSAGE","VRS_VFGE_IOT_SYNC_HISTORY_UPLOADING_DATA_LOAD_SOURCE","Error Message","2.0","String"
"FLD00001636","VRS_VFGE_IOT_SYNC_HISTORY_UPLOADING_DATA_LOAD_SOURCE_DATA_UPLOADED_TO_SFDC","VRS_VFGE_IOT_SYNC_HISTORY_UPLOADING_DATA_LOAD_SOURCE","Data Uploaded to SFDC","3.0","String"
"FLD00001637","VRS_VFGE_IOT_SYNC_HISTORY_UPLOADING_DATA_LOAD_SOURCE_END_UPLOAD_DATA_DATE","VRS_VFGE_IOT_SYNC_HISTORY_UPLOADING_DATA_LOAD_SOURCE","End Upload Data Date","5.0","String"
"FLD00001638","VRS_VFGE_IOT_SYNC_HISTORY_UPLOADING_DATA_LOAD_TARGET_ID","VRS_VFGE_IOT_SYNC_HISTORY_UPLOADING_DATA_LOAD_TARGET","Id","1.0","String"
"FLD00001639","VRS_VFGE_IOT_SYNC_HISTORY_UPLOADING_DATA_LOAD_TARGET_STATUS__C","VRS_VFGE_IOT_SYNC_HISTORY_UPLOADING_DATA_LOAD_TARGET","Status__c","2.0","String"
"FLD00001640","VRS_VFGE_IOT_SYNC_HISTORY_UPLOADING_DATA_LOAD_TARGET_ERROR_MESSAGE__C","VRS_VFGE_IOT_SYNC_HISTORY_UPLOADING_DATA_LOAD_TARGET","Error_Message__c","3.0","String"
"FLD00001641","VRS_VFGE_IOT_SYNC_HISTORY_UPLOADING_DATA_LOAD_SOURCE_CSV_FILES_IMPORTED__C","VRS_VFGE_IOT_SYNC_HISTORY_UPLOADING_DATA_LOAD_TARGET","CSV_Files_Imported__c","4.0","Boolean"
"FLD00001642","VRS_VFGE_IOT_SYNC_HISTORY_UPLOADING_DATA_LOAD_SOURCE_IMPORTED_CSVS_DATE__C","VRS_VFGE_IOT_SYNC_HISTORY_UPLOADING_DATA_LOAD_TARGET","Imported_CSVs_Date__c","5.0","Date"
"FLD00001643","VRS_VFGE_IOT_SYNC_HISTORY_UPLOADING_DATA_LOAD_TARGET_END_PROCESS_DATE__C","VRS_VFGE_IOT_SYNC_HISTORY_UPLOADING_DATA_LOAD_TARGET","End_Process_Date__c","6.0","Date"
"FLD00001644","VRS_VFGE_IOT_SYNC_3RD_PARTY_DELETE_EXTRACT_SOURCE_ID","VRS_VFGE_IOT_SYNC_3RD_PARTY_DELETE_EXTRACT_SOURCE","Id","1.0","String"
"FLD00001645","VRS_VFGE_IOT_SYNC_3RD_PARTY_DELETE_LOAD_TARGET_ID","VRS_VFGE_IOT_SYNC_3RD_PARTY_DELETE_LOAD_TARGET","Id","1.0","String"
"FLD00001646","VRS_VFGE_IOT_SYNC_VF_OPCO_DELETE_EXTRACT_SOURCE_ID","VRS_VFGE_IOT_SYNC_VF_OPCO_DELETE_EXTRACT_SOURCE","Id","1.0","String"
"FLD00001647","VRS_VFGE_IOT_SYNC_VF_OPCO_DELETE_LOAD_TARGET_ID","VRS_VFGE_IOT_SYNC_VF_OPCO_DELETE_LOAD_TARGET","Id","1.0","String"
"FLD00001648","VRS_VFGE_IOT_SYNC_PERIOD_DELETE_EXTRACT_SOURCE_ID","VRS_VFGE_IOT_SYNC_PERIOD_DELETE_EXTRACT_SOURCE","Id","1.0","String"
"FLD00001649","VRS_VFGE_IOT_SYNC_PERIOD_DELETE_LOAD_TARGET_ID","VRS_VFGE_IOT_SYNC_PERIOD_DELETE_LOAD_TARGET","Id","1.0","String"
"FLD00001650","VRS_VFGE_IOT_SYNC_DEAL_DELETE_EXTRACT_SOURCE_ID","VRS_VFGE_IOT_SYNC_DEAL_DELETE_EXTRACT_SOURCE","Id","1.0","String"
"FLD00001651","VRS_VFGE_IOT_SYNC_DEAL_DELETE_LOAD_TARGET_ID","VRS_VFGE_IOT_SYNC_DEAL_DELETE_LOAD_TARGET","Id","1.0","String"
"FLD00001652","VRS_VFGE_GLL_REPORT_EXTRACT_SOURCE_ACTIVE_CONTRACT_AGREEMENT_TO_DELIVER__C","VRS_VFGE_GLL_REPORT_EXTRACT_SOURCE","Active_Contract_Agreement_to_Deliver__c","1.0","String"
"FLD00001653","VRS_VFGE_GLL_REPORT_EXTRACT_SOURCE_DCH__R_TADIG_CODE__C","VRS_VFGE_GLL_REPORT_EXTRACT_SOURCE","DCH__r.TADIG_Code__c","2.0","String"
"FLD00001654","VRS_VFGE_GLL_REPORT_EXTRACT_SOURCE_EFFECTIVE_CONTRACT_TYPE__C","VRS_VFGE_GLL_REPORT_EXTRACT_SOURCE","Effective_Contract_Type__c","3.0","String"
"FLD00001655","VRS_VFGE_GLL_REPORT_EXTRACT_SOURCE_FCH_INVOICE_CREATION__R_TADIG_CODE__C","VRS_VFGE_GLL_REPORT_EXTRACT_SOURCE","FCH_Invoice_Creation__r.TADIG_Code__c","4.0","String"
"FLD00001656","VRS_VFGE_GLL_REPORT_EXTRACT_SOURCE_FCH_RECONCILIATION__R_TADIG_CODE__C","VRS_VFGE_GLL_REPORT_EXTRACT_SOURCE","FCH_Reconciliation__r.TADIG_Code__c","5.0","String"
"FLD00001657","VRS_VFGE_GLL_REPORT_EXTRACT_SOURCE_FCH_SETTLEMENT__R_TADIG_CODE__C","VRS_VFGE_GLL_REPORT_EXTRACT_SOURCE","FCH_Settlement__r.TADIG_Code__c","6.0","String"
"FLD00001658","VRS_VFGE_GLL_REPORT_EXTRACT_SOURCE_HSF_TRIGGER__C","VRS_VFGE_GLL_REPORT_EXTRACT_SOURCE","HSF_Trigger__c","7.0","String"
"FLD00001659","VRS_VFGE_GLL_REPORT_EXTRACT_SOURCE_NAME","VRS_VFGE_GLL_REPORT_EXTRACT_SOURCE","Name","8.0","String"
"FLD00001660","VRS_VFGE_GLL_REPORT_EXTRACT_SOURCE_PAY_CURRENCY__C","VRS_VFGE_GLL_REPORT_EXTRACT_SOURCE","Pay_Currency__c","9.0","String"
"FLD00001661","VRS_VFGE_GLL_REPORT_EXTRACT_SOURCE_RECEIVE_CURRENCY__C","VRS_VFGE_GLL_REPORT_EXTRACT_SOURCE","Receive_Currency__c","10.0","String"
"FLD00001662","VRS_VFGE_GLL_REPORT_EXTRACT_SOURCE_TADIG_CODE__C","VRS_VFGE_GLL_REPORT_EXTRACT_SOURCE","TADIG_Code__c","11.0","String"
"FLD00001663","VRS_VFGE_GLL_REPORT_EXTRACT_SOURCE_VRS_START_DATE__C","VRS_VFGE_GLL_REPORT_EXTRACT_SOURCE","VRS_Start_Date__c","12.0","Date"
"FLD00001664","VRS_VFGA_GLL_REPORT_LOAD_TARGET_VRSSTARTDATE","VRS_VFGA_GLL_REPORT_LOAD_TARGET","VRSSTARTDATE","1.0","String"
"FLD00001665","VRS_VFGA_GLL_REPORT_LOAD_TARGET_TADIG","VRS_VFGA_GLL_REPORT_LOAD_TARGET","TADIG","2.0","String"
"FLD00001666","VRS_VFGA_GLL_REPORT_LOAD_TARGET_OPERATORNAME","VRS_VFGA_GLL_REPORT_LOAD_TARGET","OPERATORNAME","3.0","String"
"FLD00001667","VRS_VFGA_GLL_REPORT_LOAD_TARGET_VRSPAYCURRENCY","VRS_VFGA_GLL_REPORT_LOAD_TARGET","VRSPAYCURRENCY","4.0","String"
"FLD00001668","VRS_VFGA_GLL_REPORT_LOAD_TARGET_VRSRECEIVECURRENCY","VRS_VFGA_GLL_REPORT_LOAD_TARGET","VRSRECEIVECURRENCY","5.0","String"
"FLD00001669","VRS_VFGA_GLL_REPORT_LOAD_TARGET_CONTRACTTYPE","VRS_VFGA_GLL_REPORT_LOAD_TARGET","CONTRACTTYPE","6.0","String"
"FLD00001670","VRS_VFGA_GLL_REPORT_LOAD_TARGET_DCH","VRS_VFGA_GLL_REPORT_LOAD_TARGET","DCH","7.0","String"
"FLD00001671","VRS_VFGA_GLL_REPORT_LOAD_TARGET_FCHINVOICING","VRS_VFGA_GLL_REPORT_LOAD_TARGET","FCHINVOICING","8.0","String"
"FLD00001672","VRS_VFGA_GLL_REPORT_LOAD_TARGET_FCHCLEARING","VRS_VFGA_GLL_REPORT_LOAD_TARGET","FCHCLEARING","9.0","String"
"FLD00001673","VRS_VFGA_GLL_REPORT_LOAD_TARGET_FCHSETTLEMENT","VRS_VFGA_GLL_REPORT_LOAD_TARGET","FCHSETTLEMENT","10.0","String"
"FLD00001674","VRS_VFGA_GLL_REPORT_LOAD_TARGET_RTDR","VRS_VFGA_GLL_REPORT_LOAD_TARGET","RTDR","11.0","String"
"FLD00001675","VRS_VFGA_GLL_REPORT_LOAD_TARGET_HSFTRIGGER","VRS_VFGA_GLL_REPORT_LOAD_TARGET","HSFTRIGGER","12.0","String"
"FLD00001676","VRS_VFGE_IOT_SYNC_DEAL_INSERT_EXTRACT_SOURCE_NAME","VRS_VFGE_IOT_SYNC_DEAL_INSERT_EXTRACT_SOURCE","NAME","1.0","String"
"FLD00001677","VRS_VFGE_IOT_SYNC_DEAL_INSERT_EXTRACT_SOURCE_EFFECTIVE_DATE__C","VRS_VFGE_IOT_SYNC_DEAL_INSERT_EXTRACT_SOURCE","EFFECTIVE_DATE__C","2.0","String"
"FLD00001678","VRS_VFGE_IOT_SYNC_DEAL_INSERT_EXTRACT_SOURCE_CONTRACT_CATEGORY__C","VRS_VFGE_IOT_SYNC_DEAL_INSERT_EXTRACT_SOURCE","CONTRACT_CATEGORY__C","3.0","String"
"FLD00001679","VRS_VFGE_IOT_SYNC_DEAL_INSERT_EXTRACT_SOURCE_CONTRACT_NAME__C","VRS_VFGE_IOT_SYNC_DEAL_INSERT_EXTRACT_SOURCE","CONTRACT_NAME__C","4.0","String"
"FLD00001680","VRS_VFGE_IOT_SYNC_DEAL_INSERT_EXTRACT_SOURCE_DEAL_STATUS__C","VRS_VFGE_IOT_SYNC_DEAL_INSERT_EXTRACT_SOURCE","DEAL_STATUS__C","5.0","String"
"FLD00001681","VRS_VFGE_IOT_SYNC_DEAL_INSERT_EXTRACT_SOURCE_CONTRACT_TYPE__C","VRS_VFGE_IOT_SYNC_DEAL_INSERT_EXTRACT_SOURCE","CONTRACT_TYPE__C","6.0","String"
"FLD00001682","VRS_VFGE_IOT_SYNC_DEAL_INSERT_EXTRACT_SOURCE_CURRENT_MILESTONE__C","VRS_VFGE_IOT_SYNC_DEAL_INSERT_EXTRACT_SOURCE","CURRENT_MILESTONE__C","7.0","String"
"FLD00001683","VRS_VFGE_IOT_SYNC_DEAL_INSERT_EXTRACT_SOURCE_END_DATE__C","VRS_VFGE_IOT_SYNC_DEAL_INSERT_EXTRACT_SOURCE","END_DATE__C","8.0","Date"
"FLD00001684","VRS_VFGE_IOT_SYNC_DEAL_INSERT_EXTRACT_SOURCE_INITIAL_CONTACT_COMMENTS__C","VRS_VFGE_IOT_SYNC_DEAL_INSERT_EXTRACT_SOURCE","INITIAL_CONTACT_COMMENTS__C","9.0","String"
"FLD00001685","VRS_VFGE_IOT_SYNC_DEAL_INSERT_EXTRACT_SOURCE_LAST_UPDATED_DATE","VRS_VFGE_IOT_SYNC_DEAL_INSERT_EXTRACT_SOURCE","LAST_UPDATED_DATE","10.0","Date"
"FLD00001686","VRS_VFGE_IOT_SYNC_DEAL_INSERT_EXTRACT_SOURCE_SND_PART_PARTICIPANT","VRS_VFGE_IOT_SYNC_DEAL_INSERT_EXTRACT_SOURCE","SND_PART_PARTICIPANT","11.0","String"
"FLD00001687","VRS_VFGE_IOT_SYNC_DEAL_INSERT_EXTRACT_SOURCE_PARENT_FA_SRC__C","VRS_VFGE_IOT_SYNC_DEAL_INSERT_EXTRACT_SOURCE","PARENT_FA_SRC__C","12.0","String"
"FLD00001688","VRS_VFGE_IOT_SYNC_DEAL_INSERT_EXTRACT_SOURCE_CONTRACT_TYPE_SRC__C","VRS_VFGE_IOT_SYNC_DEAL_INSERT_EXTRACT_SOURCE","CONTRACT_TYPE_SRC__C","13.0","String"
"FLD00001689","VRS_VFGE_IOT_SYNC_DEAL_INSERT_EXTRACT_SOURCE_NEGOTIATION_TEAM__C","VRS_VFGE_IOT_SYNC_DEAL_INSERT_EXTRACT_SOURCE","NEGOTIATION_TEAM__C","14.0","String"
"FLD00001690","VRS_VFGE_IOT_SYNC_DEAL_INSERT_EXTRACT_SOURCE_CONTRACT_MANAGER__C","VRS_VFGE_IOT_SYNC_DEAL_INSERT_EXTRACT_SOURCE","CONTRACT_MANAGER__C","15.0","String"
"FLD00001691","VRS_VFGE_IOT_SYNC_DEAL_INSERT_EXTRACT_SOURCE_CAS_COMMENTS__C","VRS_VFGE_IOT_SYNC_DEAL_INSERT_EXTRACT_SOURCE","CAS_COMMENTS__C","16.0","String"
"FLD00001692","VRS_VFGE_IOT_SYNC_DEAL_INSERT_EXTRACT_SOURCE_LEGAL_SRC__C","VRS_VFGE_IOT_SYNC_DEAL_INSERT_EXTRACT_SOURCE","LEGAL_SRC__C","17.0","String"
"FLD00001693","VRS_VFGE_IOT_SYNC_DEAL_INSERT_EXTRACT_SOURCE_FINANCE_SRC__C","VRS_VFGE_IOT_SYNC_DEAL_INSERT_EXTRACT_SOURCE","FINANCE_SRC__C","18.0","String"
"FLD00001694","VRS_VFGE_IOT_SYNC_DEAL_INSERT_EXTRACT_SOURCE_TAX_SRC__C","VRS_VFGE_IOT_SYNC_DEAL_INSERT_EXTRACT_SOURCE","TAX_SRC__C","19.0","String"
"FLD00001695","VRS_VFGE_IOT_SYNC_DEAL_INSERT_EXTRACT_SOURCE_CAS_DATE__C","VRS_VFGE_IOT_SYNC_DEAL_INSERT_EXTRACT_SOURCE","CAS_DATE__C","20.0","Date"
"FLD00001696","VRS_VFGE_IOT_SYNC_DEAL_INSERT_EXTRACT_SOURCE_PLANNED_NEGOT_START_DATE__C","VRS_VFGE_IOT_SYNC_DEAL_INSERT_EXTRACT_SOURCE","PLANNED_NEGOT_START_DATE__C","21.0","Date"
"FLD00001697","VRS_VFGE_IOT_SYNC_DEAL_INSERT_EXTRACT_SOURCE_PLANNED_NEGOT_END_DATE__C","VRS_VFGE_IOT_SYNC_DEAL_INSERT_EXTRACT_SOURCE","PLANNED_NEGOT_END_DATE__C","22.0","Date"
"FLD00001698","VRS_VFGE_IOT_SYNC_DEAL_INSERT_EXTRACT_SOURCE_ACTUAL_NEGOT_START_DATE__C","VRS_VFGE_IOT_SYNC_DEAL_INSERT_EXTRACT_SOURCE","ACTUAL_NEGOT_START_DATE__C","23.0","Date"
"FLD00001699","VRS_VFGE_IOT_SYNC_DEAL_INSERT_EXTRACT_SOURCE_ACTUAL_NEGOT_END_DATE__C","VRS_VFGE_IOT_SYNC_DEAL_INSERT_EXTRACT_SOURCE","ACTUAL_NEGOT_END_DATE__C","24.0","Date"
"FLD00001700","VRS_VFGE_IOT_SYNC_DEAL_INSERT_EXTRACT_SOURCE_CONTACT_PERSON_SRC","VRS_VFGE_IOT_SYNC_DEAL_INSERT_EXTRACT_SOURCE","CONTACT_PERSON_SRC","25.0","String"
"FLD00001701","VRS_VFGE_IOT_SYNC_DEAL_INSERT_EXTRACT_SOURCE_TELEFONE_NUMBER_SRC","VRS_VFGE_IOT_SYNC_DEAL_INSERT_EXTRACT_SOURCE","TELEFONE_NUMBER_SRC","26.0","String"
"FLD00001702","VRS_VFGE_IOT_SYNC_DEAL_INSERT_EXTRACT_SOURCE_EMAIL_ADDRESS_SRC","VRS_VFGE_IOT_SYNC_DEAL_INSERT_EXTRACT_SOURCE","EMAIL_ADDRESS_SRC","27.0","String"
"FLD00001703","VRS_VFGE_IOT_SYNC_DEAL_INSERT_EXTRACT_SOURCE_FRAUD_SRC__C","VRS_VFGE_IOT_SYNC_DEAL_INSERT_EXTRACT_SOURCE","FRAUD_SRC__C","28.0","String"
"FLD00001704","VRS_VFGE_IOT_SYNC_DEAL_INSERT_EXTRACT_SOURCE_AUTO_RENEW","VRS_VFGE_IOT_SYNC_DEAL_INSERT_EXTRACT_SOURCE","AUTO_RENEW","29.0","String"
"FLD00001705","VRS_VFGE_IOT_SYNC_DEAL_INSERT_EXTRACT_SOURCE_VALIDATION_STATUS","VRS_VFGE_IOT_SYNC_DEAL_INSERT_EXTRACT_SOURCE","VALIDATION_STATUS","30.0","String"
"FLD00001706","VRS_VFGE_IOT_SYNC_DEAL_INSERT_LOAD_TARGET_ACTUAL_NEGOTIATION_END_DATE__C","VRS_VFGE_IOT_SYNC_DEAL_INSERT_LOAD_TARGET","Actual_Negotiation_End_Date__c","1.0","Date"
"FLD00001707","VRS_VFGE_IOT_SYNC_DEAL_INSERT_LOAD_TARGET_ACTUAL_NEGOTIATION_START_DATE__C","VRS_VFGE_IOT_SYNC_DEAL_INSERT_LOAD_TARGET","Actual_Negotiation_Start_Date__c","2.0","Date"
"FLD00001708","VRS_VFGE_IOT_SYNC_DEAL_INSERT_LOAD_TARGET_CAS_COMMENTS__C","VRS_VFGE_IOT_SYNC_DEAL_INSERT_LOAD_TARGET","CAS_Comments__c","3.0","String"
"FLD00001709","VRS_VFGE_IOT_SYNC_DEAL_INSERT_LOAD_TARGET_CAS_DATE__C","VRS_VFGE_IOT_SYNC_DEAL_INSERT_LOAD_TARGET","CAS_Date__c","4.0","Date"
"FLD00001710","VRS_VFGE_IOT_SYNC_DEAL_INSERT_LOAD_TARGET_CONTACT_PERSON_SRC__C","VRS_VFGE_IOT_SYNC_DEAL_INSERT_LOAD_TARGET","Contact_Person_Src__c","5.0","String"
"FLD00001711","VRS_VFGE_IOT_SYNC_DEAL_INSERT_LOAD_TARGET_CONTRACT_CATEGORY__C","VRS_VFGE_IOT_SYNC_DEAL_INSERT_LOAD_TARGET","Contract_Category__c","6.0","String"
"FLD00001712","VRS_VFGE_IOT_SYNC_DEAL_INSERT_LOAD_TARGET_CONTRACT_MANAGER_SRC__C","VRS_VFGE_IOT_SYNC_DEAL_INSERT_LOAD_TARGET","Contract_Manager_Src__c","7.0","String"
"FLD00001713","VRS_VFGE_IOT_SYNC_DEAL_INSERT_LOAD_TARGET_CONTRACT_NAME__C","VRS_VFGE_IOT_SYNC_DEAL_INSERT_LOAD_TARGET","Contract_Name__c","8.0","String"
"FLD00001714","VRS_VFGE_IOT_SYNC_DEAL_INSERT_LOAD_TARGET_CONTRACT_TYPE_SRC__C","VRS_VFGE_IOT_SYNC_DEAL_INSERT_LOAD_TARGET","Contract_Type_Src__c","9.0","String"
"FLD00001715","VRS_VFGE_IOT_SYNC_DEAL_INSERT_LOAD_TARGET_CONTRACT_TYPE__C","VRS_VFGE_IOT_SYNC_DEAL_INSERT_LOAD_TARGET","Contract_Type__c","10.0","String"
"FLD00001716","VRS_VFGE_IOT_SYNC_DEAL_INSERT_LOAD_TARGET_CURRENT_MILESTONE__C","VRS_VFGE_IOT_SYNC_DEAL_INSERT_LOAD_TARGET","Current_Milestone__c","11.0","String"
"FLD00001717","VRS_VFGE_IOT_SYNC_DEAL_INSERT_LOAD_TARGET_DEAL_STATUS__C","VRS_VFGE_IOT_SYNC_DEAL_INSERT_LOAD_TARGET","Deal_Status__c","12.0","String"
"FLD00001718","VRS_VFGE_IOT_SYNC_DEAL_INSERT_LOAD_TARGET_EFFECTIVE_DATE__C","VRS_VFGE_IOT_SYNC_DEAL_INSERT_LOAD_TARGET","Effective_Date__c","13.0","Date"
"FLD00001719","VRS_VFGE_IOT_SYNC_DEAL_INSERT_LOAD_TARGET_EMAIL_ADDRESS_SRC__C","VRS_VFGE_IOT_SYNC_DEAL_INSERT_LOAD_TARGET","Email_Address_Src__c","14.0","String"
"FLD00001720","VRS_VFGE_IOT_SYNC_DEAL_INSERT_LOAD_TARGET_END_DATE__C","VRS_VFGE_IOT_SYNC_DEAL_INSERT_LOAD_TARGET","End_Date__c","15.0","Date"
"FLD00001721","VRS_VFGE_IOT_SYNC_DEAL_INSERT_LOAD_TARGET_FINANCE_SRC__C","VRS_VFGE_IOT_SYNC_DEAL_INSERT_LOAD_TARGET","Finance_Src__c","16.0","String"
"FLD00001722","VRS_VFGE_IOT_SYNC_DEAL_INSERT_LOAD_TARGET_FRAUD_SRC__C","VRS_VFGE_IOT_SYNC_DEAL_INSERT_LOAD_TARGET","Fraud_Src__c","17.0","String"
"FLD00001723","VRS_VFGE_IOT_SYNC_DEAL_INSERT_LOAD_TARGET_IOTP_VALIDATION_STATUS__C","VRS_VFGE_IOT_SYNC_DEAL_INSERT_LOAD_TARGET","IOTP_Validation_Status__c","18.0","String"
"FLD00001724","VRS_VFGE_IOT_SYNC_DEAL_INSERT_LOAD_TARGET_INITIAL_CONTACT_COMMENTS__C","VRS_VFGE_IOT_SYNC_DEAL_INSERT_LOAD_TARGET","Initial_Contact_Comments__c","19.0","String"
"FLD00001725","VRS_VFGE_IOT_SYNC_DEAL_INSERT_LOAD_TARGET_LAST_UPDATE_DATE__C","VRS_VFGE_IOT_SYNC_DEAL_INSERT_LOAD_TARGET","Last_Update_Date__c","20.0","Date"
"FLD00001726","VRS_VFGE_IOT_SYNC_DEAL_INSERT_LOAD_TARGET_LEGAL_SRC__C","VRS_VFGE_IOT_SYNC_DEAL_INSERT_LOAD_TARGET","Legal_Src__c","21.0","String"
"FLD00001727","VRS_VFGE_IOT_SYNC_DEAL_INSERT_LOAD_TARGET_NEGOTIATION_TEAM_SRC__C","VRS_VFGE_IOT_SYNC_DEAL_INSERT_LOAD_TARGET","Negotiation_Team_Src__c","22.0","String"
"FLD00001728","VRS_VFGE_IOT_SYNC_DEAL_INSERT_LOAD_TARGET_PARENT_FA_SRC__C","VRS_VFGE_IOT_SYNC_DEAL_INSERT_LOAD_TARGET","Parent_FA_Src__c","23.0","String"
"FLD00001729","VRS_VFGE_IOT_SYNC_DEAL_INSERT_LOAD_TARGET_PLANNED_NEGOTIATION_START_DATE__C","VRS_VFGE_IOT_SYNC_DEAL_INSERT_LOAD_TARGET","Planned_Negotiation_Start_Date__c","25.0","Date"
"FLD00001730","VRS_VFGE_IOT_SYNC_DEAL_INSERT_LOAD_TARGET_PLANNED_NEGOTIATION_END_DATE__C","VRS_VFGE_IOT_SYNC_DEAL_INSERT_LOAD_TARGET","Planned_Negotiation_End_Date__c","24.0","Date"
"FLD00001731","VRS_VFGE_IOT_SYNC_DEAL_INSERT_LOAD_TARGET_SECOND_CONTRACT_PARTY_TADIG__C","VRS_VFGE_IOT_SYNC_DEAL_INSERT_LOAD_TARGET","Second_Contract_Party_TADIG__c","26.0","String"
"FLD00001732","VRS_VFGE_IOT_SYNC_DEAL_INSERT_LOAD_TARGET_TAX_SRC__C","VRS_VFGE_IOT_SYNC_DEAL_INSERT_LOAD_TARGET","Tax_Src__c","27.0","String"
"FLD00001733","VRS_VFGE_IOT_SYNC_DEAL_INSERT_LOAD_TELEFONE_NUMBER_SRC__C","VRS_VFGE_IOT_SYNC_DEAL_INSERT_LOAD_TARGET","Telefone_Number_Src__c","28.0","String"
"FLD00001734","VRS_VFGE_IOT_SYNC_DEAL_INSERT_LOAD_ISAUTORENEW__C","VRS_VFGE_IOT_SYNC_DEAL_INSERT_LOAD_TARGET","isAutoRenew__c","29.0","Boolean"
"FLD00001735","VRS_VFGE_IOT_SYNC_DEAL_INSERT_LOAD_IOTP_VALIDATION_STATUS__C","VRS_VFGE_IOT_SYNC_DEAL_INSERT_LOAD_TARGET","IOTP_Validation_Status__c","30.0","String"
"FLD00001736","VRS_VFGE_IOT_SYNC_PERIOD_INSERT_EXTRACT_SOURCE_PERIOD_INDEX","VRS_VFGE_IOT_SYNC_PERIOD_INSERT_EXTRACT_SOURCE","PERIOD_INDEX","1.0","String"
"FLD00001737","VRS_VFGE_IOT_SYNC_PERIOD_INSERT_EXTRACT_SOURCE_DEAL_INDEX","VRS_VFGE_IOT_SYNC_PERIOD_INSERT_EXTRACT_SOURCE","DEAL_INDEX","2.0","String"
"FLD00001738","VRS_VFGE_IOT_SYNC_PERIOD_INSERT_EXTRACT_SOURCE_PERIOD_FROM","VRS_VFGE_IOT_SYNC_PERIOD_INSERT_EXTRACT_SOURCE","PERIOD_FROM","3.0","Date"
"FLD00001739","VRS_VFGE_IOT_SYNC_PERIOD_INSERT_EXTRACT_SOURCE_PERIOD_TO","VRS_VFGE_IOT_SYNC_PERIOD_INSERT_EXTRACT_SOURCE","PERIOD_TO","4.0","Date"
"FLD00001740","VRS_VFGE_IOT_SYNC_PERIOD_INSERT_EXTRACT_SOURCE_LAST_UPDATED_DATE","VRS_VFGE_IOT_SYNC_PERIOD_INSERT_EXTRACT_SOURCE","LAST_UPDATED_DATE","5.0","Date"
"FLD00001741","VRS_VFGE_IOT_SYNC_PERIOD_INSERT_LOAD_TARGET_NAME","VRS_VFGE_IOT_SYNC_PERIOD_INSERT_LOAD_TARGET","Name","1.0","String"
"FLD00001742","VRS_VFGE_IOT_SYNC_PERIOD_INSERT_LOAD_TARGET_DEAL_NUMBER_SRC__C","VRS_VFGE_IOT_SYNC_PERIOD_INSERT_LOAD_TARGET","Deal_Number_Src__c","2.0","String"
"FLD00001743","VRS_VFGE_IOT_SYNC_PERIOD_INSERT_LOAD_TARGET_EFFECTIVE_DATE__C","VRS_VFGE_IOT_SYNC_PERIOD_INSERT_LOAD_TARGET","Effective_Date__c","3.0","Date"
"FLD00001744","VRS_VFGE_IOT_SYNC_PERIOD_INSERT_LOAD_TARGET_END_DATE__C","VRS_VFGE_IOT_SYNC_PERIOD_INSERT_LOAD_TARGET","End_Date__c","4.0","Date"
"FLD00001745","VRS_VFGE_IOT_SYNC_PERIOD_INSERT_LOAD_TARGET_IOT_LAST_UPDATE_DATE__C","VRS_VFGE_IOT_SYNC_PERIOD_INSERT_LOAD_TARGET","IOT_last_update_date__c","5.0","Date"
"FLD00001746","VRS_VFGE_IOT_SYNC_1ST_PARTICIPANT_INSERT_EXTRACT_SOURCE_DEAL_INDEX","VRS_VFGE_IOT_SYNC_1ST_PARTICIPANT_INSERT_EXTRACT_SOURCE","DEAL_INDEX","1.0","String"
"FLD00001747","VRS_VFGE_IOT_SYNC_1ST_PARTICIPANT_INSERT_EXTRACT_SOURCE_PERIOD_INDEX","VRS_VFGE_IOT_SYNC_1ST_PARTICIPANT_INSERT_EXTRACT_SOURCE","PERIOD_INDEX","2.0","String"
"FLD00001748","VRS_VFGE_IOT_SYNC_1ST_PARTICIPANT_INSERT_EXTRACT_SOURCE_TADIG","VRS_VFGE_IOT_SYNC_1ST_PARTICIPANT_INSERT_EXTRACT_SOURCE","TADIG","2.0","String"
"FLD00001749","VRS_VFGE_IOT_SYNC_1ST_PARTICIPANT_INSERT_EXTRACT_SOURCE_TARGET","VRS_VFGE_IOT_SYNC_1ST_PARTICIPANT_INSERT_EXTRACT_SOURCE","TARGET","3.0","String"
"FLD00001750","VRS_VFGE_IOT_SYNC_1ST_PARTICIPANT_INSERT_EXTRACT_SOURCE_TARGET_START","VRS_VFGE_IOT_SYNC_1ST_PARTICIPANT_INSERT_EXTRACT_SOURCE","TARGET_START","4.0","Date"
"FLD00001751","VRS_VFGE_IOT_SYNC_1ST_PARTICIPANT_INSERT_EXTRACT_SOURCE_TARGET_FINISH","VRS_VFGE_IOT_SYNC_1ST_PARTICIPANT_INSERT_EXTRACT_SOURCE","TARGET_FINISH","5.0","Date"
"FLD00001752","VRS_VFGE_IOT_SYNC_1ST_PARTICIPANT_INSERT_EXTRACT_SOURCE_LAST_UPDATED_DATE","VRS_VFGE_IOT_SYNC_1ST_PARTICIPANT_INSERT_EXTRACT_SOURCE","LAST_UPDATED_DATE","6.0","Date"
"FLD00001753","VRS_VFGE_IOT_SYNC_1ST_PARTICIPANT_INSERT_EXTRACT_SOURCE_IS_PARTICIPANT","VRS_VFGE_IOT_SYNC_1ST_PARTICIPANT_INSERT_EXTRACT_SOURCE","IS_PARTICIPANT","7.0","Integer"
"FLD00001754","VRS_VFGE_IOT_SYNC_1ST_PARTICIPANT_INSERT_EXTRACT_SOURCE_IS_SIGNER","VRS_VFGE_IOT_SYNC_1ST_PARTICIPANT_INSERT_EXTRACT_SOURCE","IS_SIGNER","8.0","Integer"
"FLD00001755","VRS_VFGE_IOT_SYNC_1ST_PARTICIPANT_INSERT_LOAD_TARGET_DEAL_NUMBER_SRC__C","VRS_VFGE_IOT_SYNC_1ST_PARTICIPANT_INSERT_LOAD_TARGET","Deal_Number_Src__c","1.0","String"
"FLD00001756","VRS_VFGE_IOT_SYNC_1ST_PARTICIPANT_INSERT_LOAD_TARGET_ENTITY_CATEGORY__C","VRS_VFGE_IOT_SYNC_1ST_PARTICIPANT_INSERT_LOAD_TARGET","Entity_Category__c","2.0","String"
"FLD00001757","VRS_VFGE_IOT_SYNC_1ST_PARTICIPANT_INSERT_LOAD_TARGET_IOT_LAST_UPDATE_DATE__C","VRS_VFGE_IOT_SYNC_1ST_PARTICIPANT_INSERT_LOAD_TARGET","IOT_last_update_date__c","3.0","Date"
"FLD00001758","VRS_VFGE_IOT_SYNC_1ST_PARTICIPANT_INSERT_LOAD_TARGET_PARTICIPANT__C","VRS_VFGE_IOT_SYNC_1ST_PARTICIPANT_INSERT_LOAD_TARGET","Participant__c","4.0","Boolean"
"FLD00001759","VRS_VFGE_IOT_SYNC_1ST_PARTICIPANT_INSERT_LOAD_TARGET_PERIOD_INDEX_SRC__C","VRS_VFGE_IOT_SYNC_1ST_PARTICIPANT_INSERT_LOAD_TARGET","Period_Index_Src__c","6.0","String"
"FLD00001760","VRS_VFGE_IOT_SYNC_1ST_PARTICIPANT_INSERT_LOAD_TARGET_SIGNING__C","VRS_VFGE_IOT_SYNC_1ST_PARTICIPANT_INSERT_LOAD_TARGET","Signing__c","7.0","Boolean"
"FLD00001761","VRS_VFGE_IOT_SYNC_1ST_PARTICIPANT_INSERT_LOAD_TARGET_TADIG_CODE_SRC__C","VRS_VFGE_IOT_SYNC_1ST_PARTICIPANT_INSERT_LOAD_TARGET","Tadig_Code_Src__c","8.0","String"
"FLD00001762","VRS_VFGE_IOT_SYNC_1ST_PARTICIPANT_INSERT_LOAD_TARGET_TARGET_END__C","VRS_VFGE_IOT_SYNC_1ST_PARTICIPANT_INSERT_LOAD_TARGET","Target_End__c","9.0","Date"
"FLD00001763","VRS_VFGE_IOT_SYNC_1ST_PARTICIPANT_INSERT_LOAD_TARGET_TARGET_START__C","VRS_VFGE_IOT_SYNC_1ST_PARTICIPANT_INSERT_LOAD_TARGET","Target_Start__c","10.0","Date"
"FLD00001764","VRS_VFGE_IOT_SYNC_1ST_PARTICIPANT_INSERT_LOAD_TARGET_TARGET__C","VRS_VFGE_IOT_SYNC_1ST_PARTICIPANT_INSERT_LOAD_TARGET","Target__c","11.0","String"
"FLD00001765","VRS_VFGE_IOT_SYNC_2ND_PARTICIPANT_INSERT_EXTRACT_SOURCE_DEAL_INDEX","VRS_VFGE_IOT_SYNC_2ND_PARTICIPANT_INSERT_EXTRACT_SOURCE","DEAL_INDEX","1.0","String"
"FLD00001766","VRS_VFGE_IOT_SYNC_2ND_PARTICIPANT_INSERT_EXTRACT_SOURCE_PERIOD_INDEX","VRS_VFGE_IOT_SYNC_2ND_PARTICIPANT_INSERT_EXTRACT_SOURCE","PERIOD_INDEX","2.0","String"
"FLD00001767","VRS_VFGE_IOT_SYNC_2ND_PARTICIPANT_INSERT_EXTRACT_SOURCE_TADIG","VRS_VFGE_IOT_SYNC_2ND_PARTICIPANT_INSERT_EXTRACT_SOURCE","TADIG","3.0","String"
"FLD00001768","VRS_VFGE_IOT_SYNC_2ND_PARTICIPANT_INSERT_EXTRACT_SOURCE_TARGET","VRS_VFGE_IOT_SYNC_2ND_PARTICIPANT_INSERT_EXTRACT_SOURCE","TARGET","5.0","String"
"FLD00001769","VRS_VFGE_IOT_SYNC_2ND_PARTICIPANT_INSERT_EXTRACT_SOURCE_TARGET_START","VRS_VFGE_IOT_SYNC_2ND_PARTICIPANT_INSERT_EXTRACT_SOURCE","TARGET_START","6.0","Date"
"FLD00001770","VRS_VFGE_IOT_SYNC_2ND_PARTICIPANT_INSERT_EXTRACT_SOURCE_TARGET_FINISH","VRS_VFGE_IOT_SYNC_2ND_PARTICIPANT_INSERT_EXTRACT_SOURCE","TARGET_FINISH","7.0","Date"
"FLD00001771","VRS_VFGE_IOT_SYNC_2ND_PARTICIPANT_INSERT_EXTRACT_SOURCE_LAST_UPDATED_DATE","VRS_VFGE_IOT_SYNC_2ND_PARTICIPANT_INSERT_EXTRACT_SOURCE","LAST_UPDATED_DATE","8.0","Date"
"FLD00001772","VRS_VFGE_IOT_SYNC_2ND_PARTICIPANT_INSERT_EXTRACT_SOURCE_IS_PARTICIPANT","VRS_VFGE_IOT_SYNC_2ND_PARTICIPANT_INSERT_EXTRACT_SOURCE","IS_PARTICIPANT","9.0","Boolean"
"FLD00001773","VRS_VFGE_IOT_SYNC_2ND_PARTICIPANT_INSERT_EXTRACT_SOURCE_IS_SIGNER","VRS_VFGE_IOT_SYNC_2ND_PARTICIPANT_INSERT_EXTRACT_SOURCE","IS_SIGNER","10.0","Boolean"
"FLD00001774","VRS_VFGE_IOT_SYNC_2ND_PARTICIPANT_INSERT_LOAD_TARGET_ENTITY_CATEGORY__C","VRS_VFGE_IOT_SYNC_2ND_PARTICIPANT_INSERT_LOAD_TARGET","Entity_Category__c","1.0","String"
"FLD00001775","VRS_VFGE_IOT_SYNC_2ND_PARTICIPANT_INSERT_LOAD_TARGET_ENTITY_PARTICIPANT__C","VRS_VFGE_IOT_SYNC_2ND_PARTICIPANT_INSERT_LOAD_TARGET","Participant__c","2.0","Boolean"
"FLD00001776","VRS_VFGE_IOT_SYNC_2ND_PARTICIPANT_INSERT_LOAD_TARGET_ENTITY_SIGNING__C","VRS_VFGE_IOT_SYNC_2ND_PARTICIPANT_INSERT_LOAD_TARGET","Signing__c","3.0","Boolean"
"FLD00001777","VRS_VFGE_IOT_SYNC_2ND_PARTICIPANT_INSERT_LOAD_TARGET_TARGET_END__C","VRS_VFGE_IOT_SYNC_2ND_PARTICIPANT_INSERT_LOAD_TARGET","Target_End__c","5.0","Date"
"FLD00001778","VRS_VFGE_IOT_SYNC_2ND_PARTICIPANT_INSERT_LOAD_TARGET_TARGET_START__C","VRS_VFGE_IOT_SYNC_2ND_PARTICIPANT_INSERT_LOAD_TARGET","Target_Start__c","6.0","Date"
"FLD00001779","VRS_VFGE_IOT_SYNC_2ND_PARTICIPANT_INSERT_LOAD_TARGET_TARGET__C","VRS_VFGE_IOT_SYNC_2ND_PARTICIPANT_INSERT_LOAD_TARGET","Target__c","7.0","Date"
"FLD00001780","VRS_VFGE_IOT_SYNC_2ND_PARTICIPANT_INSERT_LOAD_TARGET_DEAL_NUMBER_SRC__C","VRS_VFGE_IOT_SYNC_2ND_PARTICIPANT_INSERT_LOAD_TARGET","Deal_Number_Src__c","8.0","String"
"FLD00001781","VRS_VFGE_IOT_SYNC_2ND_PARTICIPANT_INSERT_LOAD_TARGET_PERIOD_INDEX_SRC__C","VRS_VFGE_IOT_SYNC_2ND_PARTICIPANT_INSERT_LOAD_TARGET","Period_Index_Src__c","9.0","String"
"FLD00001782","VRS_VFGE_IOT_SYNC_2ND_PARTICIPANT_INSERT_LOAD_TARGET_TADIG_CODE_SRC__C","VRS_VFGE_IOT_SYNC_2ND_PARTICIPANT_INSERT_LOAD_TARGET","Tadig_Code_Src__c","10.0","String"
"FLD00001783","VRS_VFGE_IOT_SYNC_2ND_PARTICIPANT_INSERT_LOAD_TARGET_IOT_LAST_UPDATE_DATE__C","VRS_VFGE_IOT_SYNC_2ND_PARTICIPANT_INSERT_LOAD_TARGET","IOT_last_update_date__c","11.0","Date"
"FLD00001784","VRS_VFGE_IOT_SYNC_HISTORY_WAITING_SYNC_EXTRACT_SOURCE_ID","VRS_VFGE_IOT_SYNC_HISTORY_WAITING_SYNC_EXTRACT_SOURCE","Id","1.0","String"
"FLD00001785","VRS_VFGE_IOT_SYNC_HISTORY_WAITING_SYNC_EXTRACT_SOURCE_ERROR_MESSAGE","VRS_VFGE_IOT_SYNC_HISTORY_WAITING_SYNC_EXTRACT_SOURCE","Error Message","2.0","String"
"FLD00001786","VRS_VFGE_IOT_SYNC_HISTORY_WAITING_SYNC_EXTRACT_SOURCE_DATA_UPLOADED_TO_SFDC","VRS_VFGE_IOT_SYNC_HISTORY_WAITING_SYNC_EXTRACT_SOURCE","Data Uploaded to SFDC","3.0","String"
"FLD00001787","VRS_VFGE_IOT_SYNC_HISTORY_WAITING_SYNC_EXTRACT_SOURCE_END_UPLOAD_DATA_DATE","VRS_VFGE_IOT_SYNC_HISTORY_WAITING_SYNC_EXTRACT_SOURCE","End Upload Data Date","4.0","String"
"FLD00001788","VRS_VFGE_IOT_SYNC_HISTORY_WAITING_SYNC_LOAD_TARGET_ID","VRS_VFGE_IOT_SYNC_HISTORY_WAITING_SYNC_LOAD_TARGET","Id","1.0","String"
"FLD00001789","VRS_VFGE_IOT_SYNC_HISTORY_WAITING_SYNC_LOAD_TARGET_STATUS__C","VRS_VFGE_IOT_SYNC_HISTORY_WAITING_SYNC_LOAD_TARGET","Status__c","2.0","String"
"FLD00001790","VRS_VFGE_IOT_SYNC_HISTORY_WAITING_SYNC_LOAD_TARGET_DATA_UPLOADED_TO_SFDC__C","VRS_VFGE_IOT_SYNC_HISTORY_WAITING_SYNC_LOAD_TARGET","Data_Uploaded_to_SFDC__c","3.0","Boolean"
"FLD00001791","VRS_VFGE_IOT_SYNC_HISTORY_WAITING_SYNC_LOAD_TARGET_END_UPLOAD_DATA_DATE","VRS_VFGE_IOT_SYNC_HISTORY_WAITING_SYNC_LOAD_TARGET","End_Upload_Data_Date__c","4.0","Date"
"FLD00001792","SYS_PURGE_SERVER_AUDIT_EXTRACT_SOURCE_ID","SYS_PURGE_SERVER_AUDIT_EXTRACT_SOURCE","Id","1.0","String"
"FLD00001793","SYS_PURGE_SERVER_AUDIT_LOAD_TARGET_ID","SYS_PURGE_SERVER_AUDIT_LOAD_TARGET","Id","1.0","String"
"FLD00001794","SYS_PURGE_SERVER_LOGS_EXTRACT_DIRECTORY","SYS_PURGE_SERVER_LOGS_EXTRACT_SOURCE","directory","1.0","String"
"FLD00001795","SYS_PURGE_SERVER_LOGS_EXTRACT_FILENAME","SYS_PURGE_SERVER_LOGS_EXTRACT_SOURCE","filename","2.0","String"
"FLD00001796","SYS_PURGE_SERVER_LOGS_EXTRACT_CREATED_DATE","SYS_PURGE_SERVER_LOGS_EXTRACT_SOURCE","createdDate","3.0","Date"
"FLD00001797","SYS_PURGE_SERVER_LOGS_EXTRACT_LAST_MODIFIED_DATE","SYS_PURGE_SERVER_LOGS_EXTRACT_SOURCE","lastModifiedDate","4.0","Date"
"FLD00001798","SYS_PURGE_SERVER_LOGS_FILTER_TARGET_FILTER_TYPE","SYS_PURGE_SERVER_LOGS_FILTER_TARGET","filterType","1.0","String"
"FLD00001799","SYS_PURGE_SERVER_LOGS_FILTER_TARGET_FILTER","SYS_PURGE_SERVER_LOGS_FILTER_TARGET","filter","2.0","Boolean"
"FLD00001800","SYS_PURGE_SERVER_LOGS_FILE_TARGET_FILEOPERATION","SYS_PURGE_SERVER_LOGS_FILE_TARGET","fileOperation","1.0","String"
"FLD00001801","SYS_PURGE_SERVER_LOGS_FILE_TARGET_INPUTFILENAME","SYS_PURGE_SERVER_LOGS_FILE_TARGET","inputFilename","2.0","String"
"FLD00001802","SYS_PURGE_SERVER_LOGS_FILE_TARGET_OUTPUTFILENAME","SYS_PURGE_SERVER_LOGS_FILE_TARGET","outputFilename","3.0","String"
"FLD00001803","VRS_VFGE_IOT_SYNC_HISTORY_CLOSE_OPEN_ONES_LOAD_ERROR_MESSAGE__C","VRS_VFGE_IOT_SYNC_HISTORY_CLOSE_OPEN_ONES_LOAD_T","Error_Message__c","3.0","String"
"FLD00001804","VRS_VFGE_IOT_SYNC_DEAL_INSERT_LOAD_NAME","VRS_VFGE_IOT_SYNC_DEAL_INSERT_LOAD_TARGET","Name","31.0","String"
"FLD00001805","VRS_VFGA_SERVICE_AVAILABILITY_FULL_EXTRACT_NAME","VRS_VFGA_SERVICE_AVAILABILITY_FULL_EXTRACT_SOURCE","Asset.Product2.Name","1.0","String"
"FLD00001806","VRS_VFGA_SERVICE_AVAILABILITY_FULL_EXTRACT_TADIG_CODE","VRS_VFGA_SERVICE_AVAILABILITY_FULL_EXTRACT_SOURCE","Asset.Account.TADIG_Code__c","2.0","String"
"FLD00001807","VRS_VFGA_SERVICE_AVAILABILITY_FULL_LOAD_CALLTYPE","VRS_VFGA_SERVICE_AVAILABILITY_FULL_LOAD_TARGET","CALLTYPE","2.0","String"
"FLD00001808","VRS_VFGA_SERVICE_AVAILABILITY_FULL_LOAD_TADIG","VRS_VFGA_SERVICE_AVAILABILITY_FULL_LOAD_TARGET","TADIG","1.0","String"
"FLD00001809","VRS_VFGA_HUB_CONNECTIONS_FULL_EXTRACT_STATUS","VRS_VFGA_HUB_CONNECTIONS_FULL_EXTRACT_SOURCE","Footprint_Service__c.Status__c","1.0","String"
"FLD00001810","VRS_VFGA_HUB_CONNECTIONS_FULL_EXTRACT_PRODUCT","VRS_VFGA_HUB_CONNECTIONS_FULL_EXTRACT_SOURCE","Footprint_Service__c.Product__c","2.0","String"
"FLD00001811","VRS_VFGA_HUB_CONNECTIONS_FULL_EXTRACT_CLL_DATE","VRS_VFGA_HUB_CONNECTIONS_FULL_EXTRACT_SOURCE","Footprint_Service__c.CLL_Date__c","3.0","Date"
"FLD00001812","VRS_VFGA_HUB_CONNECTIONS_FULL_LOAD_ACTUAL_STATE","VRS_VFGA_HUB_CONNECTIONS_FULL_LOAD_TARGET","Actual_State","3.0","String"
"FLD00001813","VRS_VFGA_HUB_CONNECTIONS_FULL_LOAD_CALLTYPE","VRS_VFGA_HUB_CONNECTIONS_FULL_LOAD_TARGET","CALLTYPE","5.0","String"
"FLD00001814","VRS_VFGA_HUB_CONNECTIONS_FULL_LOAD_CLL_DATE","VRS_VFGA_HUB_CONNECTIONS_FULL_LOAD_TARGET","CLL_Date","4.0","String"
"FLD00001815","VRS_VFGA_HUB_CONNECTIONS_FULL_LOAD_DIRECTION","VRS_VFGA_HUB_CONNECTIONS_FULL_LOAD_TARGET","DIRECTION","6.0","String"
"FLD00001816","VRS_VFGA_HUB_CONNECTIONS_FULL_LOAD_HPLMN","VRS_VFGA_HUB_CONNECTIONS_FULL_LOAD_TARGET","HPLMN","1.0","String"
"FLD00001817","VRS_VFGA_HUB_CONNECTIONS_FULL_LOAD_VPLMN","VRS_VFGA_HUB_CONNECTIONS_FULL_LOAD_TARGET","VPLMN","2.0","String"
"FLD00001818","VRS_VFGA_HUB_CONNECTIONS_FULL_EXTRACT_DIRECTION","VRS_VFGA_HUB_CONNECTIONS_FULL_EXTRACT_SOURCE","Footprint_Service__c.Direction__c","4.0","String"
"FLD00001819","VRS_VFGA_HUB_CONNECTIONS_FULL_EXTRACT_HPLMN","VRS_VFGA_HUB_CONNECTIONS_FULL_EXTRACT_SOURCE","Footprint_Service__c.Footprint__r.HPLMN_HUB_TADIG_Code__c","5.0","String"
"FLD00001820","VRS_VFGA_HUB_CONNECTIONS_FULL_EXTRACT_VPLMN","VRS_VFGA_HUB_CONNECTIONS_FULL_EXTRACT_SOURCE","Footprint_Service__c.Footprint__r.VPLMN_HUB_TADIG_Code__c","6.0","String"
"FLD00001821","VRS_VFGA_FOOTPRINT_FULL_EXTRACT_PRODUCT","VRS_VFGA_FOOTPRINT_FULL_EXTRACT_SOURCE","Footprint_Service__c.Product__c","1.0","String"
"FLD00001822","VRS_VFGA_FOOTPRINT_FULL_LOAD_HPLMN","VRS_VFGA_FOOTPRINT_FULL_LOAD_TARGET","HPLMN","1.0","String"
"FLD00001824","VRS_VFGA_FOOTPRINT_FULL_EXTRACT_DIRECTION","VRS_VFGA_FOOTPRINT_FULL_EXTRACT_SOURCE","Footprint_Service__c.Direction__c","2.0","String"
"FLD00001825","VRS_VFGA_FOOTPRINT_FULL_EXTRACT_HPLMN","VRS_VFGA_FOOTPRINT_FULL_EXTRACT_SOURCE","Footprint_Service__c.Footprint__r.HPLMN_TADIG_Code__c","3.0","String"
"FLD00001827","VRS_VFGA_FOOTPRINT_FULL_EXTRACT_VPLMN","VRS_VFGA_FOOTPRINT_FULL_EXTRACT_SOURCE","Footprint_Service__c.Footprint__r.VPLMN_TADIG_Code__c","4.0","String"
"FLD00001828","VRS_VFGA_FOOTPRINT_FULL_LOAD_VPLMN","VRS_VFGA_FOOTPRINT_FULL_LOAD_TARGET","VPLMN","2.0","String"
"FLD00001829","VRS_VFGA_FOOTPRINT_FULL_LOAD_CALLTYPE","VRS_VFGA_FOOTPRINT_FULL_LOAD_TARGET","CALLTYPE","3.0","String"
"FLD00001830","VRS_VFGA_FOOTPRINT_FULL_LOAD_DIRECTION","VRS_VFGA_FOOTPRINT_FULL_LOAD_TARGET","Direction","4.0","String"
"FLD00001832","VRS_VFGA_CLARITY_MIGRATIONS_BI_EXTRACT_NAME","VRS_VFGA_CLARITY_MIGRATIONS_BI_EXTRACT_SOURCE","Footprint_Service_Detail__c.Name","1.0","String"
"FLD00001833","VRS_VFGA_CLARITY_MIGRATIONS_BI_EXTRACT_TADIG","VRS_VFGA_CLARITY_MIGRATIONS_BI_EXTRACT_SOURCE","Footprint_Service_Detail__c.Footprint_Service__r.HPLMN_Operator_Tadig__c","2.0","String"
"FLD00001834","VRS_VFGA_CLARITY_MIGRATIONS_BI_EXTRACT_VPLMN_TADIG","VRS_VFGA_CLARITY_MIGRATIONS_BI_EXTRACT_SOURCE","Footprint_Service_Detail__c.Footprint_Service__r.VPLMN_Operator_Tadig__c","3.0","String"
"FLD00001835","VRS_VFGA_CLARITY_MIGRATIONS_BI_EXTRACT_OPEN_DATE_FORMULA","VRS_VFGA_CLARITY_MIGRATIONS_BI_EXTRACT_SOURCE","Footprint_Service_Detail__c.Footprint_Service__r.Open_Date_Formula__c","4.0","Date"
"FLD00001836","VRS_VFGA_CLARITY_MIGRATIONS_BI_EXTRACT_CLL_DATE","VRS_VFGA_CLARITY_MIGRATIONS_BI_EXTRACT_SOURCE","Footprint_Service_Detail__c.Footprint_Service__r.CLL_Date__c","5.0","Date"
"FLD00001837","VRS_VFGA_CLARITY_MIGRATIONS_BI_EXTRACT_MIGRATION_DATE","VRS_VFGA_CLARITY_MIGRATIONS_BI_EXTRACT_SOURCE","Footprint_Service_Detail__c.Footprint_Service__r.Commercial_Migration_Date__c","6.0","Date"
"FLD00001838","VRS_VFGA_CLARITY_MIGRATIONS_BI_LOAD_VPLMN","VRS_VFGA_CLARITY_MIGRATIONS_BI_LOAD_TARGET","VPLMN","1.0","String"
"FLD00001839","VRS_VFGA_CLARITY_MIGRATIONS_BI_LOAD_HPLMN","VRS_VFGA_CLARITY_MIGRATIONS_BI_LOAD_TARGET","HPLMN","2.0","String"
"FLD00001840","VRS_VFGA_CLARITY_MIGRATIONS_BI_LOAD_CALL_TYPE","VRS_VFGA_CLARITY_MIGRATIONS_BI_LOAD_TARGET","CALL_TYPE","3.0","String"
"FLD00001841","VRS_VFGA_CLARITY_MIGRATIONS_BI_LOAD_STATUS","VRS_VFGA_CLARITY_MIGRATIONS_BI_LOAD_TARGET","STATUS","4.0","String"
"FLD00001842","VRS_VFGA_CLARITY_MIGRATIONS_BI_LOAD_ACTIVITY_DATE","VRS_VFGA_CLARITY_MIGRATIONS_BI_LOAD_TARGET","ACTIVITY_DATE","5.0","String"
"FLD00001843","VFGA_IOT_STATUS_REPORT_EXTRACT_CONTRACT_INDEX","VFGA_IOT_STATUS_REPORT_EXTRACT_SOURCE","E2E_Contract__c.IOT_Contract_Index__c","1.0","String"
"FLD00001844","VFGA_IOT_STATUS_REPORT_EXTRACT_CONTRACT_STATUS","VFGA_IOT_STATUS_REPORT_EXTRACT_SOURCE","E2E_Contract__c.Contract_Status__c","2.0","String"
"FLD00001845","VFGA_IOT_STATUS_REPORT_LOAD_INDEX_NUMBER","VFGA_IOT_STATUS_REPORT_LOAD_TARGET","INDEX_NUMBER","1.0","String"
"FLD00001846","VFGA_IOT_STATUS_REPORT_LOAD_CONTRACT_STATUS","VFGA_IOT_STATUS_REPORT_LOAD_TARGET","CONTRACT_STATUS","1.0","String"
