"Name","Unique_ID__c","Order__c","Target_Field__c","Task_Step__r.Unique_ID__c","Transformation__c"
"MAP00000426","VRS_VFGE_COL_REPORT_LOAD_DIRECTION","1.0","DIRECTION","VRS_VFGE_COL_REPORT_STEP_2","util:decode(
  FOOTPRINT_SERVICE_DETAIL__C.FOOTPRINT_SERVICE__R.FINANCIAL_DIRECTION__C,
  'Unilateral Outbound',
  'UniLat',
  'Bilateral',
  'BiLat',
  'Error'
)"
"MAP00000427","VRS_VFGE_COL_REPORT_LOAD_VPMN","2.0","VPMN","VRS_VFGE_COL_REPORT_STEP_2","FOOTPRINT_SERVICE_DETAIL__C.FOOTPRINT_SERVICE__R.VPLMN_OPERATOR_TADIG__C"
"MAP00000428","VRS_VFGE_COL_REPORT_LOAD_VPMN_HUB","3.0","VPMN_HUB","VRS_VFGE_COL_REPORT_STEP_2","FOOTPRINT_SERVICE_DETAIL__C.FOOTPRINT_SERVICE__R.FOOTPRINT__R.VPLMN_HUB_TADIG_CODE__C"
"MAP00000429","VRS_VFGE_COL_REPORT_LOAD_HPMN","4.0","HPMN","VRS_VFGE_COL_REPORT_STEP_2","FOOTPRINT_SERVICE_DETAIL__C.FOOTPRINT_SERVICE__R.HPLMN_OPERATOR_TADIG__C"
"MAP00000430","VRS_VFGE_COL_REPORT_LOAD_HPMN_HUB","5.0","HPMN_HUB","VRS_VFGE_COL_REPORT_STEP_2","FOOTPRINT_SERVICE_DETAIL__C.FOOTPRINT_SERVICE__R.FOOTPRINT__R.HPLMN_HUB_TADIG_CODE__C"
"MAP00000431","VRS_VFGE_COL_REPORT_LOAD_CONNECTION_CALL_TYPE","6.0","CONNECTION_CALL_TYPE","VRS_VFGE_COL_REPORT_STEP_2","FOOTPRINT_SERVICE_DETAIL__C.NAME"
"MAP00000432","VRS_VFGE_COL_REPORT_LOAD_STATUS","7.0","STATUS","VRS_VFGE_COL_REPORT_STEP_2","FOOTPRINT_SERVICE_DETAIL__C.FOOTPRINT_SERVICE__R.SO_TYPE__C"
"MAP00000433","VRS_VFGE_COL_REPORT_LOAD_DATE","8.0","DATE","VRS_VFGE_COL_REPORT_STEP_2","util:dateFormat(FOOTPRINT_SERVICE_DETAIL__C.FOOTPRINT_SERVICE__R.OPEN_DATE_FORMULA__C, ""yyyy-MM-dd"")"
"MAP00000434","VRS_VFGE_COL_REPORT_LOAD_SERVICE","9.0","SERVICE","VRS_VFGE_COL_REPORT_STEP_2","""Connectivity"""
"MAP00000435","VRS_VFGE_IOT_SYNC_HISTORY_CLOSE_OPEN_ONES_LOAD_STATUS","1.0","Status__c","VRS_VFGE_IOT_SYNC_HISTORY_CLOSE_OPEN_ONES_STEP_2","""Finished in Error"""
"MAP00000436","VRS_VFGE_IOT_SYNC_HISTORY_CLOSE_OPEN_ONES_LOAD_ERROR_M","2.0","Error_Message__c","VRS_VFGE_IOT_SYNC_HISTORY_CLOSE_OPEN_ONES_STEP_2","util:iif(
  util:isNull(ERROR_MESSAGE__C),
  'New SIP process started.',
  ERROR_MESSAGE__C
)"
"MAP00000437","VRS_VFGE_IOT_SYNC_HISTORY_CLOSE_OPEN_ONES_LOAD_END_PRO","3.0","End_Process_Date__c","VRS_VFGE_IOT_SYNC_HISTORY_CLOSE_OPEN_ONES_STEP_2","util:getCurrentTimestamp()"
"MAP00000438","VRS_VFGE_IOT_SYNC_HISTORY_START_NEW_PROCESS_LOAD_STATU","1.0","Status__c","VRS_VFGE_IOT_SYNC_HISTORY_START_NEW_PROCESS_STEP_3","""Importing CSVs"""
"MAP00000439","VRS_VFGE_IOT_SYNC_HISTORY_START_NEW_PROCESS_LOAD_START","1.0","Start_Process_Date__c","VRS_VFGE_IOT_SYNC_HISTORY_START_NEW_PROCESS_STEP_3","util:getCurrentTimestamp()"
"MAP00000440","VRS_VFGE_IOT_SYNC_HISTORY_START_NEW_PROCESS_LOAD_FTYPE","1.0","filterType","VRS_VFGE_IOT_SYNC_HISTORY_START_NEW_PROCESS_STEP_2","""Discard"""
"MAP00000441","VRS_VFGE_IOT_SYNC_HISTORY_START_NEW_PROCESS_LOAD_FILTE","2.0","filter","VRS_VFGE_IOT_SYNC_HISTORY_START_NEW_PROCESS_STEP_2","util:isBlank(ID)"
"MAP00000442","VRS_VFGE_IOT_SYNC_GET_CURRENT_PROCESS_ID_LOAD_ERROR_ME","1.0","Error Message","VRS_VFGE_IOT_SYNC_GET_CURRENT_PROCESS_ID_STEP_2","ERROR_MESSAGE__C"
"MAP00000443","VRS_VFGE_IOT_SYNC_GET_CURRENT_PROCESS_ID_LOAD_DATE_UPL","2.0","Data Uploaded to SFDC","VRS_VFGE_IOT_SYNC_GET_CURRENT_PROCESS_ID_STEP_2","DATA_UPLOADED_TO_SFDC__C"
"MAP00000444","VRS_VFGE_IOT_SYNC_GET_CURRENT_PROCESS_ID_LOAD_END_UPLO","3.0","End Upload Data Date","VRS_VFGE_IOT_SYNC_GET_CURRENT_PROCESS_ID_STEP_2","END_UPLOAD_DATA_DATE__C"
"MAP00000445","VRS_VFGE_IOT_SYNC_HISTORY_IMPORT_CSV_FILES_LOAD_STATUS","1.0","Status__c","VRS_VFGE_IOT_SYNC_HISTORY_IMPORT_CSV_FILES_STEP_2","""Importing CSVs"""
"MAP00000446","VRS_VFGE_IOT_SYNC_HISTORY_IMPORT_CSV_FILES_LOAD_ERRORM","2.0","Error_Message__c","VRS_VFGE_IOT_SYNC_HISTORY_IMPORT_CSV_FILES_STEP_2","""Problem in CSV structure files. Process aborted."""
"MAP00000447","VRS_VFGE_IOT_SYNC_HISTORY_IMPORT_CSV_FILES_LOAD_EPD","3.0","End_Process_Date__c","VRS_VFGE_IOT_SYNC_HISTORY_IMPORT_CSV_FILES_STEP_2","util:getCurrentTimestamp()"
"MAP00000448","VRS_VFGE_IOT_SYNC_IMPORT_FLAT_DEAL_TRANSFORM_ID","1.0","ID","VRS_VFGE_IOT_SYNC_IMPORT_FLAT_DEAL_STEP_2","'1'"
"MAP00000449","VRS_VFGE_IOT_SYNC_IMPORT_FLAT_DEAL_TRANSFORM_NAME","2.0","NAME","VRS_VFGE_IOT_SYNC_IMPORT_FLAT_DEAL_STEP_2","DEAL_INDEX"
"MAP00000450","VRS_VFGE_IOT_SYNC_IMPORT_FLAT_DEAL_TRANSFORM_CONTRACT_CATEGORY__C","3.0","CONTRACT_CATEGORY__C","VRS_VFGE_IOT_SYNC_IMPORT_FLAT_DEAL_STEP_2","""IOT"""
"MAP00000451","VRS_VFGE_IOT_SYNC_IMPORT_FLAT_DEAL_TRANSFORM_CONTRACT_NAME__C","4.0","CONTRACT_NAME__C","VRS_VFGE_IOT_SYNC_IMPORT_FLAT_DEAL_STEP_2","NAME"
"MAP00000452","VRS_VFGE_IOT_SYNC_IMPORT_FLAT_DEAL_TRANSFORM_DEAL_STATUS__C","5.0","DEAL_STATUS__C","VRS_VFGE_IOT_SYNC_IMPORT_FLAT_DEAL_STEP_2","DEAL_STATUS"
"MAP00000453","VRS_VFGE_IOT_SYNC_IMPORT_FLAT_DEAL_TRANSFORM_INITIAL_CONTACT_COMMENTS__C","6.0","INITIAL_CONTACT_COMMENTS__C","VRS_VFGE_IOT_SYNC_IMPORT_FLAT_DEAL_STEP_2","NOTES"
"MAP00000454","VRS_VFGE_IOT_SYNC_IMPORT_FLAT_DEAL_TRANSFORM_NEGOTIATION_TEAM__C","7.0","NEGOTIATION_TEAM__C","VRS_VFGE_IOT_SYNC_IMPORT_FLAT_DEAL_STEP_2","NEGOTIATION_TEAM"
"MAP00000455","VRS_VFGE_IOT_SYNC_IMPORT_FLAT_DEAL_TRANSFORM_CONTRACT_MANAGER__C","8.0","CONTRACT_MANAGER__C","VRS_VFGE_IOT_SYNC_IMPORT_FLAT_DEAL_STEP_2","CONTRACT_MANAGER"
"MAP00000456","VRS_VFGE_IOT_SYNC_IMPORT_FLAT_DEAL_TRANSFORM_CAS_COMMENTS__C","9.0","CAS_COMMENTS__C","VRS_VFGE_IOT_SYNC_IMPORT_FLAT_DEAL_STEP_2","CSS_COMMENTS"
"MAP00000457","VRS_VFGE_IOT_SYNC_IMPORT_FLAT_DEAL_TRANSFORM_LEGAL_SRC__C","10.0","LEGAL_SRC__C","VRS_VFGE_IOT_SYNC_IMPORT_FLAT_DEAL_STEP_2","LEGAL_OWNER"
"MAP00000458","VRS_VFGE_IOT_SYNC_IMPORT_FLAT_DEAL_TRANSFORM_FINANCE_SRC__C","11.0","FINANCE_SRC__C","VRS_VFGE_IOT_SYNC_IMPORT_FLAT_DEAL_STEP_2","FINANCE_OWNER"
"MAP00000459","VRS_VFGE_IOT_SYNC_IMPORT_FLAT_DEAL_TRANSFORM_TAX_SRC__C","12.0","TAX_SRC__C","VRS_VFGE_IOT_SYNC_IMPORT_FLAT_DEAL_STEP_2","TAX_OWNER"
"MAP00000460","VRS_VFGE_IOT_SYNC_IMPORT_FLAT_DEAL_TRANSFORM_CAS_DATE__C","13.0","CAS_DATE__C","VRS_VFGE_IOT_SYNC_IMPORT_FLAT_DEAL_STEP_2","util:dateParse(CSS_SIGNED_DATE, ""yyyy-MM-dd HH:mm:ss.S"")"
"MAP00000461","VRS_VFGE_IOT_SYNC_IMPORT_FLAT_DEAL_TRANSFORM_PLANNED_NEGOT_START_DATE__C","14.0","PLANNED_NEGOT_START_DATE__C","VRS_VFGE_IOT_SYNC_IMPORT_FLAT_DEAL_STEP_2","util:dateParse(PLANNED_NEGOTIATION_START_DATE, ""yyyy-MM-dd HH:mm:ss.S"")"
"MAP00000462","VRS_VFGE_IOT_SYNC_IMPORT_FLAT_DEAL_TRANSFORM_PLANNED_NEGOT_END_DATE__C","15.0","PLANNED_NEGOT_END_DATE__C","VRS_VFGE_IOT_SYNC_IMPORT_FLAT_DEAL_STEP_2","util:dateParse(PLANNED_NEGOTIATION_END_DATE, ""yyyy-MM-dd HH:mm:ss.S"")"
"MAP00000463","VRS_VFGE_IOT_SYNC_IMPORT_FLAT_DEAL_TRANSFORM_ACTUAL_NEGOT_START_DATE__C","16.0","ACTUAL_NEGOT_START_DATE__C","VRS_VFGE_IOT_SYNC_IMPORT_FLAT_DEAL_STEP_2","util:dateParse(ACTUAL_NEGOTIATION_START_DATE, ""yyyy-MM-dd HH:mm:ss.S"")"
"MAP00000464","VRS_VFGE_IOT_SYNC_IMPORT_FLAT_DEAL_TRANSFORM_ACTUAL_NEGOT_END_DATE__C","17.0","ACTUAL_NEGOT_END_DATE__C","VRS_VFGE_IOT_SYNC_IMPORT_FLAT_DEAL_STEP_2","util:dateParse(ACTUAL_NEGOTIATION_FINISH_DATE, ""yyyy-MM-dd HH:mm:ss.S"")"
"MAP00000465","VRS_VFGE_IOT_SYNC_IMPORT_FLAT_DEAL_TRANSFORM_CONTACT_PERSON_SRC","18.0","CONTACT_PERSON_SRC","VRS_VFGE_IOT_SYNC_IMPORT_FLAT_DEAL_STEP_2","CONTACT_PERSON"
"MAP00000466","VRS_VFGE_IOT_SYNC_IMPORT_FLAT_DEAL_TRANSFORM_TELEFONE_NUMBER_SRC","19.0","TELEFONE_NUMBER_SRC","VRS_VFGE_IOT_SYNC_IMPORT_FLAT_DEAL_STEP_2","TEL_NO"
"MAP00000467","VRS_VFGE_IOT_SYNC_IMPORT_FLAT_DEAL_TRANSFORM_EMAIL_ADDRESS_SRC","20.0","EMAIL_ADDRESS_SRC","VRS_VFGE_IOT_SYNC_IMPORT_FLAT_DEAL_STEP_2","EMAIL_ADDRESS"
"MAP00000468","VRS_VFGE_IOT_SYNC_IMPORT_FLAT_DEAL_TRANSFORM_IS_FA","21.0","IS_FA","VRS_VFGE_IOT_SYNC_IMPORT_FLAT_DEAL_STEP_2","false"
"MAP00000469","VRS_VFGE_IOT_SYNC_IMPORT_FLAT_DEAL_TRANSFORM_AUTO_RENEW","22.0","AUTO_RENEW","VRS_VFGE_IOT_SYNC_IMPORT_FLAT_DEAL_STEP_2","util:decode(AUTO_RENEWAL, '1', true, false)"
"MAP00000470","VRS_VFGE_IOT_SYNC_IMPORT_FLAT_DEAL_TRANSFORM_VALIDATION_STATUS","23.0","VALIDATION_STATUS","VRS_VFGE_IOT_SYNC_IMPORT_FLAT_DEAL_STEP_2","VALIDATION_STATUS"
"MAP00000471","VRS_VFGE_IOT_SYNC_IMPORT_FLAT_DISCOUNT_PERIODS_LOAD_TARGET_TRANSFORMATION_ACTIVE","1.0","ACTIVE","VRS_VFGE_IOT_SYNC_IMPORT_FLAT_DISCOUNT_PERIODS_STEP_2","""1"""
"MAP00000472","VRS_VFGE_IOT_SYNC_IMPORT_FLAT_DISCOUNT_PERIODS_LOAD_TARGET_TRANSFORMATION_PERIOD_FROM","2.0","PERIOD_FROM","VRS_VFGE_IOT_SYNC_IMPORT_FLAT_DISCOUNT_PERIODS_STEP_2","util:dateParse(PERIOD_FROM, ""yyyyMMdd HH:mm:ss"")"
"MAP00000473","VRS_VFGE_IOT_SYNC_IMPORT_FLAT_DISCOUNT_PERIODS_LOAD_TARGET_TRANSFORMATION_PERIOD_TO","3.0","PERIOD_TO","VRS_VFGE_IOT_SYNC_IMPORT_FLAT_DISCOUNT_PERIODS_STEP_2","util:dateParse(PERIOD_TO, ""yyyyMMdd HH:mm:ss"")"
"MAP00000474","VRS_VFGE_IOT_SYNC_IMPORT_FLAT_DISCOUNT_PERIODS_LOAD_TARGET_TRANSFORMATION_LAST_UPDATED_DATE","4.0","LAST_UPDATED_DATE","VRS_VFGE_IOT_SYNC_IMPORT_FLAT_DISCOUNT_PERIODS_STEP_2","util:dateParse(LAST_UPDATED_DATE, ""yyyy-MM-dd HH:mm:ss"")"
"MAP00000475","VRS_VFGE_IOT_SYNC_IMPORT_FLAT_DISCOUNT_PERIODS_LOAD_TARGET_TRANSFORMATION_ID","5.0","ID","VRS_VFGE_IOT_SYNC_IMPORT_FLAT_DISCOUNT_PERIODS_STEP_2","""1"""
"MAP00000476","VRS_VFGE_OT_SYNC_IMPORT_FLAT_VF_OPCO_LOAD_TRANSFORMATION_LAST_UPDATED_DATE","1.0","LAST_UPDATED_DATE","VRS_VFGE_IOT_SYNC_IMPORT_FLAT_VF_OPCO_STEP_2","util:dateParse(LAST_UPDATED_DATE,'yyyy-MM-dd HH:mm:ss.S')"
"MAP00000477","VRS_VFGE_OT_SYNC_IMPORT_FLAT_VF_OPCO_LOAD_TRANSFORMATION_IS_PARTICIPANT","2.0","IS_PARTICIPANT","VRS_VFGE_IOT_SYNC_IMPORT_FLAT_VF_OPCO_STEP_2","1"
"MAP00000478","VRS_VFGE_OT_SYNC_IMPORT_FLAT_VF_OPCO_LOAD_TRANSFORMATION_IID","3.0","ID","VRS_VFGE_IOT_SYNC_IMPORT_FLAT_VF_OPCO_STEP_2","""1"""
"MAP00000479","VRS_VFGE_IOT_SYNC_IMPORT_FLAT_3RD_PARTY_TRANSFORMATION_LAST_UPDATED_DATE","1.0","LAST_UPDATED_DATE","VRS_VFGE_IOT_SYNC_IMPORT_FLAT_3RD_PARTY_STEP_2","util:dateParse(LAST_UPDATED_DATE,'yyyy-MM-dd HH:mm:ss.S')"
"MAP00000480","VRS_VFGE_IOT_SYNC_IMPORT_FLAT_3RD_PARTY_TRANSFORMATION_IS_PARTICIPANT","2.0","IS_PARTICIPANT","VRS_VFGE_IOT_SYNC_IMPORT_FLAT_3RD_PARTY_STEP_2","1"
"MAP00000481","VRS_VFGE_IOT_SYNC_IMPORT_FLAT_3RD_PARTY_TRANSFORMATION_ID","3.0","ID","VRS_VFGE_IOT_SYNC_IMPORT_FLAT_3RD_PARTY_STEP_2","1"
"MAP00000482","VRS_VFGE_IOT_SYNC_HISTORY_UPLOADING_DATA_LOAD_TARGET_TRANSFORMATION_ID","1.0","Id","VRS_VFGE_IOT_SYNC_HISTORY_UPLOADING_DATA_STEP_2","ID"
"MAP00000483","VRS_VFGE_IOT_SYNC_HISTORY_UPLOADING_DATA_LOAD_TARGET_TRANSFORMATION_STATUS__C","2.0","Status__c","VRS_VFGE_IOT_SYNC_HISTORY_UPLOADING_DATA_STEP_2","""Uploading Data"""
"MAP00000484","VRS_VFGE_IOT_SYNC_HISTORY_UPLOADING_DATA_LOAD_TARGET_TRANSFORMATION_ERROR_MESSAGE__C","3.0","Error_Message__c","VRS_VFGE_IOT_SYNC_HISTORY_UPLOADING_DATA_STEP_2","null"
"MAP00000485","VRS_VFGE_IOT_SYNC_HISTORY_UPLOADING_DATA_LOAD_TARGET_TRANSFORMATION_CSV_FILES_IMPORTED__C","4.0","CSV_Files_Imported__c","VRS_VFGE_IOT_SYNC_HISTORY_UPLOADING_DATA_STEP_2","true"
"MAP00000486","VRS_VFGE_IOT_SYNC_HISTORY_UPLOADING_DATA_LOAD_TARGET_TRANSFORMATION_IMPORTED_CSVS_DATE__C","5.0","Imported_CSVs_Date__c","VRS_VFGE_IOT_SYNC_HISTORY_UPLOADING_DATA_STEP_2","util:getCurrentTimestamp()"
"MAP00000487","VRS_VFGE_IOT_SYNC_HISTORY_UPLOADING_DATA_LOAD_TARGET_TRANSFORMATION_END_PROCESS_DATE__C","6.0","End_Process_Date__c","VRS_VFGE_IOT_SYNC_HISTORY_UPLOADING_DATA_STEP_2","null"
"MAP00000488","VRS_VFGE_IOT_SYNC_3RD_PARTY_DELETE_LOAD_TARGET_TRANSFORMATION_ID","1.0","Id","VRS_VFGE_IOT_SYNC_3RD_PARTY_DELETE_STEP_2","ID"
"MAP00000489","VRS_VFGE_IOT_SYNC_VF_OPCO_DELETE_LOAD_TARGET_TRANSFORMATION_ID","1.0","Id","VRS_VFGE_IOT_SYNC_VF_OPCO_DELETE_STEP_2","ID"
"MAP00000490","VRS_VFGE_IOT_SYNC_PERIOD_DELETE_LOAD_TARGET_TRANSFORMATION_ID","1.0","Id","VRS_VFGE_IOT_SYNC_PERIOD_DELETE_STEP_2","ID"
"MAP00000491","VRS_VFGE_IOT_SYNC_DEAL_DELETE_LOAD_TARGET_TRANSFORMATION_ID","1.0","Id","VRS_VFGE_IOT_SYNC_DEAL_DELETE_STEP_2","ID"
"MAP00000492","VRS_VFGA_COL_REPORT_LOAD_TARGET_TRANSFORMATION_VRSSTARTDATE","1.0","VRSSTARTDATE","VRS_VFGA_GLL_REPORT_STEP_2","util:dateFormat(VRS_START_DATE__C,""MMM-YY"")"
"MAP00000493","VRS_VFGA_COL_REPORT_LOAD_TARGET_TRANSFORMATION_TADIG","2.0","TADIG","VRS_VFGA_GLL_REPORT_STEP_2","TADIG_CODE__C"
"MAP00000494","VRS_VFGA_COL_REPORT_LOAD_TARGET_TRANSFORMATION_OPERATORNAME","3.0","OPERATORNAME","VRS_VFGA_GLL_REPORT_STEP_2","NAME"
"MAP00000495","VRS_VFGA_COL_REPORT_LOAD_TARGET_TRANSFORMATION_VRSPAYCURRENCY","4.0","VRSPAYCURRENCY","VRS_VFGA_GLL_REPORT_STEP_2","PAY_CURRENCY__C"
"MAP00000496","VRS_VFGA_COL_REPORT_LOAD_TARGET_TRANSFORMATION_VRSRECEIVECURRENCY","5.0","VRSRECEIVECURRENCY","VRS_VFGA_GLL_REPORT_STEP_2","RECEIVE_CURRENCY__C"
"MAP00000497","VRS_VFGA_COL_REPORT_LOAD_TARGET_TRANSFORMATION_CONTRACTTYPE","6.0","CONTRACTTYPE","VRS_VFGA_GLL_REPORT_STEP_2","util:decode(EFFECTIVE_CONTRACT_TYPE__C, 'AA12, AA13 - Gateway', 'AA12', 'AA73 - Hub', 'AA73', 'VFAA73 - Hub', 'VFAA73', 'AA74 - Peering', 'AA74', EFFECTIVE_CONTRACT_TYPE__C)"
"MAP00000498","VRS_VFGA_COL_REPORT_LOAD_TARGET_TRANSFORMATION_DCH","7.0","DCH","VRS_VFGA_GLL_REPORT_STEP_2","DCH__R.TADIG_CODE__C"
"MAP00000499","VRS_VFGA_COL_REPORT_LOAD_TARGET_TRANSFORMATION_FCHINVOICING","8.0","FCHINVOICING","VRS_VFGA_GLL_REPORT_STEP_2","FCH_INVOICE_CREATION__R.TADIG_CODE__C"
"MAP00000500","VRS_VFGA_COL_REPORT_LOAD_TARGET_TRANSFORMATION_FCHCLEARING","9.0","FCHCLEARING","VRS_VFGA_GLL_REPORT_STEP_2","FCH_RECONCILIATION__R.TADIG_CODE__C"
"MAP00000501","VRS_VFGA_COL_REPORT_LOAD_TARGET_TRANSFORMATION_FCHSETTLEMENT","10.0","FCHSETTLEMENT","VRS_VFGA_GLL_REPORT_STEP_2","FCH_SETTLEMENT__R.TADIG_CODE__C"
"MAP00000502","VRS_VFGA_COL_REPORT_LOAD_TARGET_TRANSFORMATION_RTDR","11.0","RTDR","VRS_VFGA_GLL_REPORT_STEP_2","ACTIVE_CONTRACT_AGREEMENT_TO_DELIVER__C"
"MAP00000503","VRS_VFGA_COL_REPORT_LOAD_TARGET_TRANSFORMATION_HSFTRIGGER","12.0","HSFTRIGGER","VRS_VFGA_GLL_REPORT_STEP_2","HSF_TRIGGER__C"
"MAP00000504","VRS_VFGE_IOT_SYNC_DEAL_INSERT_LOAD_TARGET_TRANSFORMATION_NAME","1.0","Name","VRS_VFGE_IOT_SYNC_DEAL_INSERT_STEP_2","NAME"
"MAP00000505","VRS_VFGE_IOT_SYNC_DEAL_INSERT_LOAD_TARGET_TRANSFORMATION_ACTUAL_NEGOTIATION_END_DATE__C","2.0","Actual_Negotiation_End_Date__c","VRS_VFGE_IOT_SYNC_DEAL_INSERT_STEP_2","ACTUAL_NEGOT_END_DATE__C"
"MAP00000506","VRS_VFGE_IOT_SYNC_DEAL_INSERT_LOAD_TARGET_TRANSFORMATION_ACTUAL_NEGOTIATION_START_DATE__C","3.0","Actual_Negotiation_Start_Date__c","VRS_VFGE_IOT_SYNC_DEAL_INSERT_STEP_2","ACTUAL_NEGOT_START_DATE__C"
"MAP00000507","VRS_VFGE_IOT_SYNC_DEAL_INSERT_LOAD_TARGET_TRANSFORMATION_CAS_COMMENTS__C","4.0","CAS_Comments__c","VRS_VFGE_IOT_SYNC_DEAL_INSERT_STEP_2","CAS_COMMENTS__C"
"MAP00000508","VRS_VFGE_IOT_SYNC_DEAL_INSERT_LOAD_TARGET_TRANSFORMATION_CAS_DATE__C","5.0","CAS_Date__c","VRS_VFGE_IOT_SYNC_DEAL_INSERT_STEP_2","CAS_DATE__C"
"MAP00000509","VRS_VFGE_IOT_SYNC_DEAL_INSERT_LOAD_TARGET_TRANSFORMATION_CONTACT_PERSON_SRC__C","6.0","Contact_Person_Src__c","VRS_VFGE_IOT_SYNC_DEAL_INSERT_STEP_2","CONTACT_PERSON_SRC"
"MAP00000510","VRS_VFGE_IOT_SYNC_DEAL_INSERT_LOAD_TARGET_TRANSFORMATION_CONTRACT_CATEGORY__C","7.0","Contract_Category__c","VRS_VFGE_IOT_SYNC_DEAL_INSERT_STEP_2","CONTRACT_CATEGORY__C"
"MAP00000511","VRS_VFGE_IOT_SYNC_DEAL_INSERT_LOAD_TARGET_TRANSFORMATION_CONTRACT_MANAGER_SRC__C","8.0","Contract_Manager_Src__c","VRS_VFGE_IOT_SYNC_DEAL_INSERT_STEP_2","CONTRACT_MANAGER__C"
"MAP00000512","VRS_VFGE_IOT_SYNC_DEAL_INSERT_LOAD_TARGET_TRANSFORMATION_CONTRACT_NAME__C","8.0","Contract_Name__c","VRS_VFGE_IOT_SYNC_DEAL_INSERT_STEP_2","CONTRACT_NAME__C"
"MAP00000513","VRS_VFGE_IOT_SYNC_DEAL_INSERT_LOAD_TARGET_TRANSFORMATION_CONTRACT_TYPE_SRC__C","8.0","Contract_Type_Src__c","VRS_VFGE_IOT_SYNC_DEAL_INSERT_STEP_2","CONTRACT_TYPE_SRC__C"
"MAP00000514","VRS_VFGE_IOT_SYNC_DEAL_INSERT_LOAD_TARGET_TRANSFORMATION_CONTRACT_TYPE__C","9.0","Contract_Type__c","VRS_VFGE_IOT_SYNC_DEAL_INSERT_STEP_2","CONTRACT_TYPE__C"
"MAP00000515","VRS_VFGE_IOT_SYNC_DEAL_INSERT_LOAD_TARGET_TRANSFORMATION_CURRENT_MILESTONE__C","10.0","Current_Milestone__c","VRS_VFGE_IOT_SYNC_DEAL_INSERT_STEP_2","CURRENT_MILESTONE__C"
"MAP00000516","VRS_VFGE_IOT_SYNC_DEAL_INSERT_LOAD_TARGET_TRANSFORMATION_DEAL_STATUS__C","10.0","Deal_Status__c","VRS_VFGE_IOT_SYNC_DEAL_INSERT_STEP_2","DEAL_STATUS__C"
"MAP00000517","VRS_VFGE_IOT_SYNC_DEAL_INSERT_LOAD_TARGET_TRANSFORMATION_EFFECTIVE_DATE__C","11.0","Effective_Date__c","VRS_VFGE_IOT_SYNC_DEAL_INSERT_STEP_2","EFFECTIVE_DATE__C"
"MAP00000518","VRS_VFGE_IOT_SYNC_DEAL_INSERT_LOAD_TARGET_TRANSFORMATION_EMAIL_ADDRESS_SRC__C","12.0","Email_Address_Src__c","VRS_VFGE_IOT_SYNC_DEAL_INSERT_STEP_2","EMAIL_ADDRESS_SRC"
"MAP00000519","VRS_VFGE_IOT_SYNC_DEAL_INSERT_LOAD_TARGET_TRANSFORMATION_END_DATE__C","13.0","End_Date__c","VRS_VFGE_IOT_SYNC_DEAL_INSERT_STEP_2","END_DATE__C"
"MAP00000520","VRS_VFGE_IOT_SYNC_DEAL_INSERT_LOAD_TARGET_TRANSFORMATION_FINANCE_SRC__C","14.0","Finance_Src__c","VRS_VFGE_IOT_SYNC_DEAL_INSERT_STEP_2","FINANCE_SRC__C"
"MAP00000521","VRS_VFGE_IOT_SYNC_DEAL_INSERT_LOAD_TARGET_TRANSFORMATION_FRAUD_SRC__C","15.0","Fraud_Src__c","VRS_VFGE_IOT_SYNC_DEAL_INSERT_STEP_2","FRAUD_SRC__C"
"MAP00000522","VRS_VFGE_IOT_SYNC_DEAL_INSERT_LOAD_TARGET_TRANSFORMATION_INITIAL_CONTACT_COMMENTS__C","16.0","Initial_Contact_Comments__c","VRS_VFGE_IOT_SYNC_DEAL_INSERT_STEP_2","INITIAL_CONTACT_COMMENTS__C"
"MAP00000523","VRS_VFGE_IOT_SYNC_DEAL_INSERT_LOAD_TARGET_TRANSFORMATION_LAST_UPDATE_DATE__C","17.0","Last_Update_Date__c","VRS_VFGE_IOT_SYNC_DEAL_INSERT_STEP_2","LAST_UPDATED_DATE"
"MAP00000524","VRS_VFGE_IOT_SYNC_DEAL_INSERT_LOAD_TARGET_TRANSFORMATION_LEGAL_SRC__C","18.0","Legal_Src__c","VRS_VFGE_IOT_SYNC_DEAL_INSERT_STEP_2","LEGAL_SRC__C"
"MAP00000525","VRS_VFGE_IOT_SYNC_DEAL_INSERT_LOAD_TARGET_TRANSFORMATION_NEGOTIATION_TEAM_SRC__C","19.0","Negotiation_Team_Src__c","VRS_VFGE_IOT_SYNC_DEAL_INSERT_STEP_2","NEGOTIATION_TEAM__C"
"MAP00000526","VRS_VFGE_IOT_SYNC_DEAL_INSERT_LOAD_TARGET_TRANSFORMATION_PARENT_FA_SRC__C","20.0","Parent_FA_Src__c","VRS_VFGE_IOT_SYNC_DEAL_INSERT_STEP_2","PARENT_FA_SRC__C"
"MAP00000527","VRS_VFGE_IOT_SYNC_DEAL_INSERT_LOAD_TARGET_TRANSFORMATION_PLANNED_NEGOT_END_DATE__C","21.0","Planned_Negotiation_End_Date__c","VRS_VFGE_IOT_SYNC_DEAL_INSERT_STEP_2","PLANNED_NEGOT_END_DATE__C"
"MAP00000528","VRS_VFGE_IOT_SYNC_DEAL_INSERT_LOAD_TARGET_TRANSFORMATION_PLANNED_NEGOT_START_DATE__C","22.0","Planned_Negotiation_Start_Date__c","VRS_VFGE_IOT_SYNC_DEAL_INSERT_STEP_2","PLANNED_NEGOT_START_DATE__C"
"MAP00000529","VRS_VFGE_IOT_SYNC_DEAL_INSERT_LOAD_TARGET_TRANSFORMATION_SECOND_CONTRACT_PARTY_TADIG__C","23.0","Second_Contract_Party_TADIG__c","VRS_VFGE_IOT_SYNC_DEAL_INSERT_STEP_2","SND_PART_PARTICIPANT"
"MAP00000530","VRS_VFGE_IOT_SYNC_DEAL_INSERT_LOAD_TARGET_TRANSFORMATION_TAX_SRC__C","24.0","Tax_Src__c","VRS_VFGE_IOT_SYNC_DEAL_INSERT_STEP_2","TAX_SRC__C"
"MAP00000531","VRS_VFGE_IOT_SYNC_DEAL_INSERT_LOAD_TARGET_TRANSFORMATION_TELEFONE_NUMBER_SRC__C","25.0","Telefone_Number_Src__c","VRS_VFGE_IOT_SYNC_DEAL_INSERT_STEP_2","TELEFONE_NUMBER_SRC"
"MAP00000532","VRS_VFGE_IOT_SYNC_DEAL_INSERT_LOAD_TARGET_TRANSFORMATION_AUTO_RENEW","26.0","isAutoRenew__c","VRS_VFGE_IOT_SYNC_DEAL_INSERT_STEP_2","util:decode(AUTO_RENEW,'0',false,'1',true,false)"
"MAP00000533","VRS_VFGE_IOT_SYNC_DEAL_INSERT_LOAD_TARGET_TRANSFORMATION_IOTP_VALIDATION_STATUS__C","27.0","IOTP_Validation_Status__c","VRS_VFGE_IOT_SYNC_DEAL_INSERT_STEP_2","VALIDATION_STATUS"
"MAP00000534","VRS_VFGE_IOT_SYNC_PERIOD_INSERT_LOAD_TARGET_TRANSFORMATION_NAME","1.0","Name","VRS_VFGE_IOT_SYNC_PERIOD_INSERT_STEP_2","PERIOD_INDEX"
"MAP00000535","VRS_VFGE_IOT_SYNC_PERIOD_INSERT_LOAD_TARGET_TRANSFORMATION_DEAL_NUMBER_SRC__C","2.0","Deal_Number_Src__c","VRS_VFGE_IOT_SYNC_PERIOD_INSERT_STEP_2","DEAL_INDEX"
"MAP00000536","VRS_VFGE_IOT_SYNC_PERIOD_INSERT_LOAD_TARGET_TRANSFORMATION_EFFECTIVE_DATE__C","3.0","Effective_Date__c","VRS_VFGE_IOT_SYNC_PERIOD_INSERT_STEP_2","PERIOD_FROM"
"MAP00000537","VRS_VFGE_IOT_SYNC_PERIOD_INSERT_LOAD_TARGET_TRANSFORMATION_END_DATE__C","4.0","End_Date__c","VRS_VFGE_IOT_SYNC_PERIOD_INSERT_STEP_2","PERIOD_TO"
"MAP00000538","VRS_VFGE_IOT_SYNC_PERIOD_INSERT_LOAD_TARGET_TRANSFORMATION_IOT_LAST_UPDATE_DATE__C","5.0","IOT_last_update_date__c","VRS_VFGE_IOT_SYNC_PERIOD_INSERT_STEP_2","LAST_UPDATED_DATE"
"MAP00000539","VRS_VFGE_IOT_SYNC_1ST_PARTICIPANT_INSERT_LOAD_TARGET_TRANSFORMATION_DEAL_NUMBER_SRC__C","1.0","Deal_Number_Src__c","VRS_VFGE_IOT_SYNC_1ST_PARTICIPANT_INSERT_STEP_2","DEAL_INDEX"
"MAP00000540","VRS_VFGE_IOT_SYNC_1ST_PARTICIPANT_INSERT_LOAD_TARGET_TRANSFORMATION_ENTITY_CATEGORY__C","2.0","Entity_Category__c","VRS_VFGE_IOT_SYNC_1ST_PARTICIPANT_INSERT_STEP_2","""Vodafone"""
"MAP00000541","VRS_VFGE_IOT_SYNC_1ST_PARTICIPANT_INSERT_LOAD_TARGET_TRANSFORMATION_IOT_LAST_UPDATE_DATE__C","3.0","IOT_last_update_date__c","VRS_VFGE_IOT_SYNC_1ST_PARTICIPANT_INSERT_STEP_2","LAST_UPDATED_DATE"
"MAP00000542","VRS_VFGE_IOT_SYNC_1ST_PARTICIPANT_INSERT_LOAD_TARGET_TRANSFORMATION_PARTICIPANT__C","4.0","Participant__c","VRS_VFGE_IOT_SYNC_1ST_PARTICIPANT_INSERT_STEP_2","IS_PARTICIPANT != 0 ? true : false"
"MAP00000543","VRS_VFGE_IOT_SYNC_1ST_PARTICIPANT_INSERT_LOAD_TARGET_TRANSFORMATION_PERIOD_INDEX_SRC__C","5.0","Period_Index_Src__c","VRS_VFGE_IOT_SYNC_1ST_PARTICIPANT_INSERT_STEP_2","PERIOD_INDEX"
"MAP00000544","VRS_VFGE_IOT_SYNC_1ST_PARTICIPANT_INSERT_LOAD_TARGET_TRANSFORMATION_SIGNING__C","6.0","Signing__c","VRS_VFGE_IOT_SYNC_1ST_PARTICIPANT_INSERT_STEP_2","IS_SIGNER != 0 ? true : false"
"MAP00000545","VRS_VFGE_IOT_SYNC_1ST_PARTICIPANT_INSERT_LOAD_TARGET_TRANSFORMATION_TADIG_CODE_SRC__C","7.0","Tadig_Code_Src__c","VRS_VFGE_IOT_SYNC_1ST_PARTICIPANT_INSERT_STEP_2","TADIG"
"MAP00000546","VRS_VFGE_IOT_SYNC_1ST_PARTICIPANT_INSERT_LOAD_TARGET_TRANSFORMATION_TARGET_END__C","8.0","Target_End__c","VRS_VFGE_IOT_SYNC_1ST_PARTICIPANT_INSERT_STEP_2","TARGET_FINISH"
"MAP00000547","VRS_VFGE_IOT_SYNC_1ST_PARTICIPANT_INSERT_LOAD_TARGET_TRANSFORMATION_TARGET_START__C","9.0","Target_Start__c","VRS_VFGE_IOT_SYNC_1ST_PARTICIPANT_INSERT_STEP_2","TARGET_START"
"MAP00000548","VRS_VFGE_IOT_SYNC_1ST_PARTICIPANT_INSERT_LOAD_TARGET_TRANSFORMATION_TARGET__C","10.0","Target__c","VRS_VFGE_IOT_SYNC_1ST_PARTICIPANT_INSERT_STEP_2","TARGET"
"MAP00000549","VRS_VFGE_IOT_SYNC_2ND_PARTICIPANT_INSERT_LOAD_TARGET_TRANSFORMATION_ENTITY_CATEGORY__C","1.0","Entity_Category__c","VRS_VFGE_IOT_SYNC_2ND_PARTICIPANT_INSERT_STEP_2","""Company"""
"MAP00000550","VRS_VFGE_IOT_SYNC_2ND_PARTICIPANT_INSERT_LOAD_TARGET_TRANSFORMATION_PARTICIPANT__C","2.0","Participant__c","VRS_VFGE_IOT_SYNC_2ND_PARTICIPANT_INSERT_STEP_2","IS_PARTICIPANT != 0 ? true : false"
"MAP00000551","VRS_VFGE_IOT_SYNC_2ND_PARTICIPANT_INSERT_LOAD_TARGET_TRANSFORMATION_SIGNING__C","3.0","Signing__c","VRS_VFGE_IOT_SYNC_2ND_PARTICIPANT_INSERT_STEP_2","IS_SIGNER != 0 ? true : false"
"MAP00000552","VRS_VFGE_IOT_SYNC_2ND_PARTICIPANT_INSERT_LOAD_TARGET_TRANSFORMATION_TARGET_END__C","4.0","Target_End__c","VRS_VFGE_IOT_SYNC_2ND_PARTICIPANT_INSERT_STEP_2","TARGET_FINISH"
"MAP00000553","VRS_VFGE_IOT_SYNC_2ND_PARTICIPANT_INSERT_LOAD_TARGET_TRANSFORMATION_TARGET_START__C","5.0","Target_Start__c","VRS_VFGE_IOT_SYNC_2ND_PARTICIPANT_INSERT_STEP_2","TARGET_START"
"MAP00000554","VRS_VFGE_IOT_SYNC_2ND_PARTICIPANT_INSERT_LOAD_TARGET_TRANSFORMATION_TARGET__C","6.0","Target__c","VRS_VFGE_IOT_SYNC_2ND_PARTICIPANT_INSERT_STEP_2","TARGET"
"MAP00000555","VRS_VFGE_IOT_SYNC_2ND_PARTICIPANT_INSERT_LOAD_TARGET_TRANSFORMATION_DEAL_NUMBER_SRC__C","7.0","Deal_Number_Src__c","VRS_VFGE_IOT_SYNC_2ND_PARTICIPANT_INSERT_STEP_2","DEAL_INDEX"
"MAP00000556","VRS_VFGE_IOT_SYNC_2ND_PARTICIPANT_INSERT_LOAD_TARGET_TRANSFORMATION_PERIOD_INDEX_SRC__C","8.0","Period_Index_Src__c","VRS_VFGE_IOT_SYNC_2ND_PARTICIPANT_INSERT_STEP_2","PERIOD_INDEX"
"MAP00000557","VRS_VFGE_IOT_SYNC_2ND_PARTICIPANT_INSERT_LOAD_TARGET_TRANSFORMATION_TADIG_CODE_SRC__C","9.0","Tadig_Code_Src__c","VRS_VFGE_IOT_SYNC_2ND_PARTICIPANT_INSERT_STEP_2","TADIG"
"MAP00000558","VRS_VFGE_IOT_SYNC_2ND_PARTICIPANT_INSERT_LOAD_TARGET_TRANSFORMATION_IOT_LAST_UPDATE_DATE__C","10.0","IOT_last_update_date__c","VRS_VFGE_IOT_SYNC_2ND_PARTICIPANT_INSERT_STEP_2","LAST_UPDATED_DATE"
"MAP00000559","VRS_VFGE_IOT_SYNC_HISTORY_WAITING_SYNC_LOAD_TARGET_TRANSFORMATION_ID","1.0","Id","VRS_VFGE_IOT_SYNC_HISTORY_WAITING_SYNC_STEP_2","ID"
"MAP00000560","VRS_VFGE_IOT_SYNC_HISTORY_WAITING_SYNC_LOAD_TARGET_TRANSFORMATION_STATUS__C","2.0","Status__c","VRS_VFGE_IOT_SYNC_HISTORY_WAITING_SYNC_STEP_2","""Waiting Synchronization Process"""
"MAP00000561","VRS_VFGE_IOT_SYNC_HISTORY_WAITING_SYNC_LOAD_TARGET_TRANSFORMATION_DATA_UPLOADED_TO_SFDC__C","3.0","Data_Uploaded_to_SFDC__c","VRS_VFGE_IOT_SYNC_HISTORY_WAITING_SYNC_STEP_2","true"
"MAP00000562","VRS_VFGE_IOT_SYNC_HISTORY_WAITING_SYNC_LOAD_TARGET_TRANSFORMATION_END_UPLOAD_DATA_DATE__C","4.0","End_Upload_Data_Date__c","VRS_VFGE_IOT_SYNC_HISTORY_WAITING_SYNC_STEP_2","util:getCurrentTimestamp()"
"MAP00000563","SYS_PURGE_SERVER_LOGS_FILTER_TRANSFORMATION_FILTER_TYPE","1.0","filterType","SYS_PURGE_SERVER_LOGS_FILTER","""Accept"""
"MAP00000564","SYS_PURGE_SERVER_LOGS_FILTER_TRANSFORMATION_FILTER","2.0","filter","SYS_PURGE_SERVER_LOGS_FILTER","util:iif(
  new(
    ""java.util.Date"", util:getCurrentTimestamp().getTime()
    -
    7*24*60*60*1000
  ).after(CREATEDDATE),
  true,
  false
)"
"MAP00000565","SYS_PURGE_SERVER_LOGS_FILE_TRANSFORMATION_INPUTFILENAME","2.0","inputFilename","SYS_PURGE_SERVER_LOGS_FILE","DIRECTORY + ""/"" + FILENAME"
"MAP00000566","SYS_PURGE_SERVER_LOGS_FILE_TRANSFORMATION_OUTPUTFILENAME","3.0","outputFilename","SYS_PURGE_SERVER_LOGS_FILE","FILENAME"
"MAP00000567","SYS_PURGE_SERVER_LOGS_FILE_TRANSFORMATION_FILEOPERATION","1.0","fileOperation","SYS_PURGE_SERVER_LOGS_FILE","""move"""
"MAP00000568","VRS_VFGA_SERVICE_AVAILABILITY_FULL_LOAD_CALLTYPE","2.0","CALLTYPE","VRS_VFGA_SERVICE_AVAILABILITY_FULL_STEP_2","ASSET.PRODUCT2.NAME"
"MAP00000569","VRS_VFGA_SERVICE_AVAILABILITY_FULL_LOAD_TADIG","1.0","TADIG","VRS_VFGA_SERVICE_AVAILABILITY_FULL_STEP_2","ASSET.ACCOUNT.TADIG_CODE__C"
"MAP00000570","VRS_VFGA_HUB_CONNECTIONS_FULL_LOAD_ACTUAL_STATE","3.0","Actual_State","VRS_VFGA_HUB_CONNECTIONS_FULL_STEP_2","FOOTPRINT_SERVICE__C.STATUS__C"
"MAP00000574","VRS_VFGA_HUB_CONNECTIONS_FULL_LOAD_CALLTYPE","5.0","CALLTYPE","VRS_VFGA_HUB_CONNECTIONS_FULL_STEP_2","FOOTPRINT_SERVICE__C.PRODUCT__C"
"MAP00000575","VRS_VFGA_HUB_CONNECTIONS_FULL_LOAD_CLL_DATE","4.0","CLL_Date","VRS_VFGA_HUB_CONNECTIONS_FULL_STEP_2","util:dateFormat(FOOTPRINT_SERVICE__C.CLL_DATE__C,""MM/dd/yyyy HH:mm:ss"")"
"MAP00000576","VRS_VFGA_HUB_CONNECTIONS_FULL_LOAD_DIRECTION","6.0","DIRECTION","VRS_VFGA_HUB_CONNECTIONS_FULL_STEP_2","FOOTPRINT_SERVICE__C.DIRECTION__C"
"MAP00000577","VRS_VFGA_HUB_CONNECTIONS_FULL_LOAD_HPLMN","1.0","HPLMN","VRS_VFGA_HUB_CONNECTIONS_FULL_STEP_2","FOOTPRINT_SERVICE__C.FOOTPRINT__R.HPLMN_HUB_TADIG_CODE__C"
"MAP00000579","VRS_VFGA_HUB_CONNECTIONS_FULL_LOAD_VPLMN","2.0","VPLMN","VRS_VFGA_HUB_CONNECTIONS_FULL_STEP_2","FOOTPRINT_SERVICE__C.FOOTPRINT__R.VPLMN_HUB_TADIG_CODE__C"
"MAP00000580","VRS_VFGA_FOOTPRINT_FULL_LOAD_HPLMN","1.0","HPLMN","VRS_VFGA_FOOTPRINT_FULL_STEP_2","FOOTPRINT_SERVICE__C.FOOTPRINT__R.HPLMN_TADIG_CODE__C"
"MAP00000581","VRS_VFGA_FOOTPRINT_FULL_LOAD_VPLMN","2.0","VPLMN","VRS_VFGA_FOOTPRINT_FULL_STEP_2","FOOTPRINT_SERVICE__C.FOOTPRINT__R.VPLMN_TADIG_CODE__C"
"MAP00000582","VRS_VFGA_FOOTPRINT_FULL_LOAD_CALLTYPE","3.0","CALLTYPE","VRS_VFGA_FOOTPRINT_FULL_STEP_2","FOOTPRINT_SERVICE__C.PRODUCT__C"
"MAP00000583","VRS_VFGA_FOOTPRINT_FULL_LOAD_DIRECTION","4.0","Direction","VRS_VFGA_FOOTPRINT_FULL_STEP_2","FOOTPRINT_SERVICE__C.DIRECTION__C"
"MAP00000586","VRS_VFGA_CLARITY_MIGRATIONS_LOAD_ACTIVITY_DATE","5.0","ACTIVITY_DATE","VRS_VFGA_CLARITY_MIGRATIONS_BI_STEP_2","util:dateFormat(FOOTPRINT_SERVICE_DETAIL__C.FOOTPRINT_SERVICE__R.OPEN_DATE_FORMULA__C, ""dd-MMM-yyyy"")"
"MAP00000587","VRS_VFGA_CLARITY_MIGRATIONS_LOAD_STATUS","4.0","STATUS","VRS_VFGA_CLARITY_MIGRATIONS_BI_STEP_2","util:iif(
	not(
		util:isNull(
			FOOTPRINT_SERVICE_DETAIL__C.FOOTPRINT_SERVICE__R.CLL_DATE__C
		)
	),
	'SOT',
	util:iif(
		not(
			util:isNull(
				FOOTPRINT_SERVICE_DETAIL__C.FOOTPRINT_SERVICE__R.COMMERCIAL_MIGRATION_DATE__C
			)
		),
		'Commercial Migration',
		''
	)
)"
"MAP00000588","VRS_VFGA_CLARITY_MIGRATIONS_BI_LOAD_VPLMN","1.0","VPLMN","VRS_VFGA_CLARITY_MIGRATIONS_BI_STEP_2","FOOTPRINT_SERVICE_DETAIL__C.FOOTPRINT_SERVICE__R.VPLMN_OPERATOR_TADIG__C"
"MAP00000589","VRS_VFGA_CLARITY_MIGRATIONS_BI_LOAD_HPLMN","2.0","HPLMN","VRS_VFGA_CLARITY_MIGRATIONS_BI_STEP_2","FOOTPRINT_SERVICE_DETAIL__C.FOOTPRINT_SERVICE__R.HPLMN_OPERATOR_TADIG__C"
"MAP00000590","VRS_VFGA_CLARITY_MIGRATIONS_BI_LOAD_CALL_TYPE","3.0","CALL_TYPE","VRS_VFGA_CLARITY_MIGRATIONS_BI_STEP_2","FOOTPRINT_SERVICE_DETAIL__C.NAME"
"MAP00000591","VFGA_IOT_STATUS_REPORT_LOAD_	INDEX_NUMBER","1.0","INDEX_NUMBER","VFGA_IOT_STATUS_REPORT_STEP_2","E2E_CONTRACT__C.IOT_CONTRACT_INDEX__C"
"MAP00000592","VFGA_IOT_STATUS_REPORT_LOAD_CONTRACT_STATUS","2.0","CONTRACT_STATUS","VFGA_IOT_STATUS_REPORT_STEP_2","E2E_CONTRACT__C.CONTRACT_STATUS__C"
