Name,Unique_ID__c,Entity__r.Unique_ID__c,Field_Name__c,Order__c,Type__c
FLD00000449,VFGE_COL_REPORT_EXTRACT_NAME,VFGE_COL_REPORT_EXTRACT_SOURCE,Footprint_Service_Detail__c.Name,1,String
FLD00000450,VFGE_COL_REPORT_EXTRACT_HPLMN_OPERATOR_TADIG,VFGE_COL_REPORT_EXTRACT_SOURCE,Footprint_Service_Detail__c.Footprint_Service__r.HPLMN_Operator_Tadig__c,2,String
FLD00000451,VFGE_COL_REPORT_EXTRACT_OPEN_DATE,VFGE_COL_REPORT_EXTRACT_SOURCE,Footprint_Service_Detail__c.Footprint_Service__r.Open_date_Formula__c,3,Date
FLD00000452,VFGE_COL_REPORT_EXTRACT_SO_TYPE,VFGE_COL_REPORT_EXTRACT_SOURCE,Footprint_Service_Detail__c.Footprint_Service__r.SO_Type__c,4,String
FLD00000453,VFGE_COL_REPORT_EXTRACT_VPLMN_OPERATOR_TADIG,VFGE_COL_REPORT_EXTRACT_SOURCE,Footprint_Service_Detail__c.Footprint_Service__r.VPLMN_Operator_Tadig__c,5,String
FLD00000454,VFGE_COL_REPORT_EXTRACT_FINANCIAL_DIRECTION,VFGE_COL_REPORT_EXTRACT_SOURCE,Footprint_Service_Detail__c.Footprint_Service__r.Financial_Direction__c,6,String
FLD00000455,VFGE_COL_REPORT_EXTRACT_HPLMN_HUB_TADIG_CODE,VFGE_COL_REPORT_EXTRACT_SOURCE,Footprint_Service_Detail__c.Footprint_Service__r.Footprint__r.HPLMN_HUB_TADIG_Code__c,7,String
FLD00000456,VFGE_COL_REPORT_EXTRACT_VPLMN_HUB_TADIG_CODE,VFGE_COL_REPORT_EXTRACT_SOURCE,Footprint_Service_Detail__c.Footprint_Service__r.Footprint__r.VPLMN_HUB_TADIG_Code__c,8,String
FLD00000457,VFGE_COL_REPORT_LOAD_DIRECTION,VFGE_COL_REPORT_LOAD_TARGET,DIRECTION,1,String
FLD00000458,VFGE_COL_REPORT_LOAD_VPMN,VFGE_COL_REPORT_LOAD_TARGET,VPMN,2,String
FLD00000459,VFGE_COL_REPORT_LOAD_VPMN_HUB,VFGE_COL_REPORT_LOAD_TARGET,VPMN_HUB,3,String
FLD00000460,VFGE_COL_REPORT_LOAD_HPMN,VFGE_COL_REPORT_LOAD_TARGET,HPMN,4,String
FLD00000461,VFGE_COL_REPORT_LOAD_HPMN_HUB,VFGE_COL_REPORT_LOAD_TARGET,HPMN_HUB,5,String
FLD00000462,VFGE_COL_REPORT_LOAD_CONNECTION_CALL_TYPE,VFGE_COL_REPORT_LOAD_TARGET,CONNECTION_CALL_TYPE,6,String
FLD00000463,VFGE_COL_REPORT_LOAD_STATUS,VFGE_COL_REPORT_LOAD_TARGET,STATUS,7,String
FLD00000464,VFGE_COL_REPORT_LOAD_DATE,VFGE_COL_REPORT_LOAD_TARGET,DATE,8,String
FLD00000465,VFGE_COL_REPORT_LOAD_SERVICE,VFGE_COL_REPORT_LOAD_TARGET,SERVICE,9,String
FLD00000466,VFGE_IOT_SYNC_2ND_PARTICIPANT_EXTRACT_ID,VFGE_IOT_SYNC_2ND_PARTICIPANT_EXTRACT_SOURCE,Id,1,String
FLD00000467,VFGE_IOT_SYNC_2ND_PARTICIPANT_LOAD_ID,VFGE_IOT_SYNC_2ND_PARTICIPANT_LOAD_TARGET,Id,1,String
FLD00000468,VFGE_IOT_SYNC_1SF_PARTICIPANT_EXTRACT_ID,VFGE_IOT_SYNC_1ST_PARTICIPANT_EXTRACT_SOURCE,Id,1,String
FLD00000469,VFGE_IOT_SYNC_1ST_PARTICIPANT_LOAD_ID,VFGE_IOT_SYNC_1ST_PARTICIPANT_LOAD_TARGET,Id,1,String
FLD00000470,VFGE_IOT_SYNC_DEAL_EXTRACT_ID,VFGE_IOT_SYNC_DEAL_EXTRACT_SOURCE,Id,1,String
FLD00000471,VFGE_IOT_SYNC_DEAL_LOAD_ID,VFGE_IOT_SYNC_DEAL_LOAD_TARGET,Id,1,String
FLD00000472,VFGE_IOT_SYNC_PERIOD_LOAD_ID,VFGE_IOT_SYNC_PERIOD_LOAD_TARGET,Id,1,String
FLD00000473,VFGE_IOT_SYNC_HISTORICAL_EXTRACT_ID,VFGE_IOT_SYNC_HISTORICAL_EXTRACT_SOURCE,Id,1,String
FLD00000474,VFGE_IOT_SYNC_HISTORICAL_LOAD_ID,VFGE_IOT_SYNC_HISTORICAL_LOAD_TARGET,Id,1,String
FLD00000475,VFGE_IOT_SYNC_HISTORY_CLOSE_OPEN_ONES_EXTRACT_ID,VFGE_IOT_SYNC_HISTORY_CLOSE_OPEN_ONES_EXTRACT_S,Id,1,String
FLD00000476,VFGE_IOT_SYNC_HISTORY_CLOSE_OPEN_ONES_LOAD_ID,VFGE_IOT_SYNC_HISTORY_CLOSE_OPEN_ONES_LOAD_T,Id,1,String
FLD00000477,VFGE_IOT_SYNC_HISTORY_CLOSE_OPEN_ONES_LOAD_STATUS,VFGE_IOT_SYNC_HISTORY_CLOSE_OPEN_ONES_LOAD_T,Status__c,2,String
FLD00000478,VFGE_IOT_SYNC_HISTORY_CLOSE_OPEN_ONES_LOAD_END_PRO,VFGE_IOT_SYNC_HISTORY_CLOSE_OPEN_ONES_LOAD_T,End_Process_Date__c,4,Date
FLD00000479,VFGE_IOT_SYNC_HISTORICAL_EXTRACT_ERROR_MESSAGE,VFGE_IOT_SYNC_HISTORICAL_EXTRACT_SOURCE,Error_Message__c,2,String
FLD00000480,VFGE_IOT_SYNC_HISTORICAL_LOAD_ERROR_MESSAGE,VFGE_IOT_SYNC_HISTORICAL_LOAD_TARGET,Error_Message__c,2,String
FLD00000481,VFGE_IOT_SYNC_HISTORY_CLOSE_OPEN_ONES_EXTRACT_ERRO,VFGE_IOT_SYNC_HISTORY_CLOSE_OPEN_ONES_EXTRACT_S,Error_Message__c,2,String
FLD00000482,VFGE_IOT_SYNC_HISTORY_START_NEW_PROCESS_EXTRACT_ID,VFGE_IOT_SYNC_HISTORY_START_NEW_PROCESS_EXTRACT_S,Id,1,String
FLD00000483,VFGE_IOT_SYNC_HISTORY_START_NEW_PROCESS_LOAD_STATU,VFGE_IOT_SYNC_HISTORY_START_NEW_PROCESS_LOAD_T,Status__c,1,String
FLD00000484,VFGE_IOT_SYNC_HISTORY_START_NEW_PROCESS_LOAD_START,VFGE_IOT_SYNC_HISTORY_START_NEW_PROCESS_LOAD_T,Start_Process_Date__c,2,Date
FLD00000485,VFGE_IOT_SYNC_HISTORY_START_NEW_PROCESS_FILTER_FTY,VFGE_IOT_SYNC_HISTORY_START_NEW_PROCESS_FILTER,filterType,1,String
FLD00000486,VFGE_IOT_SYNC_HISTORY_START_NEW_PROCESS_FILTER_FIL,VFGE_IOT_SYNC_HISTORY_START_NEW_PROCESS_FILTER,filter,2,Boolean
FLD00000487,VFGE_IOT_SYNC_GET_CURRENT_PROCESS_ID_LOAD_ID,VFGE_IOT_SYNC_GET_CURRENT_PROCESS_ID_LOAD_T,Id,1,String
FLD00000488,VFGE_IOT_SYNC_GET_CURRENT_PROCESS_ID_LOAD_ERROR_ME,VFGE_IOT_SYNC_GET_CURRENT_PROCESS_ID_LOAD_T,Error Message,2,String
FLD00000489,VFGE_IOT_SYNC_GET_CURRENT_PROCESS_ID_LOAD_DATA_UPL,VFGE_IOT_SYNC_GET_CURRENT_PROCESS_ID_LOAD_T,Data Uploaded to SFDC,3,Boolean
FLD00000490,VFGE_IOT_SYNC_GET_CURRENT_PROCESS_ID_LOAD_END_UPLO,VFGE_IOT_SYNC_GET_CURRENT_PROCESS_ID_LOAD_T,End Upload Data Date,4,Date
FLD00000491,VFGE_IOT_SYNC_GET_CURRENT_PROCESS_ID_EXTRACT_ID,VFGE_IOT_SYNC_GET_CURRENT_PROCESS_ID_EXTRACT_S,Id,1,String
FLD00000492,VFGE_IOT_SYNC_GET_CURRENT_PROCESS_ID_EXTRACT_ERROR,VFGE_IOT_SYNC_GET_CURRENT_PROCESS_ID_EXTRACT_S,Error_Message__c,2,String
FLD00000493,VFGE_IOT_SYNC_GET_CURRENT_PROCESS_ID_EXTRACT_DATA_,VFGE_IOT_SYNC_GET_CURRENT_PROCESS_ID_EXTRACT_S,Data_Uploaded_to_SFDC,3,Boolean
FLD00000494,VFGE_IOT_SYNC_GET_CURRENT_PROCESS_ID_EXTRACT_END_U,VFGE_IOT_SYNC_GET_CURRENT_PROCESS_ID_EXTRACT_S,End_Upload_Data_Date__c,4,Date
FLD00000495,VFGE_IOT_SYNC_HISTORY_IMPORT_CSV_FILES_EXTRACT_ID,VFGE_IOT_SYNC_HISTORY_IMPORT_CSV_FILES_EXTRACT_SOU,Id,1,String
FLD00000496,VFGE_IOT_SYNC_HISTORY_IMPORT_CSV_FILES_EXTRACT_ERM,VFGE_IOT_SYNC_HISTORY_IMPORT_CSV_FILES_EXTRACT_SOU,Error Message,2,String
FLD00000497,VFGE_IOT_SYNC_HISTORY_IMPORT_CSV_FILES_EXTRACT_DUS,VFGE_IOT_SYNC_HISTORY_IMPORT_CSV_FILES_EXTRACT_SOU,Data Uploaded to SFDC,3,Boolean
FLD00000498,VFGE_IOT_SYNC_HISTORY_IMPORT_CSV_FILES_EXTRACT_EUD,VFGE_IOT_SYNC_HISTORY_IMPORT_CSV_FILES_EXTRACT_SOU,End Upload Data Date,4,String
FLD00000499,VFGE_IOT_SYNC_HISTORY_IMPORT_CSV_FILES_LOAD_ID,VFGE_IOT_SYNC_HISTORY_IMPORT_CSV_FILES_LOAD_TARGET,Id,1,String
FLD00000500,VFGE_IOT_SYNC_HISTORY_IMPORT_CSV_FILES_LOAD_STATUS,VFGE_IOT_SYNC_HISTORY_IMPORT_CSV_FILES_LOAD_TARGET,Status__c,2,String
FLD00000501,VFGE_IOT_SYNC_HISTORY_IMPORT_CSV_FILES_LOAD_ERRORM,VFGE_IOT_SYNC_HISTORY_IMPORT_CSV_FILES_LOAD_TARGET,Error_Message__c,3,String
FLD00000502,VFGE_IOT_SYNC_HISTORY_IMPORT_CSV_FILES_LOAD_EPD,VFGE_IOT_SYNC_HISTORY_IMPORT_CSV_FILES_LOAD_TARGET,End_Process_Date__c,4,Date
FLD00000503,VFGE_IOT_SYNC_IMPORT_FLAT_DEAL_IOT_DIS_CONTRACT_STATUS,VFGE_IOT_SYNC_IMPORT_FLAT_DEAL_EXTRACT_SOURCE,IOT_DIS_CONTRACT_STATUS,1,String
FLD00000504,VFGE_IOT_SYNC_IMPORT_FLAT_DEAL_NAME,VFGE_IOT_SYNC_IMPORT_FLAT_DEAL_EXTRACT_SOURCE,NAME,2,String
FLD00000505,VFGE_IOT_SYNC_IMPORT_FLAT_DEAL_DEAL_INDEX,VFGE_IOT_SYNC_IMPORT_FLAT_DEAL_EXTRACT_SOURCE,DEAL_INDEX,3,Integer
FLD00000506,VFGE_IOT_SYNC_IMPORT_FLAT_DEAL_DEAL_STATUS,VFGE_IOT_SYNC_IMPORT_FLAT_DEAL_EXTRACT_SOURCE,DEAL_STATUS,4,String
FLD00000507,VFGE_IOT_SYNC_IMPORT_FLAT_DEAL_VRS_DEAL_STATUS,VFGE_IOT_SYNC_IMPORT_FLAT_DEAL_EXTRACT_SOURCE,VRS_DEAL_STATUS,5,String
FLD00000508,VFGE_IOT_SYNC_IMPORT_FLAT_DEAL_NEGOTIATION_TEAM,VFGE_IOT_SYNC_IMPORT_FLAT_DEAL_EXTRACT_SOURCE,NEGOTIATION_TEAM,6,String
FLD00000509,VFGE_IOT_SYNC_IMPORT_FLAT_DEAL_CONTRACT_MANAGER,VFGE_IOT_SYNC_IMPORT_FLAT_DEAL_EXTRACT_SOURCE,CONTRACT_MANAGER,7,String
FLD00000510,VFGE_IOT_SYNC_IMPORT_FLAT_DEAL_LAST_DAY_OF_SIGNATURE,VFGE_IOT_SYNC_IMPORT_FLAT_DEAL_EXTRACT_SOURCE,LAST_DAY_OF_SIGNATURE,8,Date
FLD00000511,VFGE_IOT_SYNC_IMPORT_FLAT_DEAL_LAST_UPDATE_DATE,VFGE_IOT_SYNC_IMPORT_FLAT_DEAL_EXTRACT_SOURCE,LAST_UPDATE_DATE,9,Date
FLD00000512,VFGE_IOT_SYNC_IMPORT_FLAT_DEAL_NOTES,VFGE_IOT_SYNC_IMPORT_FLAT_DEAL_EXTRACT_SOURCE,NOTES,10,String
FLD00000513,VFGE_IOT_SYNC_IMPORT_FLAT_DEAL_COMMERCIAL_COMMENTS,VFGE_IOT_SYNC_IMPORT_FLAT_DEAL_EXTRACT_SOURCE,COMMERCIAL_COMMENTS,11,String
FLD00000514,VFGE_IOT_SYNC_IMPORT_FLAT_DEAL_COMMERCIAL_APPROVAL,VFGE_IOT_SYNC_IMPORT_FLAT_DEAL_EXTRACT_SOURCE,COMMERCIAL_APPROVAL,12,String
FLD00000515,VFGE_IOT_SYNC_IMPORT_FLAT_DEAL_COMMERCIAL_APPROVAL_DATE,VFGE_IOT_SYNC_IMPORT_FLAT_DEAL_EXTRACT_SOURCE,COMMERCIAL_APPROVAL_DATE,13,Date
FLD00000516,VFGE_IOT_SYNC_IMPORT_FLAT_DEAL_DCM_OWNER,VFGE_IOT_SYNC_IMPORT_FLAT_DEAL_EXTRACT_SOURCE,DCM_OWNER,14,String
FLD00000517,VFGE_IOT_SYNC_IMPORT_FLAT_DEAL_DCM_APPROVAL,VFGE_IOT_SYNC_IMPORT_FLAT_DEAL_EXTRACT_SOURCE,DCM_APPROVAL,15,String
FLD00000518,VFGE_IOT_SYNC_IMPORT_FLAT_DEAL_DCM_COMMENTS,VFGE_IOT_SYNC_IMPORT_FLAT_DEAL_EXTRACT_SOURCE,DCM_COMMENTS,16,String
FLD00000519,VFGE_IOT_SYNC_IMPORT_FLAT_DEAL_DCM_APPROVAL_DATE,VFGE_IOT_SYNC_IMPORT_FLAT_DEAL_EXTRACT_SOURCE,DCM_APPROVAL_DATE,17,Date
FLD00000520,VFGE_IOT_SYNC_IMPORT_FLAT_DEAL_DATE_OF_LAST_SIGNATURE,VFGE_IOT_SYNC_IMPORT_FLAT_DEAL_EXTRACT_SOURCE,DATE_OF_LAST_SIGNATURE,18,Date
FLD00000521,VFGE_IOT_SYNC_IMPORT_FLAT_DEAL_LEGAL_OWNER,VFGE_IOT_SYNC_IMPORT_FLAT_DEAL_EXTRACT_SOURCE,LEGAL_OWNER,19,String
FLD00000522,VFGE_IOT_SYNC_IMPORT_FLAT_DEAL_LEGAL_APPROVAL,VFGE_IOT_SYNC_IMPORT_FLAT_DEAL_EXTRACT_SOURCE,LEGAL_APPROVAL,20,String
FLD00000523,VFGE_IOT_SYNC_IMPORT_FLAT_DEAL_LEGAL_COMMENTS,VFGE_IOT_SYNC_IMPORT_FLAT_DEAL_EXTRACT_SOURCE,LEGAL_COMMENTS,21,String
FLD00000524,VFGE_IOT_SYNC_IMPORT_FLAT_DEAL_LEGAL_APPROVAL_DATE,VFGE_IOT_SYNC_IMPORT_FLAT_DEAL_EXTRACT_SOURCE,LEGAL_APPROVAL_DATE,22,Date
FLD00000525,VFGE_IOT_SYNC_IMPORT_FLAT_DEAL_FINANCE_OWNER,VFGE_IOT_SYNC_IMPORT_FLAT_DEAL_EXTRACT_SOURCE,FINANCE_OWNER,23,String
FLD00000526,VFGE_IOT_SYNC_IMPORT_FLAT_DEAL_FINANCE_APPROVAL,VFGE_IOT_SYNC_IMPORT_FLAT_DEAL_EXTRACT_SOURCE,FINANCE_APPROVAL,24,String
FLD00000527,VFGE_IOT_SYNC_IMPORT_FLAT_DEAL_FINANCE_COMMENTS,VFGE_IOT_SYNC_IMPORT_FLAT_DEAL_EXTRACT_SOURCE,FINANCE_COMMENTS,25,String
FLD00000528,VFGE_IOT_SYNC_IMPORT_FLAT_DEAL_FINANCE_APPROVAL_DATE,VFGE_IOT_SYNC_IMPORT_FLAT_DEAL_EXTRACT_SOURCE,FINANCE_APPROVAL_DATE,26,Date
FLD00000529,VFGE_IOT_SYNC_IMPORT_FLAT_DEAL_TAX_OWNER,VFGE_IOT_SYNC_IMPORT_FLAT_DEAL_EXTRACT_SOURCE,TAX_OWNER,27,String
FLD00000530,VFGE_IOT_SYNC_IMPORT_FLAT_DEAL_TAX_APPROVAL,VFGE_IOT_SYNC_IMPORT_FLAT_DEAL_EXTRACT_SOURCE,TAX_APPROVAL,28,String
FLD00000531,VFGE_IOT_SYNC_IMPORT_FLAT_DEAL_TAX_COMMENTS,VFGE_IOT_SYNC_IMPORT_FLAT_DEAL_EXTRACT_SOURCE,TAX_COMMENTS,29,String
FLD00000532,VFGE_IOT_SYNC_IMPORT_FLAT_DEAL_TAX_APPROVAL_DATE,VFGE_IOT_SYNC_IMPORT_FLAT_DEAL_EXTRACT_SOURCE,TAX_APPROVAL_DATE,30,Date
FLD00000533,VFGE_IOT_SYNC_IMPORT_FLAT_DEAL_CSS_SIGNED_DATE,VFGE_IOT_SYNC_IMPORT_FLAT_DEAL_EXTRACT_SOURCE,CSS_SIGNED_DATE,31,Date
FLD00000534,VFGE_IOT_SYNC_IMPORT_FLAT_DEAL_CSS_COMMENTS,VFGE_IOT_SYNC_IMPORT_FLAT_DEAL_EXTRACT_SOURCE,CSS_COMMENTS,32,String
FLD00000535,VFGE_IOT_SYNC_IMPORT_FLAT_DEAL_LOA_SIGNED_DATE,VFGE_IOT_SYNC_IMPORT_FLAT_DEAL_EXTRACT_SOURCE,LOA_SIGNED_DATE,33,Date
FLD00000536,VFGE_IOT_SYNC_IMPORT_FLAT_DEAL_LOA_COMMENTS,VFGE_IOT_SYNC_IMPORT_FLAT_DEAL_EXTRACT_SOURCE,LOA_COMMENTS,34,String
FLD00000537,VFGE_IOT_SYNC_IMPORT_FLAT_DEAL_CONTACT_PERSON,VFGE_IOT_SYNC_IMPORT_FLAT_DEAL_EXTRACT_SOURCE,CONTACT_PERSON,35,String
FLD00000538,VFGE_IOT_SYNC_IMPORT_FLAT_DEAL_TEL_NO,VFGE_IOT_SYNC_IMPORT_FLAT_DEAL_EXTRACT_SOURCE,TEL_NO,36,String
FLD00000539,VFGE_IOT_SYNC_IMPORT_FLAT_DEAL_EMAIL_ADDRESS,VFGE_IOT_SYNC_IMPORT_FLAT_DEAL_EXTRACT_SOURCE,EMAIL_ADDRESS,37,String
FLD00000540,VFGE_IOT_SYNC_IMPORT_FLAT_DEAL_TYPE_OF_IOT_DISC_CONTRACT,VFGE_IOT_SYNC_IMPORT_FLAT_DEAL_EXTRACT_SOURCE,TYPE_OF_IOT_DISC_CONTRACT,38,String
FLD00000541,VFGE_IOT_SYNC_IMPORT_FLAT_DEAL_LOA_STATUS,VFGE_IOT_SYNC_IMPORT_FLAT_DEAL_EXTRACT_SOURCE,LOA_STATUS,39,String
FLD00000542,VFGE_IOT_SYNC_IMPORT_FLAT_DEAL_NOTIFY_CONTRACT_MANAGER,VFGE_IOT_SYNC_IMPORT_FLAT_DEAL_EXTRACT_SOURCE,NOTIFY_CONTRACT_MANAGER,40,String
FLD00000543,VFGE_IOT_SYNC_IMPORT_FLAT_DEAL_CONTRACT_MANAGER_NOTIFIED,VFGE_IOT_SYNC_IMPORT_FLAT_DEAL_EXTRACT_SOURCE,CONTRACT_MANAGER_NOTIFIED,41,String
FLD00000544,VFGE_IOT_SYNC_IMPORT_FLAT_DEAL_PLANNED_NEGOTIATION_START_DATE,VFGE_IOT_SYNC_IMPORT_FLAT_DEAL_EXTRACT_SOURCE,PLANNED_NEGOTIATION_START_DATE,42,Date
FLD00000545,VFGE_IOT_SYNC_IMPORT_FLAT_DEAL_ACTUAL_NEGOTIATION_START_DATE,VFGE_IOT_SYNC_IMPORT_FLAT_DEAL_EXTRACT_SOURCE,ACTUAL_NEGOTIATION_START_DATE,43,Date
FLD00000546,VFGE_IOT_SYNC_IMPORT_FLAT_DEAL_DAYS_TO_NEGOTIATION_START,VFGE_IOT_SYNC_IMPORT_FLAT_DEAL_EXTRACT_SOURCE,DAYS_TO_NEGOTIATION_START,44,Integer
FLD00000547,VFGE_IOT_SYNC_IMPORT_FLAT_DEAL_PLANNED_NEGOTIATION_END_DATE,VFGE_IOT_SYNC_IMPORT_FLAT_DEAL_EXTRACT_SOURCE,PLANNED_NEGOTIATION_END_DATE,45,Date
FLD00000548,VFGE_IOT_SYNC_IMPORT_FLAT_DEAL_ACTUAL_NEGOTIATION_FINISH_DATE,VFGE_IOT_SYNC_IMPORT_FLAT_DEAL_EXTRACT_SOURCE,ACTUAL_NEGOTIATION_FINISH_DATE,46,Date
FLD00000549,VFGE_IOT_SYNC_IMPORT_FLAT_DEAL_AUTO_RENEWAL,VFGE_IOT_SYNC_IMPORT_FLAT_DEAL_EXTRACT_SOURCE,AUTO_RENEWAL,47,String
FLD00000550,VFGE_IOT_SYNC_IMPORT_FLAT_DEAL_VALIDATION_STATUS,VFGE_IOT_SYNC_IMPORT_FLAT_DEAL_EXTRACT_SOURCE,VALIDATION_STATUS,48,String
FLD00000551,VFGE_IOT_SYNC_IMPORT_FLAT_DEAL_LOAD_ID,VFGE_IOT_SYNC_IMPORT_FLAT_DEAL_LOAD_TARGET,ID,1,String
FLD00000552,VFGE_IOT_SYNC_IMPORT_FLAT_DEAL_LOAD_NAME,VFGE_IOT_SYNC_IMPORT_FLAT_DEAL_LOAD_TARGET,NAME,2,String
FLD00000553,VFGE_IOT_SYNC_IMPORT_FLAT_DEAL_LOAD_CONTRACT_CATEGORY__C,VFGE_IOT_SYNC_IMPORT_FLAT_DEAL_LOAD_TARGET,CONTRACT_CATEGORY__C,3,String
FLD00000554,VFGE_IOT_SYNC_IMPORT_FLAT_DEAL_LOAD_CONTRACT_NAME__C,VFGE_IOT_SYNC_IMPORT_FLAT_DEAL_LOAD_TARGET,CONTRACT_NAME__C,4,String
FLD00000555,VFGE_IOT_SYNC_IMPORT_FLAT_DEAL_LOAD_DEAL_STATUS__C,VFGE_IOT_SYNC_IMPORT_FLAT_DEAL_LOAD_TARGET,DEAL_STATUS__C,5,String
FLD00000556,VFGE_IOT_SYNC_IMPORT_FLAT_DEAL_LOAD_INITIAL_CONTACT_COMMENTS__C,VFGE_IOT_SYNC_IMPORT_FLAT_DEAL_LOAD_TARGET,INITIAL_CONTACT_COMMENTS__C,7,String
FLD00000557,VFGE_IOT_SYNC_IMPORT_FLAT_DEAL_LOAD_NEGOTIATION_TEAM__C,VFGE_IOT_SYNC_IMPORT_FLAT_DEAL_LOAD_TARGET,NEGOTIATION_TEAM__C,8,String
FLD00000558,VFGE_IOT_SYNC_IMPORT_FLAT_DEAL_LOAD_CONTRACT_MANAGER__C,VFGE_IOT_SYNC_IMPORT_FLAT_DEAL_LOAD_TARGET,CONTRACT_MANAGER__C,9,String
FLD00000559,VFGE_IOT_SYNC_IMPORT_FLAT_DEAL_LOAD_CAS_COMMENTS__C,VFGE_IOT_SYNC_IMPORT_FLAT_DEAL_LOAD_TARGET,CAS_COMMENTS__C,10,String
FLD00000560,VFGE_IOT_SYNC_IMPORT_FLAT_DEAL_LOAD_LEGAL_SRC__C,VFGE_IOT_SYNC_IMPORT_FLAT_DEAL_LOAD_TARGET,LEGAL_SRC__C,11,String
FLD00000561,VFGE_IOT_SYNC_IMPORT_FLAT_DEAL_LOAD_FINANCE_SRC__C,VFGE_IOT_SYNC_IMPORT_FLAT_DEAL_LOAD_TARGET,FINANCE_SRC__C,12,String
FLD00000562,VFGE_IOT_SYNC_IMPORT_FLAT_DEAL_LOAD_TAX_SRC__C,VFGE_IOT_SYNC_IMPORT_FLAT_DEAL_LOAD_TARGET,TAX_SRC__C,13,String
FLD00000563,VFGE_IOT_SYNC_IMPORT_FLAT_DEAL_LOAD_CAS_DATE__C,VFGE_IOT_SYNC_IMPORT_FLAT_DEAL_LOAD_TARGET,CAS_DATE__C,14,Date
FLD00000564,VFGE_IOT_SYNC_IMPORT_FLAT_DEAL_LOAD_PLANNED_NEGOT_START_DATE__C,VFGE_IOT_SYNC_IMPORT_FLAT_DEAL_LOAD_TARGET,PLANNED_NEGOT_START_DATE__C,15,Date
FLD00000565,VFGE_IOT_SYNC_IMPORT_FLAT_DEAL_LOAD_PLANNED_NEGOT_END_DATE__C,VFGE_IOT_SYNC_IMPORT_FLAT_DEAL_LOAD_TARGET,PLANNED_NEGOT_END_DATE__C,16,Date
FLD00000566,VFGE_IOT_SYNC_IMPORT_FLAT_DEAL_LOAD_ACTUAL_NEGOT_START_DATE__C,VFGE_IOT_SYNC_IMPORT_FLAT_DEAL_LOAD_TARGET,ACTUAL_NEGOT_START_DATE__C,17,Date
FLD00000567,VFGE_IOT_SYNC_IMPORT_FLAT_DEAL_LOAD_ACTUAL_NEGOT_END_DATE__C,VFGE_IOT_SYNC_IMPORT_FLAT_DEAL_LOAD_TARGET,ACTUAL_NEGOT_END_DATE__C,18,Date
FLD00000568,VFGE_IOT_SYNC_IMPORT_FLAT_DEAL_LOAD_CONTACT_PERSON_SRC,VFGE_IOT_SYNC_IMPORT_FLAT_DEAL_LOAD_TARGET,CONTACT_PERSON_SRC,19,String
FLD00000569,VFGE_IOT_SYNC_IMPORT_FLAT_DEAL_LOAD_TELEFONE_NUMBER_SRC,VFGE_IOT_SYNC_IMPORT_FLAT_DEAL_LOAD_TARGET,TELEFONE_NUMBER_SRC,20,String
FLD00000570,VFGE_IOT_SYNC_IMPORT_FLAT_DEAL_LOAD_EMAIL_ADDRESS_SRC,VFGE_IOT_SYNC_IMPORT_FLAT_DEAL_LOAD_TARGET,EMAIL_ADDRESS_SRC,21,String
FLD00000571,VFGE_IOT_SYNC_IMPORT_FLAT_DEAL_LOAD_IS_FA,VFGE_IOT_SYNC_IMPORT_FLAT_DEAL_LOAD_TARGET,IS_FA,22,Boolean
FLD00000572,VFGE_IOT_SYNC_IMPORT_FLAT_DEAL_LOAD_AUTO_RENEW,VFGE_IOT_SYNC_IMPORT_FLAT_DEAL_LOAD_TARGET,AUTO_RENEW,22,Boolean
FLD00000573,VFGE_IOT_SYNC_IMPORT_FLAT_DEAL_LOAD_VALIDATION_STATUS,VFGE_IOT_SYNC_IMPORT_FLAT_DEAL_LOAD_TARGET,VALIDATION_STATUS,23,String
FLD00000574,VFGE_IOT_SYNC_IMPORT_FLAT_DISCOUNT_PERIODS_EXTRACT_SOURCE_PERIOD_INDEX,VFGE_IOT_SYNC_IMPORT_FLAT_DISCOUNT_PERIODS_EXTRACT_SOURCE,PERIOD_INDEX,1,String
FLD00000575,VFGE_IOT_SYNC_IMPORT_FLAT_DISCOUNT_PERIODS_EXTRACT_SOURCE_DEAL_INDEX,VFGE_IOT_SYNC_IMPORT_FLAT_DISCOUNT_PERIODS_EXTRACT_SOURCE,DEAL_INDEX,2,String
FLD00000576,VFGE_IOT_SYNC_IMPORT_FLAT_DISCOUNT_PERIODS_EXTRACT_SOURCE_DEAL_NAME,VFGE_IOT_SYNC_IMPORT_FLAT_DISCOUNT_PERIODS_EXTRACT_SOURCE,DEAL_NAME,3,String
FLD00000577,VFGE_IOT_SYNC_IMPORT_FLAT_DISCOUNT_PERIODS_EXTRACT_SOURCE_NEGOTIATION_TEAM,VFGE_IOT_SYNC_IMPORT_FLAT_DISCOUNT_PERIODS_EXTRACT_SOURCE,NEGOTIATION_TEAM,4,String
FLD00000578,VFGE_IOT_SYNC_IMPORT_FLAT_DISCOUNT_PERIODS_EXTRACT_SOURCE_DEAL_TYPE,VFGE_IOT_SYNC_IMPORT_FLAT_DISCOUNT_PERIODS_EXTRACT_SOURCE,DEAL_TYPE,5,String
FLD00000579,VFGE_IOT_SYNC_IMPORT_FLAT_DISCOUNT_PERIODS_EXTRACT_SOURCE_VRS_DEAL_STATUS,VFGE_IOT_SYNC_IMPORT_FLAT_DISCOUNT_PERIODS_EXTRACT_SOURCE,VRS_DEAL_STATUS,6,String
FLD00000580,VFGE_IOT_SYNC_IMPORT_FLAT_DISCOUNT_PERIODS_EXTRACT_SOURCE_VRS_DISC_CONT_STATUS,VFGE_IOT_SYNC_IMPORT_FLAT_DISCOUNT_PERIODS_EXTRACT_SOURCE,VRS_DISC_CONT_STATUS,7,String
FLD00000581,VFGE_IOT_SYNC_IMPORT_FLAT_DISCOUNT_PERIODS_EXTRACT_SOURCE_ACTIVE,VFGE_IOT_SYNC_IMPORT_FLAT_DISCOUNT_PERIODS_EXTRACT_SOURCE,ACTIVE,8,String
FLD00000582,VFGE_IOT_SYNC_IMPORT_FLAT_DISCOUNT_PERIODS_EXTRACT_SOURCE_PERIOD_FROM,VFGE_IOT_SYNC_IMPORT_FLAT_DISCOUNT_PERIODS_EXTRACT_SOURCE,PERIOD_FROM,9,String
FLD00000583,VFGE_IOT_SYNC_IMPORT_FLAT_DISCOUNT_PERIODS_EXTRACT_SOURCE_PERIOD_TO,VFGE_IOT_SYNC_IMPORT_FLAT_DISCOUNT_PERIODS_EXTRACT_SOURCE,PERIOD_TO,10,String
FLD00000584,VFGE_IOT_SYNC_IMPORT_FLAT_DISCOUNT_PERIODS_EXTRACT_SOURCE_TAX_DISC_RATES,VFGE_IOT_SYNC_IMPORT_FLAT_DISCOUNT_PERIODS_EXTRACT_SOURCE,TAX_DISC_RATES,11,String
FLD00000585,VFGE_IOT_SYNC_IMPORT_FLAT_DISCOUNT_PERIODS_EXTRACT_SOURCE_OB_TAX_RATE,VFGE_IOT_SYNC_IMPORT_FLAT_DISCOUNT_PERIODS_EXTRACT_SOURCE,OB_TAX_RATE,12,String
FLD00000586,VFGE_IOT_SYNC_IMPORT_FLAT_DISCOUNT_PERIODS_EXTRACT_SOURCE_EMBEDDED_DERIVATIVES,VFGE_IOT_SYNC_IMPORT_FLAT_DISCOUNT_PERIODS_EXTRACT_SOURCE,EMBEDDED_DERIVATIVES,13,String
FLD00000587,VFGE_IOT_SYNC_IMPORT_FLAT_DISCOUNT_PERIODS_EXTRACT_SOURCE_VOICE_MO_DISCOUNTS_INCL,VFGE_IOT_SYNC_IMPORT_FLAT_DISCOUNT_PERIODS_EXTRACT_SOURCE,VOICE_MO_DISCOUNTS_INCL,14,String
FLD00000588,VFGE_IOT_SYNC_IMPORT_FLAT_DISCOUNT_PERIODS_EXTRACT_SOURCE_VOICE_MT_DISCOUNTS_INCL,VFGE_IOT_SYNC_IMPORT_FLAT_DISCOUNT_PERIODS_EXTRACT_SOURCE,VOICE_MT_DISCOUNTS_INCL,15,String
FLD00000589,VFGE_IOT_SYNC_IMPORT_FLAT_DISCOUNT_PERIODS_EXTRACT_SOURCE_SMS_DISCOUNTS_INCL,VFGE_IOT_SYNC_IMPORT_FLAT_DISCOUNT_PERIODS_EXTRACT_SOURCE,SMS_DISCOUNTS_INCL,16,String
FLD00000590,VFGE_IOT_SYNC_IMPORT_FLAT_DISCOUNT_PERIODS_EXTRACT_SOURCE_DATA_DISCOUNTS_INCL,VFGE_IOT_SYNC_IMPORT_FLAT_DISCOUNT_PERIODS_EXTRACT_SOURCE,DATA_DISCOUNTS_INCL,17,String
FLD00000591,VFGE_IOT_SYNC_IMPORT_FLAT_DISCOUNT_PERIODS_EXTRACT_SOURCE_COND_VOICE_MO_DISCOUNTS,VFGE_IOT_SYNC_IMPORT_FLAT_DISCOUNT_PERIODS_EXTRACT_SOURCE,COND_VOICE_MO_DISCOUNTS,18,String
FLD00000592,VFGE_IOT_SYNC_IMPORT_FLAT_DISCOUNT_PERIODS_EXTRACT_SOURCE_COND_VOICE_MT_DISCOUNTS,VFGE_IOT_SYNC_IMPORT_FLAT_DISCOUNT_PERIODS_EXTRACT_SOURCE,COND_VOICE_MT_DISCOUNTS,19,String
FLD00000593,VFGE_IOT_SYNC_IMPORT_FLAT_DISCOUNT_PERIODS_EXTRACT_SOURCE_IB_VOICE_TRAFFIC_COMM,VFGE_IOT_SYNC_IMPORT_FLAT_DISCOUNT_PERIODS_EXTRACT_SOURCE,IB_VOICE_TRAFFIC_COMM,20,String
FLD00000594,VFGE_IOT_SYNC_IMPORT_FLAT_DISCOUNT_PERIODS_EXTRACT_SOURCE_DEFINITION_OF_MIN,VFGE_IOT_SYNC_IMPORT_FLAT_DISCOUNT_PERIODS_EXTRACT_SOURCE,DEFINITION_OF_MIN,21,String
FLD00000595,VFGE_IOT_SYNC_IMPORT_FLAT_DISCOUNT_PERIODS_EXTRACT_SOURCE_OB_VOICE_TRAFFIC_COMM,VFGE_IOT_SYNC_IMPORT_FLAT_DISCOUNT_PERIODS_EXTRACT_SOURCE,OB_VOICE_TRAFFIC_COMM,22,String
FLD00000596,VFGE_IOT_SYNC_IMPORT_FLAT_DISCOUNT_PERIODS_EXTRACT_SOURCE_COND_SMS_DISCOUNTS,VFGE_IOT_SYNC_IMPORT_FLAT_DISCOUNT_PERIODS_EXTRACT_SOURCE,COND_SMS_DISCOUNTS,23,String
FLD00000597,VFGE_IOT_SYNC_IMPORT_FLAT_DISCOUNT_PERIODS_EXTRACT_SOURCE_IB_SMS_TRAFFIC_COMM,VFGE_IOT_SYNC_IMPORT_FLAT_DISCOUNT_PERIODS_EXTRACT_SOURCE,IB_SMS_TRAFFIC_COMM,24,String
FLD00000598,VFGE_IOT_SYNC_IMPORT_FLAT_DISCOUNT_PERIODS_EXTRACT_SOURCE_OB_SMS_TRAFFIC_COMM,VFGE_IOT_SYNC_IMPORT_FLAT_DISCOUNT_PERIODS_EXTRACT_SOURCE,OB_SMS_TRAFFIC_COMM,25,String
FLD00000599,VFGE_IOT_SYNC_IMPORT_FLAT_DISCOUNT_PERIODS_EXTRACT_SOURCE_COND_DATA_DISCOUNTS,VFGE_IOT_SYNC_IMPORT_FLAT_DISCOUNT_PERIODS_EXTRACT_SOURCE,COND_DATA_DISCOUNTS,26,String
FLD00000600,VFGE_IOT_SYNC_IMPORT_FLAT_DISCOUNT_PERIODS_EXTRACT_SOURCE_IB_DATA_TRAFFIC_COMM,VFGE_IOT_SYNC_IMPORT_FLAT_DISCOUNT_PERIODS_EXTRACT_SOURCE,IB_DATA_TRAFFIC_COMM,27,String
FLD00000601,VFGE_IOT_SYNC_IMPORT_FLAT_DISCOUNT_PERIODS_EXTRACT_SOURCE_DEFINITION_OF_MB,VFGE_IOT_SYNC_IMPORT_FLAT_DISCOUNT_PERIODS_EXTRACT_SOURCE,DEFINITION_OF_MB,28,String
FLD00000602,VFGE_IOT_SYNC_IMPORT_FLAT_DISCOUNT_PERIODS_EXTRACT_SOURCE_OB_DATA_TRAFFIC_COMM,VFGE_IOT_SYNC_IMPORT_FLAT_DISCOUNT_PERIODS_EXTRACT_SOURCE,OB_DATA_TRAFFIC_COMM,29,String
FLD00000603,VFGE_IOT_SYNC_IMPORT_FLAT_DISCOUNT_PERIODS_EXTRACT_SOURCE_MO_INIT_IB_TG_LY_NO_DEAL,VFGE_IOT_SYNC_IMPORT_FLAT_DISCOUNT_PERIODS_EXTRACT_SOURCE,MO_INIT_IB_TG_LY_NO_DEAL,30,String
FLD00000604,VFGE_IOT_SYNC_IMPORT_FLAT_DISCOUNT_PERIODS_EXTRACT_SOURCE_MO_INIT_IB_TG_LY_WITH_DEAL,VFGE_IOT_SYNC_IMPORT_FLAT_DISCOUNT_PERIODS_EXTRACT_SOURCE,MO_INIT_IB_TG_LY_WITH_DEAL,31,String
FLD00000605,VFGE_IOT_SYNC_IMPORT_FLAT_DISCOUNT_PERIODS_EXTRACT_SOURCE_VOICE_MO_INIT_IB_DISC_TYPE,VFGE_IOT_SYNC_IMPORT_FLAT_DISCOUNT_PERIODS_EXTRACT_SOURCE,VOICE_MO_INIT_IB_DISC_TYPE,32,String
FLD00000606,VFGE_IOT_SYNC_IMPORT_FLAT_DISCOUNT_PERIODS_EXTRACT_SOURCE_MO_INIT_IB_ACT_MIN_PERC_DISC,VFGE_IOT_SYNC_IMPORT_FLAT_DISCOUNT_PERIODS_EXTRACT_SOURCE,MO_INIT_IB_ACT_MIN_PERC_DISC,33,String
FLD00000607,VFGE_IOT_SYNC_IMPORT_FLAT_DISCOUNT_PERIODS_EXTRACT_SOURCE_MO_INIT_OB_TG_COUNTRY_LY,VFGE_IOT_SYNC_IMPORT_FLAT_DISCOUNT_PERIODS_EXTRACT_SOURCE,MO_INIT_OB_TG_COUNTRY_LY,34,String
FLD00000608,VFGE_IOT_SYNC_IMPORT_FLAT_DISCOUNT_PERIODS_EXTRACT_SOURCE_MO_INIT_OB_MS_3RD_WITH_DEAL,VFGE_IOT_SYNC_IMPORT_FLAT_DISCOUNT_PERIODS_EXTRACT_SOURCE,MO_INIT_OB_MS_3RD_WITH_DEAL,35,String
FLD00000609,VFGE_IOT_SYNC_IMPORT_FLAT_DISCOUNT_PERIODS_EXTRACT_SOURCE_MO_INIT_OB_MS_3RD_WO_DEAL,VFGE_IOT_SYNC_IMPORT_FLAT_DISCOUNT_PERIODS_EXTRACT_SOURCE,MO_INIT_OB_MS_3RD_WO_DEAL,36,String
FLD00000610,VFGE_IOT_SYNC_IMPORT_FLAT_DISCOUNT_PERIODS_EXTRACT_SOURCE_VOICE_MO_INIT_OB_DISC_TYPE,VFGE_IOT_SYNC_IMPORT_FLAT_DISCOUNT_PERIODS_EXTRACT_SOURCE,VOICE_MO_INIT_OB_DISC_TYPE,37,String
FLD00000611,VFGE_IOT_SYNC_IMPORT_FLAT_DISCOUNT_PERIODS_EXTRACT_SOURCE_MO_INIT_OB_ACT_MIN_EXCL_TAXES,VFGE_IOT_SYNC_IMPORT_FLAT_DISCOUNT_PERIODS_EXTRACT_SOURCE,MO_INIT_OB_ACT_MIN_EXCL_TAXES,38,String
FLD00000612,VFGE_IOT_SYNC_IMPORT_FLAT_DISCOUNT_PERIODS_EXTRACT_SOURCE_MO_INIT_OB_ACT_MIN_INCL_TAXES,VFGE_IOT_SYNC_IMPORT_FLAT_DISCOUNT_PERIODS_EXTRACT_SOURCE,MO_INIT_OB_ACT_MIN_INCL_TAXES,39,String
FLD00000613,VFGE_IOT_SYNC_IMPORT_FLAT_DISCOUNT_PERIODS_EXTRACT_SOURCE_MT_INIT_IB_TR_VS_MO_IB,VFGE_IOT_SYNC_IMPORT_FLAT_DISCOUNT_PERIODS_EXTRACT_SOURCE,MT_INIT_IB_TR_VS_MO_IB,40,String
FLD00000614,VFGE_IOT_SYNC_IMPORT_FLAT_DISCOUNT_PERIODS_EXTRACT_SOURCE_VOICE_MT_INIT_IB_DISC_TYPE,VFGE_IOT_SYNC_IMPORT_FLAT_DISCOUNT_PERIODS_EXTRACT_SOURCE,VOICE_MT_INIT_IB_DISC_TYPE,41,String
FLD00000615,VFGE_IOT_SYNC_IMPORT_FLAT_DISCOUNT_PERIODS_EXTRACT_SOURCE_MT_INIT_IB_ACT_MIN_PERC_DISC,VFGE_IOT_SYNC_IMPORT_FLAT_DISCOUNT_PERIODS_EXTRACT_SOURCE,MT_INIT_IB_ACT_MIN_PERC_DISC,42,String
FLD00000616,VFGE_IOT_SYNC_IMPORT_FLAT_DISCOUNT_PERIODS_EXTRACT_SOURCE_MT_INIT_OB_TR_VS_MO_OB,VFGE_IOT_SYNC_IMPORT_FLAT_DISCOUNT_PERIODS_EXTRACT_SOURCE,MT_INIT_OB_TR_VS_MO_OB,43,String
FLD00000617,VFGE_IOT_SYNC_IMPORT_FLAT_DISCOUNT_PERIODS_EXTRACT_SOURCE_VOICE_MT_INIT_OB_DISC_TYPE,VFGE_IOT_SYNC_IMPORT_FLAT_DISCOUNT_PERIODS_EXTRACT_SOURCE,VOICE_MT_INIT_OB_DISC_TYPE,44,String
FLD00000618,VFGE_IOT_SYNC_IMPORT_FLAT_DISCOUNT_PERIODS_EXTRACT_SOURCE_MT_INIT_OB_ACT_MIN_EXCL_TAXES,VFGE_IOT_SYNC_IMPORT_FLAT_DISCOUNT_PERIODS_EXTRACT_SOURCE,MT_INIT_OB_ACT_MIN_EXCL_TAXES,45,String
FLD00000619,VFGE_IOT_SYNC_IMPORT_FLAT_DISCOUNT_PERIODS_EXTRACT_SOURCE_MT_INIT_OB_ACT_MIN_INCL_TAXES,VFGE_IOT_SYNC_IMPORT_FLAT_DISCOUNT_PERIODS_EXTRACT_SOURCE,MT_INIT_OB_ACT_MIN_INCL_TAXES,46,String
FLD00000620,VFGE_IOT_SYNC_IMPORT_FLAT_DISCOUNT_PERIODS_EXTRACT_SOURCE_SMS_INIT_TR_VS_MO_IB,VFGE_IOT_SYNC_IMPORT_FLAT_DISCOUNT_PERIODS_EXTRACT_SOURCE,SMS_INIT_TR_VS_MO_IB,47,String
FLD00000621,VFGE_IOT_SYNC_IMPORT_FLAT_DISCOUNT_PERIODS_EXTRACT_SOURCE_SMS_INIT_IB_DISC_TYPE,VFGE_IOT_SYNC_IMPORT_FLAT_DISCOUNT_PERIODS_EXTRACT_SOURCE,SMS_INIT_IB_DISC_TYPE,48,String
FLD00000622,VFGE_IOT_SYNC_IMPORT_FLAT_DISCOUNT_PERIODS_EXTRACT_SOURCE_SMS_INIT_IB_SMS_PERC_DISC,VFGE_IOT_SYNC_IMPORT_FLAT_DISCOUNT_PERIODS_EXTRACT_SOURCE,SMS_INIT_IB_SMS_PERC_DISC,49,String
FLD00000623,VFGE_IOT_SYNC_IMPORT_FLAT_DISCOUNT_PERIODS_EXTRACT_SOURCE_SMS_INIT_OB_TR_VS_MO_OB,VFGE_IOT_SYNC_IMPORT_FLAT_DISCOUNT_PERIODS_EXTRACT_SOURCE,SMS_INIT_OB_TR_VS_MO_OB,50,String
FLD00000624,VFGE_IOT_SYNC_IMPORT_FLAT_DISCOUNT_PERIODS_EXTRACT_SOURCE_SMS_INIT_OB_DISC_TYPE,VFGE_IOT_SYNC_IMPORT_FLAT_DISCOUNT_PERIODS_EXTRACT_SOURCE,SMS_INIT_OB_DISC_TYPE,51,String
FLD00000625,VFGE_IOT_SYNC_IMPORT_FLAT_DISCOUNT_PERIODS_EXTRACT_SOURCE_SMS_INIT_OB_SMS_EXCL_TAXES,VFGE_IOT_SYNC_IMPORT_FLAT_DISCOUNT_PERIODS_EXTRACT_SOURCE,SMS_INIT_OB_SMS_EXCL_TAXES,52,String
FLD00000626,VFGE_IOT_SYNC_IMPORT_FLAT_DISCOUNT_PERIODS_EXTRACT_SOURCE_SMS_INIT_OB_SMS_INCL_TAXES,VFGE_IOT_SYNC_IMPORT_FLAT_DISCOUNT_PERIODS_EXTRACT_SOURCE,SMS_INIT_OB_SMS_INCL_TAXES,53,String
FLD00000627,VFGE_IOT_SYNC_IMPORT_FLAT_DISCOUNT_PERIODS_EXTRACT_SOURCE_DATA_INIT_TR_VS_MO,VFGE_IOT_SYNC_IMPORT_FLAT_DISCOUNT_PERIODS_EXTRACT_SOURCE,DATA_INIT_TR_VS_MO,54,String
FLD00000628,VFGE_IOT_SYNC_IMPORT_FLAT_DISCOUNT_PERIODS_EXTRACT_SOURCE_DATA_INIT_IB_DISC_TYPE,VFGE_IOT_SYNC_IMPORT_FLAT_DISCOUNT_PERIODS_EXTRACT_SOURCE,DATA_INIT_IB_DISC_TYPE,55,String
FLD00000629,VFGE_IOT_SYNC_IMPORT_FLAT_DISCOUNT_PERIODS_EXTRACT_SOURCE_DATA_INIT_IB_MB_PERC_DISC,VFGE_IOT_SYNC_IMPORT_FLAT_DISCOUNT_PERIODS_EXTRACT_SOURCE,DATA_INIT_IB_MB_PERC_DISC,56,String
FLD00000630,VFGE_IOT_SYNC_IMPORT_FLAT_DISCOUNT_PERIODS_EXTRACT_SOURCE_DATA_INIT_OB_TR_VS_MO_OB,VFGE_IOT_SYNC_IMPORT_FLAT_DISCOUNT_PERIODS_EXTRACT_SOURCE,DATA_INIT_OB_TR_VS_MO_OB,57,String
FLD00000631,VFGE_IOT_SYNC_IMPORT_FLAT_DISCOUNT_PERIODS_EXTRACT_SOURCE_DATA_INIT_OB_DISC_TYPE,VFGE_IOT_SYNC_IMPORT_FLAT_DISCOUNT_PERIODS_EXTRACT_SOURCE,DATA_INIT_OB_DISC_TYPE,58,String
FLD00000632,VFGE_IOT_SYNC_IMPORT_FLAT_DISCOUNT_PERIODS_EXTRACT_SOURCE_DATA_INIT_OB_MB_EXCL_TAXES,VFGE_IOT_SYNC_IMPORT_FLAT_DISCOUNT_PERIODS_EXTRACT_SOURCE,DATA_INIT_OB_MB_EXCL_TAXES,59,String
FLD00000633,VFGE_IOT_SYNC_IMPORT_FLAT_DISCOUNT_PERIODS_EXTRACT_SOURCE_DATA_INIT_OB_MB_INCL_TAXES,VFGE_IOT_SYNC_IMPORT_FLAT_DISCOUNT_PERIODS_EXTRACT_SOURCE,DATA_INIT_OB_MB_INCL_TAXES,60,String
FLD00000634,VFGE_IOT_SYNC_IMPORT_FLAT_DISCOUNT_PERIODS_EXTRACT_SOURCE_VOICE_VAL_VS_DO_NOTHING,VFGE_IOT_SYNC_IMPORT_FLAT_DISCOUNT_PERIODS_EXTRACT_SOURCE,VOICE_VAL_VS_DO_NOTHING,61,String
FLD00000635,VFGE_IOT_SYNC_IMPORT_FLAT_DISCOUNT_PERIODS_EXTRACT_SOURCE_SMS_VAL_VS_DO_NOTHING,VFGE_IOT_SYNC_IMPORT_FLAT_DISCOUNT_PERIODS_EXTRACT_SOURCE,SMS_VAL_VS_DO_NOTHING,62,String
FLD00000636,VFGE_IOT_SYNC_IMPORT_FLAT_DISCOUNT_PERIODS_EXTRACT_SOURCE_DATA_VAL_VS_DO_NOTHING,VFGE_IOT_SYNC_IMPORT_FLAT_DISCOUNT_PERIODS_EXTRACT_SOURCE,DATA_VAL_VS_DO_NOTHING,63,String
FLD00000637,VFGE_IOT_SYNC_IMPORT_FLAT_DISCOUNT_PERIODS_EXTRACT_SOURCE_VOICE_VAL_VS_PREV_PERIOD,VFGE_IOT_SYNC_IMPORT_FLAT_DISCOUNT_PERIODS_EXTRACT_SOURCE,VOICE_VAL_VS_PREV_PERIOD,64,String
FLD00000638,VFGE_IOT_SYNC_IMPORT_FLAT_DISCOUNT_PERIODS_EXTRACT_SOURCE_SMS_VAL_VS_PREV_PERIOD,VFGE_IOT_SYNC_IMPORT_FLAT_DISCOUNT_PERIODS_EXTRACT_SOURCE,SMS_VAL_VS_PREV_PERIOD,65,String
FLD00000639,VFGE_IOT_SYNC_IMPORT_FLAT_DISCOUNT_PERIODS_EXTRACT_SOURCE_DATA_VAL_VS_PREV_PERIOD,VFGE_IOT_SYNC_IMPORT_FLAT_DISCOUNT_PERIODS_EXTRACT_SOURCE,DATA_VAL_VS_PREV_PERIOD,66,String
FLD00000640,VFGE_IOT_SYNC_IMPORT_FLAT_DISCOUNT_PERIODS_EXTRACT_SOURCE_IB_CURRENCY,VFGE_IOT_SYNC_IMPORT_FLAT_DISCOUNT_PERIODS_EXTRACT_SOURCE,IB_CURRENCY,67,String
FLD00000641,VFGE_IOT_SYNC_IMPORT_FLAT_DISCOUNT_PERIODS_EXTRACT_SOURCE_OB_CURRENCY,VFGE_IOT_SYNC_IMPORT_FLAT_DISCOUNT_PERIODS_EXTRACT_SOURCE,OB_CURRENCY,68,String
FLD00000642,VFGE_IOT_SYNC_IMPORT_FLAT_DISCOUNT_PERIODS_EXTRACT_SOURCE_MO_UPDT_IB_TG_LY_NO_DEAL,VFGE_IOT_SYNC_IMPORT_FLAT_DISCOUNT_PERIODS_EXTRACT_SOURCE,MO_UPDT_IB_TG_LY_NO_DEAL,69,String
FLD00000643,VFGE_IOT_SYNC_IMPORT_FLAT_DISCOUNT_PERIODS_EXTRACT_SOURCE_MO_UPDT_IB_TG_LY_WITH_DEAL,VFGE_IOT_SYNC_IMPORT_FLAT_DISCOUNT_PERIODS_EXTRACT_SOURCE,MO_UPDT_IB_TG_LY_WITH_DEAL,70,String
FLD00000644,VFGE_IOT_SYNC_IMPORT_FLAT_DISCOUNT_PERIODS_EXTRACT_SOURCE_VOICE_MO_UPDT_IB_DISC_TYPE,VFGE_IOT_SYNC_IMPORT_FLAT_DISCOUNT_PERIODS_EXTRACT_SOURCE,VOICE_MO_UPDT_IB_DISC_TYPE,71,String
FLD00000645,VFGE_IOT_SYNC_IMPORT_FLAT_DISCOUNT_PERIODS_EXTRACT_SOURCE_MO_UPDT_IB_ACT_MIN_PERC_DISC,VFGE_IOT_SYNC_IMPORT_FLAT_DISCOUNT_PERIODS_EXTRACT_SOURCE,MO_UPDT_IB_ACT_MIN_PERC_DISC,72,String
FLD00000646,VFGE_IOT_SYNC_IMPORT_FLAT_DISCOUNT_PERIODS_EXTRACT_SOURCE_MO_UPDT_OB_TG_LY,VFGE_IOT_SYNC_IMPORT_FLAT_DISCOUNT_PERIODS_EXTRACT_SOURCE,MO_UPDT_OB_TG_LY,73,String
FLD00000647,VFGE_IOT_SYNC_IMPORT_FLAT_DISCOUNT_PERIODS_EXTRACT_SOURCE_MO_UPDT_OB_MS_3RD_WITH_DEAL,VFGE_IOT_SYNC_IMPORT_FLAT_DISCOUNT_PERIODS_EXTRACT_SOURCE,MO_UPDT_OB_MS_3RD_WITH_DEAL,74,String
FLD00000648,VFGE_IOT_SYNC_IMPORT_FLAT_DISCOUNT_PERIODS_EXTRACT_SOURCE_MO_UPDT_OB_MS_3RD_WO_DEAL,VFGE_IOT_SYNC_IMPORT_FLAT_DISCOUNT_PERIODS_EXTRACT_SOURCE,MO_UPDT_OB_MS_3RD_WO_DEAL,75,String
FLD00000649,VFGE_IOT_SYNC_IMPORT_FLAT_DISCOUNT_PERIODS_EXTRACT_SOURCE_VOICE_MO_UPDT_OB_DISC_TYPE,VFGE_IOT_SYNC_IMPORT_FLAT_DISCOUNT_PERIODS_EXTRACT_SOURCE,VOICE_MO_UPDT_OB_DISC_TYPE,76,String
FLD00000650,VFGE_IOT_SYNC_IMPORT_FLAT_DISCOUNT_PERIODS_EXTRACT_SOURCE_MO_UPDT_OB_ACT_MIN_EXCL_TAXES,VFGE_IOT_SYNC_IMPORT_FLAT_DISCOUNT_PERIODS_EXTRACT_SOURCE,MO_UPDT_OB_ACT_MIN_EXCL_TAXES,77,String
FLD00000651,VFGE_IOT_SYNC_IMPORT_FLAT_DISCOUNT_PERIODS_EXTRACT_SOURCE_MO_UPDT_OB_ACT_MIN_INCL_TAXES,VFGE_IOT_SYNC_IMPORT_FLAT_DISCOUNT_PERIODS_EXTRACT_SOURCE,MO_UPDT_OB_ACT_MIN_INCL_TAXES,78,String
FLD00000652,VFGE_IOT_SYNC_IMPORT_FLAT_DISCOUNT_PERIODS_EXTRACT_SOURCE_MT_UPDT_IB_TR_VS_MO_IB,VFGE_IOT_SYNC_IMPORT_FLAT_DISCOUNT_PERIODS_EXTRACT_SOURCE,MT_UPDT_IB_TR_VS_MO_IB,79,String
FLD00000653,VFGE_IOT_SYNC_IMPORT_FLAT_DISCOUNT_PERIODS_EXTRACT_SOURCE_VOICE_MT_UPDT_IB_DISC_TYPE,VFGE_IOT_SYNC_IMPORT_FLAT_DISCOUNT_PERIODS_EXTRACT_SOURCE,VOICE_MT_UPDT_IB_DISC_TYPE,80,String
FLD00000654,VFGE_IOT_SYNC_IMPORT_FLAT_DISCOUNT_PERIODS_EXTRACT_SOURCE_MT_UPDT_IB_ACT_MIN_PERC_DISC,VFGE_IOT_SYNC_IMPORT_FLAT_DISCOUNT_PERIODS_EXTRACT_SOURCE,MT_UPDT_IB_ACT_MIN_PERC_DISC,81,String
FLD00000655,VFGE_IOT_SYNC_IMPORT_FLAT_DISCOUNT_PERIODS_EXTRACT_SOURCE_MT_UPDT_OB_TR_VS_MO_OB,VFGE_IOT_SYNC_IMPORT_FLAT_DISCOUNT_PERIODS_EXTRACT_SOURCE,MT_UPDT_OB_TR_VS_MO_OB,82,String
FLD00000656,VFGE_IOT_SYNC_IMPORT_FLAT_DISCOUNT_PERIODS_EXTRACT_SOURCE_VOICE_MT_UPDT_OB_DISC_TYPE,VFGE_IOT_SYNC_IMPORT_FLAT_DISCOUNT_PERIODS_EXTRACT_SOURCE,VOICE_MT_UPDT_OB_DISC_TYPE,83,String
FLD00000657,VFGE_IOT_SYNC_IMPORT_FLAT_DISCOUNT_PERIODS_EXTRACT_SOURCE_MT_UPDT_OB_ACT_MIN_EXCL_TAXES,VFGE_IOT_SYNC_IMPORT_FLAT_DISCOUNT_PERIODS_EXTRACT_SOURCE,MT_UPDT_OB_ACT_MIN_EXCL_TAXES,84,String
FLD00000658,VFGE_IOT_SYNC_IMPORT_FLAT_DISCOUNT_PERIODS_EXTRACT_SOURCE_MT_UPDT_OB_ACT_MIN_INCL_TAXES,VFGE_IOT_SYNC_IMPORT_FLAT_DISCOUNT_PERIODS_EXTRACT_SOURCE,MT_UPDT_OB_ACT_MIN_INCL_TAXES,85,String
FLD00000659,VFGE_IOT_SYNC_IMPORT_FLAT_DISCOUNT_PERIODS_EXTRACT_SOURCE_SMS_UPDT_TR_VS_MO_IB,VFGE_IOT_SYNC_IMPORT_FLAT_DISCOUNT_PERIODS_EXTRACT_SOURCE,SMS_UPDT_TR_VS_MO_IB,86,String
FLD00000660,VFGE_IOT_SYNC_IMPORT_FLAT_DISCOUNT_PERIODS_EXTRACT_SOURCE_SMS_UPDT_IB_DISC_TYPE,VFGE_IOT_SYNC_IMPORT_FLAT_DISCOUNT_PERIODS_EXTRACT_SOURCE,SMS_UPDT_IB_DISC_TYPE,87,String
FLD00000661,VFGE_IOT_SYNC_IMPORT_FLAT_DISCOUNT_PERIODS_EXTRACT_SOURCE_SMS_UPDT_IB_SMS_PERC_DISC,VFGE_IOT_SYNC_IMPORT_FLAT_DISCOUNT_PERIODS_EXTRACT_SOURCE,SMS_UPDT_IB_SMS_PERC_DISC,88,String
FLD00000662,VFGE_IOT_SYNC_IMPORT_FLAT_DISCOUNT_PERIODS_EXTRACT_SOURCE_SMS_UPDT_OB_TR_VS_MO_OB,VFGE_IOT_SYNC_IMPORT_FLAT_DISCOUNT_PERIODS_EXTRACT_SOURCE,SMS_UPDT_OB_TR_VS_MO_OB,89,String
FLD00000663,VFGE_IOT_SYNC_IMPORT_FLAT_DISCOUNT_PERIODS_EXTRACT_SOURCE_SMS_UPDT_OB_DISC_TYPE,VFGE_IOT_SYNC_IMPORT_FLAT_DISCOUNT_PERIODS_EXTRACT_SOURCE,SMS_UPDT_OB_DISC_TYPE,90,String
FLD00000664,VFGE_IOT_SYNC_IMPORT_FLAT_DISCOUNT_PERIODS_EXTRACT_SOURCE_SMS_UPDT_OB_SMS_EXCL_TAXES,VFGE_IOT_SYNC_IMPORT_FLAT_DISCOUNT_PERIODS_EXTRACT_SOURCE,SMS_UPDT_OB_SMS_EXCL_TAXES,91,String
FLD00000665,VFGE_IOT_SYNC_IMPORT_FLAT_DISCOUNT_PERIODS_EXTRACT_SOURCE_SMS_UPDT_OB_SMS_INCL_TAXES,VFGE_IOT_SYNC_IMPORT_FLAT_DISCOUNT_PERIODS_EXTRACT_SOURCE,SMS_UPDT_OB_SMS_INCL_TAXES,92,String
FLD00000666,VFGE_IOT_SYNC_IMPORT_FLAT_DISCOUNT_PERIODS_EXTRACT_SOURCE_DATA_UPDT_IB_TR_VS_MO_IB,VFGE_IOT_SYNC_IMPORT_FLAT_DISCOUNT_PERIODS_EXTRACT_SOURCE,DATA_UPDT_IB_TR_VS_MO_IB,93,String
FLD00000667,VFGE_IOT_SYNC_IMPORT_FLAT_DISCOUNT_PERIODS_EXTRACT_SOURCE_DATA_UPDT_IB_DISC_TYPE,VFGE_IOT_SYNC_IMPORT_FLAT_DISCOUNT_PERIODS_EXTRACT_SOURCE,DATA_UPDT_IB_DISC_TYPE,94,String
FLD00000668,VFGE_IOT_SYNC_IMPORT_FLAT_DISCOUNT_PERIODS_EXTRACT_SOURCE_DATA_UPDT_IB_MB_PERC_DISC,VFGE_IOT_SYNC_IMPORT_FLAT_DISCOUNT_PERIODS_EXTRACT_SOURCE,DATA_UPDT_IB_MB_PERC_DISC,95,String
FLD00000669,VFGE_IOT_SYNC_IMPORT_FLAT_DISCOUNT_PERIODS_EXTRACT_SOURCE_DATA_UPDT_OB_TR_VS_MO_OB,VFGE_IOT_SYNC_IMPORT_FLAT_DISCOUNT_PERIODS_EXTRACT_SOURCE,DATA_UPDT_OB_TR_VS_MO_OB,96,String
FLD00000670,VFGE_IOT_SYNC_IMPORT_FLAT_DISCOUNT_PERIODS_EXTRACT_SOURCE_DATA_UPDT_OB_DISC_TYPE,VFGE_IOT_SYNC_IMPORT_FLAT_DISCOUNT_PERIODS_EXTRACT_SOURCE,DATA_UPDT_OB_DISC_TYPE,97,String
FLD00000671,VFGE_IOT_SYNC_IMPORT_FLAT_DISCOUNT_PERIODS_EXTRACT_SOURCE_DATA_UPDT_OB_MB_EXCL_TAXES,VFGE_IOT_SYNC_IMPORT_FLAT_DISCOUNT_PERIODS_EXTRACT_SOURCE,DATA_UPDT_OB_MB_EXCL_TAXES,98,String
FLD00000672,VFGE_IOT_SYNC_IMPORT_FLAT_DISCOUNT_PERIODS_EXTRACT_SOURCE_DATA_UPDT_OB_MB_INCL_TAXES,VFGE_IOT_SYNC_IMPORT_FLAT_DISCOUNT_PERIODS_EXTRACT_SOURCE,DATA_UPDT_OB_MB_INCL_TAXES,99,String
FLD00000673,VFGE_IOT_SYNC_IMPORT_FLAT_DISCOUNT_PERIODS_EXTRACT_SOURCE_MO_IB_ACT_MIN_DISC_VAR,VFGE_IOT_SYNC_IMPORT_FLAT_DISCOUNT_PERIODS_EXTRACT_SOURCE,MO_IB_ACT_MIN_DISC_VAR,100,String
FLD00000674,VFGE_IOT_SYNC_IMPORT_FLAT_DISCOUNT_PERIODS_EXTRACT_SOURCE_MT_IB_ACT_MIN_DISC_VAR,VFGE_IOT_SYNC_IMPORT_FLAT_DISCOUNT_PERIODS_EXTRACT_SOURCE,MT_IB_ACT_MIN_DISC_VAR,101,String
FLD00000675,VFGE_IOT_SYNC_IMPORT_FLAT_DISCOUNT_PERIODS_EXTRACT_SOURCE_SMS_IB_DISC_VAR,VFGE_IOT_SYNC_IMPORT_FLAT_DISCOUNT_PERIODS_EXTRACT_SOURCE,SMS_IB_DISC_VAR,102,String
FLD00000676,VFGE_IOT_SYNC_IMPORT_FLAT_DISCOUNT_PERIODS_EXTRACT_SOURCE_DATA_IB_DISC_VAR,VFGE_IOT_SYNC_IMPORT_FLAT_DISCOUNT_PERIODS_EXTRACT_SOURCE,DATA_IB_DISC_VAR,103,String
FLD00000677,VFGE_IOT_SYNC_IMPORT_FLAT_DISCOUNT_PERIODS_EXTRACT_SOURCE_MO_OB_ACT_MIN_DISC_VAR,VFGE_IOT_SYNC_IMPORT_FLAT_DISCOUNT_PERIODS_EXTRACT_SOURCE,MO_OB_ACT_MIN_DISC_VAR,104,String
FLD00000678,VFGE_IOT_SYNC_IMPORT_FLAT_DISCOUNT_PERIODS_EXTRACT_SOURCE_MT_OB_ACT_MIN_DISC_VAR,VFGE_IOT_SYNC_IMPORT_FLAT_DISCOUNT_PERIODS_EXTRACT_SOURCE,MT_OB_ACT_MIN_DISC_VAR,105,String
FLD00000679,VFGE_IOT_SYNC_IMPORT_FLAT_DISCOUNT_PERIODS_EXTRACT_SOURCE_SMS_OB_DISC_VAR,VFGE_IOT_SYNC_IMPORT_FLAT_DISCOUNT_PERIODS_EXTRACT_SOURCE,SMS_OB_DISC_VAR,106,String
FLD00000680,VFGE_IOT_SYNC_IMPORT_FLAT_DISCOUNT_PERIODS_EXTRACT_SOURCE_DATA_OB_DISC_VAR,VFGE_IOT_SYNC_IMPORT_FLAT_DISCOUNT_PERIODS_EXTRACT_SOURCE,DATA_OB_DISC_VAR,107,String
FLD00000681,VFGE_IOT_SYNC_IMPORT_FLAT_DISCOUNT_PERIODS_EXTRACT_SOURCE_IB_DISC_ON_TAP,VFGE_IOT_SYNC_IMPORT_FLAT_DISCOUNT_PERIODS_EXTRACT_SOURCE,IB_DISC_ON_TAP,108,String
FLD00000682,VFGE_IOT_SYNC_IMPORT_FLAT_DISCOUNT_PERIODS_EXTRACT_SOURCE_DISC_CALCULATION,VFGE_IOT_SYNC_IMPORT_FLAT_DISCOUNT_PERIODS_EXTRACT_SOURCE,DISC_CALCULATION,109,String
FLD00000683,VFGE_IOT_SYNC_IMPORT_FLAT_DISCOUNT_PERIODS_EXTRACT_SOURCE_DISC_DOCUMENTATION,VFGE_IOT_SYNC_IMPORT_FLAT_DISCOUNT_PERIODS_EXTRACT_SOURCE,DISC_DOCUMENTATION,110,String
FLD00000684,VFGE_IOT_SYNC_IMPORT_FLAT_DISCOUNT_PERIODS_EXTRACT_SOURCE_FRAUD_ADJUSTMENT_INCL,VFGE_IOT_SYNC_IMPORT_FLAT_DISCOUNT_PERIODS_EXTRACT_SOURCE,FRAUD_ADJUSTMENT_INCL,111,String
FLD00000685,VFGE_IOT_SYNC_IMPORT_FLAT_DISCOUNT_PERIODS_EXTRACT_SOURCE_OB_DISC_ON_TAP,VFGE_IOT_SYNC_IMPORT_FLAT_DISCOUNT_PERIODS_EXTRACT_SOURCE,OB_DISC_ON_TAP,112,String
FLD00000686,VFGE_IOT_SYNC_IMPORT_FLAT_DISCOUNT_PERIODS_EXTRACT_SOURCE_DISC_PERIOD_LENGTH,VFGE_IOT_SYNC_IMPORT_FLAT_DISCOUNT_PERIODS_EXTRACT_SOURCE,DISC_PERIOD_LENGTH,113,String
FLD00000687,VFGE_IOT_SYNC_IMPORT_FLAT_DISCOUNT_PERIODS_EXTRACT_SOURCE_PLAN_SETTLEMENT_START_DT,VFGE_IOT_SYNC_IMPORT_FLAT_DISCOUNT_PERIODS_EXTRACT_SOURCE,PLAN_SETTLEMENT_START_DT,114,String
FLD00000688,VFGE_IOT_SYNC_IMPORT_FLAT_DISCOUNT_PERIODS_EXTRACT_SOURCE_PLAN_SETTLEMENT_END_DT,VFGE_IOT_SYNC_IMPORT_FLAT_DISCOUNT_PERIODS_EXTRACT_SOURCE,PLAN_SETTLEMENT_END_DT,115,String
FLD00000689,VFGE_IOT_SYNC_IMPORT_FLAT_DISCOUNT_PERIODS_EXTRACT_SOURCE_SETTLEMENT_STATUS,VFGE_IOT_SYNC_IMPORT_FLAT_DISCOUNT_PERIODS_EXTRACT_SOURCE,SETTLEMENT_STATUS,116,String
FLD00000690,VFGE_IOT_SYNC_IMPORT_FLAT_DISCOUNT_PERIODS_EXTRACT_SOURCE_ACTUAL_SETTLEMENT_START_DT,VFGE_IOT_SYNC_IMPORT_FLAT_DISCOUNT_PERIODS_EXTRACT_SOURCE,ACTUAL_SETTLEMENT_START_DT,117,String
FLD00000691,VFGE_IOT_SYNC_IMPORT_FLAT_DISCOUNT_PERIODS_EXTRACT_SOURCE_ACTUAL_SETTLEMENT_END_DT,VFGE_IOT_SYNC_IMPORT_FLAT_DISCOUNT_PERIODS_EXTRACT_SOURCE,ACTUAL_SETTLEMENT_END_DT,118,String
FLD00000692,VFGE_IOT_SYNC_IMPORT_FLAT_DISCOUNT_PERIODS_EXTRACT_SOURCE_EXPT_DISC_PAYABLE,VFGE_IOT_SYNC_IMPORT_FLAT_DISCOUNT_PERIODS_EXTRACT_SOURCE,EXPT_DISC_PAYABLE,119,String
FLD00000693,VFGE_IOT_SYNC_IMPORT_FLAT_DISCOUNT_PERIODS_EXTRACT_SOURCE_EXPT_DISC_PAYABLE_CURR,VFGE_IOT_SYNC_IMPORT_FLAT_DISCOUNT_PERIODS_EXTRACT_SOURCE,EXPT_DISC_PAYABLE_CURR,120,String
FLD00000694,VFGE_IOT_SYNC_IMPORT_FLAT_DISCOUNT_PERIODS_EXTRACT_SOURCE_EXPT_DISC_RECEIVABLE,VFGE_IOT_SYNC_IMPORT_FLAT_DISCOUNT_PERIODS_EXTRACT_SOURCE,EXPT_DISC_RECEIVABLE,121,String
FLD00000695,VFGE_IOT_SYNC_IMPORT_FLAT_DISCOUNT_PERIODS_EXTRACT_SOURCE_EXPT_DISC_RECEIVABLE_CURR,VFGE_IOT_SYNC_IMPORT_FLAT_DISCOUNT_PERIODS_EXTRACT_SOURCE,EXPT_DISC_RECEIVABLE_CURR,122,String
FLD00000696,VFGE_IOT_SYNC_IMPORT_FLAT_DISCOUNT_PERIODS_EXTRACT_SOURCE_ACTUAL_DISC_PAYABLE,VFGE_IOT_SYNC_IMPORT_FLAT_DISCOUNT_PERIODS_EXTRACT_SOURCE,ACTUAL_DISC_PAYABLE,123,String
FLD00000697,VFGE_IOT_SYNC_IMPORT_FLAT_DISCOUNT_PERIODS_EXTRACT_SOURCE_ACTUAL_DISC_PAYABLE_CURR,VFGE_IOT_SYNC_IMPORT_FLAT_DISCOUNT_PERIODS_EXTRACT_SOURCE,ACTUAL_DISC_PAYABLE_CURR,124,String
FLD00000698,VFGE_IOT_SYNC_IMPORT_FLAT_DISCOUNT_PERIODS_EXTRACT_SOURCE_ACTUAL_DISC_RECEIVABLE,VFGE_IOT_SYNC_IMPORT_FLAT_DISCOUNT_PERIODS_EXTRACT_SOURCE,ACTUAL_DISC_RECEIVABLE,125,String
FLD00000699,VFGE_IOT_SYNC_IMPORT_FLAT_DISCOUNT_PERIODS_EXTRACT_SOURCE_ACTUAL_DISC_RECEIVABLE_CURR,VFGE_IOT_SYNC_IMPORT_FLAT_DISCOUNT_PERIODS_EXTRACT_SOURCE,ACTUAL_DISC_RECEIVABLE_CURR,126,String
FLD00000700,VFGE_IOT_SYNC_IMPORT_FLAT_DISCOUNT_PERIODS_EXTRACT_SOURCE_DAYS_REM_ON_DISC_PERIOD,VFGE_IOT_SYNC_IMPORT_FLAT_DISCOUNT_PERIODS_EXTRACT_SOURCE,DAYS_REM_ON_DISC_PERIOD,127,String
FLD00000701,VFGE_IOT_SYNC_IMPORT_FLAT_DISCOUNT_PERIODS_EXTRACT_SOURCE_LAST_UPDATED_DATE,VFGE_IOT_SYNC_IMPORT_FLAT_DISCOUNT_PERIODS_EXTRACT_SOURCE,LAST_UPDATED_DATE,128,String
FLD00000702,VFGE_IOT_SYNC_IMPORT_FLAT_DISCOUNT_PERIODS_LOAD_TARGET_PERIOD_INDEX,VFGE_IOT_SYNC_IMPORT_FLAT_DISCOUNT_PERIODS_LOAD_TARGET,PERIOD_INDEX,1,String
FLD00000703,VFGE_IOT_SYNC_IMPORT_FLAT_DISCOUNT_PERIODS_LOAD_TARGET_DEAL_INDEX,VFGE_IOT_SYNC_IMPORT_FLAT_DISCOUNT_PERIODS_LOAD_TARGET,DEAL_INDEX,2,String
FLD00000704,VFGE_IOT_SYNC_IMPORT_FLAT_DISCOUNT_PERIODS_LOAD_TARGET_DEAL_NAME,VFGE_IOT_SYNC_IMPORT_FLAT_DISCOUNT_PERIODS_LOAD_TARGET,DEAL_NAME,3,String
FLD00000705,VFGE_IOT_SYNC_IMPORT_FLAT_DISCOUNT_PERIODS_LOAD_TARGET_ACTIVE,VFGE_IOT_SYNC_IMPORT_FLAT_DISCOUNT_PERIODS_LOAD_TARGET,ACTIVE,4,String
FLD00000706,VFGE_IOT_SYNC_IMPORT_FLAT_DISCOUNT_PERIODS_LOAD_TARGET_PERIOD_FROM,VFGE_IOT_SYNC_IMPORT_FLAT_DISCOUNT_PERIODS_LOAD_TARGET,PERIOD_FROM,5,Date
FLD00000707,VFGE_IOT_SYNC_IMPORT_FLAT_DISCOUNT_PERIODS_LOAD_TARGET_PERIOD_TO,VFGE_IOT_SYNC_IMPORT_FLAT_DISCOUNT_PERIODS_LOAD_TARGET,PERIOD_TO,6,Date
FLD00000708,VFGE_IOT_SYNC_IMPORT_FLAT_DISCOUNT_PERIODS_LOAD_TARGET_LAST_UPDATED_DATE,VFGE_IOT_SYNC_IMPORT_FLAT_DISCOUNT_PERIODS_LOAD_TARGET,LAST_UPDATED_DATE,7,Date
FLD00000709,VFGE_IOT_SYNC_IMPORT_FLAT_DISCOUNT_PERIODS_LOAD_TARGET_ID,VFGE_IOT_SYNC_IMPORT_FLAT_DISCOUNT_PERIODS_LOAD_TARGET,ID,8,String
FLD00000710,VFGE_OT_SYNC_IMPORT_FLAT_VF_OPCO_EXTRACT_SOURCE_DEAL_INDEX,VFGE_OT_SYNC_IMPORT_FLAT_VF_OPCO_EXTRACT_SOURCE,DEAL_INDEX,1,String
FLD00000711,VFGE_OT_SYNC_IMPORT_FLAT_VF_OPCO_EXTRACT_SOURCE_PERIOD_INDEX,VFGE_OT_SYNC_IMPORT_FLAT_VF_OPCO_EXTRACT_SOURCE,PERIOD_INDEX,2,String
FLD00000712,VFGE_OT_SYNC_IMPORT_FLAT_VF_OPCO_EXTRACT_SOURCE_TADIG,VFGE_OT_SYNC_IMPORT_FLAT_VF_OPCO_EXTRACT_SOURCE,TADIG,3,String
FLD00000713,VFGE_OT_SYNC_IMPORT_FLAT_VF_OPCO_EXTRACT_SOURCE_TARGET,VFGE_OT_SYNC_IMPORT_FLAT_VF_OPCO_EXTRACT_SOURCE,TARGET,4,String
FLD00000714,VFGE_OT_SYNC_IMPORT_FLAT_VF_OPCO_EXTRACT_SOURCE_TARGET_START,VFGE_OT_SYNC_IMPORT_FLAT_VF_OPCO_EXTRACT_SOURCE,TARGET_START,5,String
FLD00000715,VFGE_OT_SYNC_IMPORT_FLAT_VF_OPCO_EXTRACT_SOURCE_TARGET_FINISH,VFGE_OT_SYNC_IMPORT_FLAT_VF_OPCO_EXTRACT_SOURCE,TARGET_FINISH,6,String
FLD00000716,VFGE_OT_SYNC_IMPORT_FLAT_VF_OPCO_EXTRACT_SOURCE_LAST_UPDATED_DATE,VFGE_OT_SYNC_IMPORT_FLAT_VF_OPCO_EXTRACT_SOURCE,LAST_UPDATED_DATE,7,String
FLD00000717,VFGE_OT_SYNC_IMPORT_FLAT_VF_OPCO_LOAD_TARGET_DEAL_INDEX,VFGE_OT_SYNC_IMPORT_FLAT_VF_OPCO_LOAD_TARGET,DEAL_INDEX,1,String
FLD00000718,VFGE_OT_SYNC_IMPORT_FLAT_VF_OPCO_LOAD_TARGET_PERIOD_INDEX,VFGE_OT_SYNC_IMPORT_FLAT_VF_OPCO_LOAD_TARGET,PERIOD_INDEX,2,String
FLD00000719,VFGE_OT_SYNC_IMPORT_FLAT_VF_OPCO_LOAD_TARGET_TADIG,VFGE_OT_SYNC_IMPORT_FLAT_VF_OPCO_LOAD_TARGET,TADIG,3,String
FLD00000720,VFGE_OT_SYNC_IMPORT_FLAT_VF_OPCO_LOAD_TARGET_LAST_UPDATED_DATE,VFGE_OT_SYNC_IMPORT_FLAT_VF_OPCO_LOAD_TARGET,LAST_UPDATED_DATE,4,Date
FLD00000721,VFGE_OT_SYNC_IMPORT_FLAT_VF_OPCO_LOAD_TARGET_IS_PARTICIPANT,VFGE_OT_SYNC_IMPORT_FLAT_VF_OPCO_LOAD_TARGET,IS_PARTICIPANT,5,Integer
FLD00000722,VFGE_OT_SYNC_IMPORT_FLAT_VF_OPCO_LOAD_TARGET_ID,VFGE_OT_SYNC_IMPORT_FLAT_VF_OPCO_LOAD_TARGET,ID,6,String
FLD00000723,VFGE_IOT_SYNC_IMPORT_FLAT_3RD_PARTY_EXTRACT_SOURCE_DEAL_INDEX,VFGE_IOT_SYNC_IMPORT_FLAT_3RD_PARTY_EXTRACT_SOURCE,DEAL_INDEX,1,String
FLD00000724,VFGE_IOT_SYNC_IMPORT_FLAT_3RD_PARTY_EXTRACT_SOURCE_PERIOD_INDEX,VFGE_IOT_SYNC_IMPORT_FLAT_3RD_PARTY_EXTRACT_SOURCE,PERIOD_INDEX,2,String
FLD00000725,VFGE_IOT_SYNC_IMPORT_FLAT_3RD_PARTY_EXTRACT_SOURCE_TADIG,VFGE_IOT_SYNC_IMPORT_FLAT_3RD_PARTY_EXTRACT_SOURCE,TADIG,3,String
FLD00000726,VFGE_IOT_SYNC_IMPORT_FLAT_3RD_PARTY_EXTRACT_SOURCE_TARGET,VFGE_IOT_SYNC_IMPORT_FLAT_3RD_PARTY_EXTRACT_SOURCE,TARGET,4,String
FLD00000727,VFGE_IOT_SYNC_IMPORT_FLAT_3RD_PARTY_EXTRACT_SOURCE_TARGET_START,VFGE_IOT_SYNC_IMPORT_FLAT_3RD_PARTY_EXTRACT_SOURCE,TARGET_START,5,String
FLD00000728,VFGE_IOT_SYNC_IMPORT_FLAT_3RD_PARTY_EXTRACT_SOURCE_TARGET_FINISH,VFGE_IOT_SYNC_IMPORT_FLAT_3RD_PARTY_EXTRACT_SOURCE,TARGET_FINISH,6,String
FLD00000729,VFGE_IOT_SYNC_IMPORT_FLAT_3RD_PARTY_EXTRACT_SOURCE_TARGET_LAST_UPDATED_DATE,VFGE_IOT_SYNC_IMPORT_FLAT_3RD_PARTY_EXTRACT_SOURCE,LAST_UPDATED_DATE,7,String
FLD00000730,VFGE_IOT_SYNC_IMPORT_FLAT_3RD_PARTY_LOAD_TARGET_DEAL_INDEX,VFGE_IOT_SYNC_IMPORT_FLAT_3RD_PARTY_LOAD_TARGET,DEAL_INDEX,1,String
FLD00000731,VFGE_IOT_SYNC_IMPORT_FLAT_3RD_PARTY_LOAD_TARGET_PERIOD_INDEX,VFGE_IOT_SYNC_IMPORT_FLAT_3RD_PARTY_LOAD_TARGET,PERIOD_INDEX,2,String
FLD00000732,VFGE_IOT_SYNC_IMPORT_FLAT_3RD_PARTY_LOAD_TARGET_TADIG,VFGE_IOT_SYNC_IMPORT_FLAT_3RD_PARTY_LOAD_TARGET,TADIG,3,String
FLD00000733,VFGE_IOT_SYNC_IMPORT_FLAT_3RD_PARTY_LOAD_TARGET_LAST_UPDATED_DATE,VFGE_IOT_SYNC_IMPORT_FLAT_3RD_PARTY_LOAD_TARGET,LAST_UPDATED_DATE,4,Date
FLD00000734,VFGE_IOT_SYNC_IMPORT_FLAT_3RD_PARTY_LOAD_TARGET_IS_PARTICIPANT,VFGE_IOT_SYNC_IMPORT_FLAT_3RD_PARTY_LOAD_TARGET,IS_PARTICIPANT,5,Integer
FLD00000735,VFGE_IOT_SYNC_IMPORT_FLAT_3RD_PARTY_LOAD_TARGET_ID,VFGE_IOT_SYNC_IMPORT_FLAT_3RD_PARTY_LOAD_TARGET,ID,6,Integer
FLD00000736,VFGE_IOT_SYNC_HISTORY_UPLOADING_DATA_LOAD_SOURCE_ID,VFGE_IOT_SYNC_HISTORY_UPLOADING_DATA_LOAD_SOURCE,Id,1,String
FLD00000737,VFGE_IOT_SYNC_HISTORY_UPLOADING_DATA_LOAD_SOURCE_ERROR_MESSAGE,VFGE_IOT_SYNC_HISTORY_UPLOADING_DATA_LOAD_SOURCE,Error Message,2,String
FLD00000738,VFGE_IOT_SYNC_HISTORY_UPLOADING_DATA_LOAD_SOURCE_DATA_UPLOADED_TO_SFDC,VFGE_IOT_SYNC_HISTORY_UPLOADING_DATA_LOAD_SOURCE,Data Uploaded to SFDC,3,String
FLD00000739,VFGE_IOT_SYNC_HISTORY_UPLOADING_DATA_LOAD_SOURCE_END_UPLOAD_DATA_DATE,VFGE_IOT_SYNC_HISTORY_UPLOADING_DATA_LOAD_SOURCE,End Upload Data Date,5,String
FLD00000740,VFGE_IOT_SYNC_HISTORY_UPLOADING_DATA_LOAD_TARGET_ID,VFGE_IOT_SYNC_HISTORY_UPLOADING_DATA_LOAD_TARGET,Id,1,String
FLD00000741,VFGE_IOT_SYNC_HISTORY_UPLOADING_DATA_LOAD_TARGET_STATUS__C,VFGE_IOT_SYNC_HISTORY_UPLOADING_DATA_LOAD_TARGET,Status__c,2,String
FLD00000742,VFGE_IOT_SYNC_HISTORY_UPLOADING_DATA_LOAD_TARGET_ERROR_MESSAGE__C,VFGE_IOT_SYNC_HISTORY_UPLOADING_DATA_LOAD_TARGET,Error_Message__c,3,String
FLD00000743,VFGE_IOT_SYNC_HISTORY_UPLOADING_DATA_LOAD_SOURCE_CSV_FILES_IMPORTED__C,VFGE_IOT_SYNC_HISTORY_UPLOADING_DATA_LOAD_TARGET,CSV_Files_Imported__c,4,Boolean
FLD00000744,VFGE_IOT_SYNC_HISTORY_UPLOADING_DATA_LOAD_SOURCE_IMPORTED_CSVS_DATE__C,VFGE_IOT_SYNC_HISTORY_UPLOADING_DATA_LOAD_TARGET,Imported_CSVs_Date__c,5,Date
FLD00000745,VFGE_IOT_SYNC_HISTORY_UPLOADING_DATA_LOAD_TARGET_END_PROCESS_DATE__C,VFGE_IOT_SYNC_HISTORY_UPLOADING_DATA_LOAD_TARGET,End_Process_Date__c,6,Date
FLD00000746,VFGE_IOT_SYNC_3RD_PARTY_DELETE_EXTRACT_SOURCE_ID,VFGE_IOT_SYNC_3RD_PARTY_DELETE_EXTRACT_SOURCE,Id,1,String
FLD00000747,VFGE_IOT_SYNC_3RD_PARTY_DELETE_LOAD_TARGET_ID,VFGE_IOT_SYNC_3RD_PARTY_DELETE_LOAD_TARGET,Id,1,String
FLD00000748,VFGE_IOT_SYNC_VF_OPCO_DELETE_EXTRACT_SOURCE_ID,VFGE_IOT_SYNC_VF_OPCO_DELETE_EXTRACT_SOURCE,Id,1,String
FLD00000749,VFGE_IOT_SYNC_VF_OPCO_DELETE_LOAD_TARGET_ID,VFGE_IOT_SYNC_VF_OPCO_DELETE_LOAD_TARGET,Id,1,String
FLD00000750,VFGE_IOT_SYNC_PERIOD_DELETE_EXTRACT_SOURCE_ID,VFGE_IOT_SYNC_PERIOD_DELETE_EXTRACT_SOURCE,Id,1,String
FLD00000751,VFGE_IOT_SYNC_PERIOD_DELETE_LOAD_TARGET_ID,VFGE_IOT_SYNC_PERIOD_DELETE_LOAD_TARGET,Id,1,String
FLD00000752,VFGE_IOT_SYNC_DEAL_DELETE_EXTRACT_SOURCE_ID,VFGE_IOT_SYNC_DEAL_DELETE_EXTRACT_SOURCE,Id,1,String
FLD00000753,VFGE_IOT_SYNC_DEAL_DELETE_LOAD_TARGET_ID,VFGE_IOT_SYNC_DEAL_DELETE_LOAD_TARGET,Id,1,String
FLD00000754,VFGE_GLL_REPORT_EXTRACT_SOURCE_ACTIVE_CONTRACT_AGREEMENT_TO_DELIVER__C,VFGE_GLL_REPORT_EXTRACT_SOURCE,Active_Contract_Agreement_to_Deliver__c,1,String
FLD00000755,VFGE_GLL_REPORT_EXTRACT_SOURCE_DCH__R_TADIG_CODE__C,VFGE_GLL_REPORT_EXTRACT_SOURCE,DCH__r.TADIG_Code__c,2,String
FLD00000756,VFGE_GLL_REPORT_EXTRACT_SOURCE_EFFECTIVE_CONTRACT_TYPE__C,VFGE_GLL_REPORT_EXTRACT_SOURCE,Effective_Contract_Type__c,3,String
FLD00000757,VFGE_GLL_REPORT_EXTRACT_SOURCE_FCH_INVOICE_CREATION__R_TADIG_CODE__C,VFGE_GLL_REPORT_EXTRACT_SOURCE,FCH_Invoice_Creation__r.TADIG_Code__c,4,String
FLD00000758,VFGE_GLL_REPORT_EXTRACT_SOURCE_FCH_RECONCILIATION__R_TADIG_CODE__C,VFGE_GLL_REPORT_EXTRACT_SOURCE,FCH_Reconciliation__r.TADIG_Code__c,5,String
FLD00000759,VFGE_GLL_REPORT_EXTRACT_SOURCE_FCH_SETTLEMENT__R_TADIG_CODE__C,VFGE_GLL_REPORT_EXTRACT_SOURCE,FCH_Settlement__r.TADIG_Code__c,6,String
FLD00000760,VFGE_GLL_REPORT_EXTRACT_SOURCE_HSF_TRIGGER__C,VFGE_GLL_REPORT_EXTRACT_SOURCE,HSF_Trigger__c,7,String
FLD00000761,VFGE_GLL_REPORT_EXTRACT_SOURCE_NAME,VFGE_GLL_REPORT_EXTRACT_SOURCE,Name,8,String
FLD00000762,VFGE_GLL_REPORT_EXTRACT_SOURCE_PAY_CURRENCY__C,VFGE_GLL_REPORT_EXTRACT_SOURCE,Pay_Currency__c,9,String
FLD00000763,VFGE_GLL_REPORT_EXTRACT_SOURCE_RECEIVE_CURRENCY__C,VFGE_GLL_REPORT_EXTRACT_SOURCE,Receive_Currency__c,10,String
FLD00000764,VFGE_GLL_REPORT_EXTRACT_SOURCE_TADIG_CODE__C,VFGE_GLL_REPORT_EXTRACT_SOURCE,TADIG_Code__c,11,String
FLD00000765,VFGE_GLL_REPORT_EXTRACT_SOURCE_VRS_START_DATE__C,VFGE_GLL_REPORT_EXTRACT_SOURCE,VRS_Start_Date__c,12,Date
FLD00000766,VFGA_GLL_REPORT_LOAD_TARGET_VRSSTARTDATE,VFGA_GLL_REPORT_LOAD_TARGET,VRSSTARTDATE,1,String
FLD00000767,VFGA_GLL_REPORT_LOAD_TARGET_TADIG,VFGA_GLL_REPORT_LOAD_TARGET,TADIG,2,String
FLD00000768,VFGA_GLL_REPORT_LOAD_TARGET_OPERATORNAME,VFGA_GLL_REPORT_LOAD_TARGET,OPERATORNAME,3,String
FLD00000769,VFGA_GLL_REPORT_LOAD_TARGET_VRSPAYCURRENCY,VFGA_GLL_REPORT_LOAD_TARGET,VRSPAYCURRENCY,4,String
FLD00000770,VFGA_GLL_REPORT_LOAD_TARGET_VRSRECEIVECURRENCY,VFGA_GLL_REPORT_LOAD_TARGET,VRSRECEIVECURRENCY,5,String
FLD00000771,VFGA_GLL_REPORT_LOAD_TARGET_CONTRACTTYPE,VFGA_GLL_REPORT_LOAD_TARGET,CONTRACTTYPE,6,String
FLD00000772,VFGA_GLL_REPORT_LOAD_TARGET_DCH,VFGA_GLL_REPORT_LOAD_TARGET,DCH,7,String
FLD00000773,VFGA_GLL_REPORT_LOAD_TARGET_FCHINVOICING,VFGA_GLL_REPORT_LOAD_TARGET,FCHINVOICING,8,String
FLD00000774,VFGA_GLL_REPORT_LOAD_TARGET_FCHCLEARING,VFGA_GLL_REPORT_LOAD_TARGET,FCHCLEARING,9,String
FLD00000775,VFGA_GLL_REPORT_LOAD_TARGET_FCHSETTLEMENT,VFGA_GLL_REPORT_LOAD_TARGET,FCHSETTLEMENT,10,String
FLD00000776,VFGA_GLL_REPORT_LOAD_TARGET_RTDR,VFGA_GLL_REPORT_LOAD_TARGET,RTDR,11,String
FLD00000777,VFGA_GLL_REPORT_LOAD_TARGET_HSFTRIGGER,VFGA_GLL_REPORT_LOAD_TARGET,HSFTRIGGER,12,String
FLD00000778,VFGE_IOT_SYNC_DEAL_INSERT_EXTRACT_SOURCE_NAME,VFGE_IOT_SYNC_DEAL_INSERT_EXTRACT_SOURCE,NAME,1,String
FLD00000779,VFGE_IOT_SYNC_DEAL_INSERT_EXTRACT_SOURCE_EFFECTIVE_DATE__C,VFGE_IOT_SYNC_DEAL_INSERT_EXTRACT_SOURCE,EFFECTIVE_DATE__C,2,String
FLD00000780,VFGE_IOT_SYNC_DEAL_INSERT_EXTRACT_SOURCE_CONTRACT_CATEGORY__C,VFGE_IOT_SYNC_DEAL_INSERT_EXTRACT_SOURCE,CONTRACT_CATEGORY__C,3,String
FLD00000781,VFGE_IOT_SYNC_DEAL_INSERT_EXTRACT_SOURCE_CONTRACT_NAME__C,VFGE_IOT_SYNC_DEAL_INSERT_EXTRACT_SOURCE,CONTRACT_NAME__C,4,String
FLD00000782,VFGE_IOT_SYNC_DEAL_INSERT_EXTRACT_SOURCE_DEAL_STATUS__C,VFGE_IOT_SYNC_DEAL_INSERT_EXTRACT_SOURCE,DEAL_STATUS__C,5,String
FLD00000783,VFGE_IOT_SYNC_DEAL_INSERT_EXTRACT_SOURCE_CONTRACT_TYPE__C,VFGE_IOT_SYNC_DEAL_INSERT_EXTRACT_SOURCE,CONTRACT_TYPE__C,6,String
FLD00000784,VFGE_IOT_SYNC_DEAL_INSERT_EXTRACT_SOURCE_CURRENT_MILESTONE__C,VFGE_IOT_SYNC_DEAL_INSERT_EXTRACT_SOURCE,CURRENT_MILESTONE__C,7,String
FLD00000785,VFGE_IOT_SYNC_DEAL_INSERT_EXTRACT_SOURCE_END_DATE__C,VFGE_IOT_SYNC_DEAL_INSERT_EXTRACT_SOURCE,END_DATE__C,8,Date
FLD00000786,VFGE_IOT_SYNC_DEAL_INSERT_EXTRACT_SOURCE_INITIAL_CONTACT_COMMENTS__C,VFGE_IOT_SYNC_DEAL_INSERT_EXTRACT_SOURCE,INITIAL_CONTACT_COMMENTS__C,9,String
FLD00000787,VFGE_IOT_SYNC_DEAL_INSERT_EXTRACT_SOURCE_LAST_UPDATED_DATE,VFGE_IOT_SYNC_DEAL_INSERT_EXTRACT_SOURCE,LAST_UPDATED_DATE,10,Date
FLD00000788,VFGE_IOT_SYNC_DEAL_INSERT_EXTRACT_SOURCE_SND_PART_PARTICIPANT,VFGE_IOT_SYNC_DEAL_INSERT_EXTRACT_SOURCE,SND_PART_PARTICIPANT,11,String
FLD00000789,VFGE_IOT_SYNC_DEAL_INSERT_EXTRACT_SOURCE_PARENT_FA_SRC__C,VFGE_IOT_SYNC_DEAL_INSERT_EXTRACT_SOURCE,PARENT_FA_SRC__C,12,String
FLD00000790,VFGE_IOT_SYNC_DEAL_INSERT_EXTRACT_SOURCE_CONTRACT_TYPE_SRC__C,VFGE_IOT_SYNC_DEAL_INSERT_EXTRACT_SOURCE,CONTRACT_TYPE_SRC__C,13,String
FLD00000791,VFGE_IOT_SYNC_DEAL_INSERT_EXTRACT_SOURCE_NEGOTIATION_TEAM__C,VFGE_IOT_SYNC_DEAL_INSERT_EXTRACT_SOURCE,NEGOTIATION_TEAM__C,14,String
FLD00000792,VFGE_IOT_SYNC_DEAL_INSERT_EXTRACT_SOURCE_CONTRACT_MANAGER__C,VFGE_IOT_SYNC_DEAL_INSERT_EXTRACT_SOURCE,CONTRACT_MANAGER__C,15,String
FLD00000793,VFGE_IOT_SYNC_DEAL_INSERT_EXTRACT_SOURCE_CAS_COMMENTS__C,VFGE_IOT_SYNC_DEAL_INSERT_EXTRACT_SOURCE,CAS_COMMENTS__C,16,String
FLD00000794,VFGE_IOT_SYNC_DEAL_INSERT_EXTRACT_SOURCE_LEGAL_SRC__C,VFGE_IOT_SYNC_DEAL_INSERT_EXTRACT_SOURCE,LEGAL_SRC__C,17,String
FLD00000795,VFGE_IOT_SYNC_DEAL_INSERT_EXTRACT_SOURCE_FINANCE_SRC__C,VFGE_IOT_SYNC_DEAL_INSERT_EXTRACT_SOURCE,FINANCE_SRC__C,18,String
FLD00000796,VFGE_IOT_SYNC_DEAL_INSERT_EXTRACT_SOURCE_TAX_SRC__C,VFGE_IOT_SYNC_DEAL_INSERT_EXTRACT_SOURCE,TAX_SRC__C,19,String
FLD00000797,VFGE_IOT_SYNC_DEAL_INSERT_EXTRACT_SOURCE_CAS_DATE__C,VFGE_IOT_SYNC_DEAL_INSERT_EXTRACT_SOURCE,CAS_DATE__C,20,Date
FLD00000798,VFGE_IOT_SYNC_DEAL_INSERT_EXTRACT_SOURCE_PLANNED_NEGOT_START_DATE__C,VFGE_IOT_SYNC_DEAL_INSERT_EXTRACT_SOURCE,PLANNED_NEGOT_START_DATE__C,21,Date
FLD00000799,VFGE_IOT_SYNC_DEAL_INSERT_EXTRACT_SOURCE_PLANNED_NEGOT_END_DATE__C,VFGE_IOT_SYNC_DEAL_INSERT_EXTRACT_SOURCE,PLANNED_NEGOT_END_DATE__C,22,Date
FLD00000800,VFGE_IOT_SYNC_DEAL_INSERT_EXTRACT_SOURCE_ACTUAL_NEGOT_START_DATE__C,VFGE_IOT_SYNC_DEAL_INSERT_EXTRACT_SOURCE,ACTUAL_NEGOT_START_DATE__C,23,Date
FLD00000801,VFGE_IOT_SYNC_DEAL_INSERT_EXTRACT_SOURCE_ACTUAL_NEGOT_END_DATE__C,VFGE_IOT_SYNC_DEAL_INSERT_EXTRACT_SOURCE,ACTUAL_NEGOT_END_DATE__C,24,Date
FLD00000802,VFGE_IOT_SYNC_DEAL_INSERT_EXTRACT_SOURCE_CONTACT_PERSON_SRC,VFGE_IOT_SYNC_DEAL_INSERT_EXTRACT_SOURCE,CONTACT_PERSON_SRC,25,String
FLD00000803,VFGE_IOT_SYNC_DEAL_INSERT_EXTRACT_SOURCE_TELEFONE_NUMBER_SRC,VFGE_IOT_SYNC_DEAL_INSERT_EXTRACT_SOURCE,TELEFONE_NUMBER_SRC,26,String
FLD00000804,VFGE_IOT_SYNC_DEAL_INSERT_EXTRACT_SOURCE_EMAIL_ADDRESS_SRC,VFGE_IOT_SYNC_DEAL_INSERT_EXTRACT_SOURCE,EMAIL_ADDRESS_SRC,27,String
FLD00000805,VFGE_IOT_SYNC_DEAL_INSERT_EXTRACT_SOURCE_FRAUD_SRC__C,VFGE_IOT_SYNC_DEAL_INSERT_EXTRACT_SOURCE,FRAUD_SRC__C,28,String
FLD00000806,VFGE_IOT_SYNC_DEAL_INSERT_EXTRACT_SOURCE_AUTO_RENEW,VFGE_IOT_SYNC_DEAL_INSERT_EXTRACT_SOURCE,AUTO_RENEW,29,String
FLD00000807,VFGE_IOT_SYNC_DEAL_INSERT_EXTRACT_SOURCE_VALIDATION_STATUS,VFGE_IOT_SYNC_DEAL_INSERT_EXTRACT_SOURCE,VALIDATION_STATUS,30,String
FLD00000808,VFGE_IOT_SYNC_DEAL_INSERT_LOAD_TARGET_ACTUAL_NEGOTIATION_END_DATE__C,VFGE_IOT_SYNC_DEAL_INSERT_LOAD_TARGET,Actual_Negotiation_End_Date__c,1,Date
FLD00000809,VFGE_IOT_SYNC_DEAL_INSERT_LOAD_TARGET_ACTUAL_NEGOTIATION_START_DATE__C,VFGE_IOT_SYNC_DEAL_INSERT_LOAD_TARGET,Actual_Negotiation_Start_Date__c,2,Date
FLD00000810,VFGE_IOT_SYNC_DEAL_INSERT_LOAD_TARGET_CAS_COMMENTS__C,VFGE_IOT_SYNC_DEAL_INSERT_LOAD_TARGET,CAS_Comments__c,3,String
FLD00000811,VFGE_IOT_SYNC_DEAL_INSERT_LOAD_TARGET_CAS_DATE__C,VFGE_IOT_SYNC_DEAL_INSERT_LOAD_TARGET,CAS_Date__c,4,Date
FLD00000812,VFGE_IOT_SYNC_DEAL_INSERT_LOAD_TARGET_CONTACT_PERSON_SRC__C,VFGE_IOT_SYNC_DEAL_INSERT_LOAD_TARGET,Contact_Person_Src__c,5,String
FLD00000813,VFGE_IOT_SYNC_DEAL_INSERT_LOAD_TARGET_CONTRACT_CATEGORY__C,VFGE_IOT_SYNC_DEAL_INSERT_LOAD_TARGET,Contract_Category__c,6,String
FLD00000814,VFGE_IOT_SYNC_DEAL_INSERT_LOAD_TARGET_CONTRACT_MANAGER_SRC__C,VFGE_IOT_SYNC_DEAL_INSERT_LOAD_TARGET,Contract_Manager_Src__c,7,String
FLD00000815,VFGE_IOT_SYNC_DEAL_INSERT_LOAD_TARGET_CONTRACT_NAME__C,VFGE_IOT_SYNC_DEAL_INSERT_LOAD_TARGET,Contract_Name__c,8,String
FLD00000816,VFGE_IOT_SYNC_DEAL_INSERT_LOAD_TARGET_CONTRACT_TYPE_SRC__C,VFGE_IOT_SYNC_DEAL_INSERT_LOAD_TARGET,Contract_Type_Src__c,9,String
FLD00000817,VFGE_IOT_SYNC_DEAL_INSERT_LOAD_TARGET_CONTRACT_TYPE__C,VFGE_IOT_SYNC_DEAL_INSERT_LOAD_TARGET,Contract_Type__c,10,String
FLD00000818,VFGE_IOT_SYNC_DEAL_INSERT_LOAD_TARGET_CURRENT_MILESTONE__C,VFGE_IOT_SYNC_DEAL_INSERT_LOAD_TARGET,Current_Milestone__c,11,String
FLD00000819,VFGE_IOT_SYNC_DEAL_INSERT_LOAD_TARGET_DEAL_STATUS__C,VFGE_IOT_SYNC_DEAL_INSERT_LOAD_TARGET,Deal_Status__c,12,String
FLD00000820,VFGE_IOT_SYNC_DEAL_INSERT_LOAD_TARGET_EFFECTIVE_DATE__C,VFGE_IOT_SYNC_DEAL_INSERT_LOAD_TARGET,Effective_Date__c,13,Date
FLD00000821,VFGE_IOT_SYNC_DEAL_INSERT_LOAD_TARGET_EMAIL_ADDRESS_SRC__C,VFGE_IOT_SYNC_DEAL_INSERT_LOAD_TARGET,Email_Address_Src__c,14,String
FLD00000822,VFGE_IOT_SYNC_DEAL_INSERT_LOAD_TARGET_END_DATE__C,VFGE_IOT_SYNC_DEAL_INSERT_LOAD_TARGET,End_Date__c,15,Date
FLD00000823,VFGE_IOT_SYNC_DEAL_INSERT_LOAD_TARGET_FINANCE_SRC__C,VFGE_IOT_SYNC_DEAL_INSERT_LOAD_TARGET,Finance_Src__c,16,String
FLD00000824,VFGE_IOT_SYNC_DEAL_INSERT_LOAD_TARGET_FRAUD_SRC__C,VFGE_IOT_SYNC_DEAL_INSERT_LOAD_TARGET,Fraud_Src__c,17,String
FLD00000825,VFGE_IOT_SYNC_DEAL_INSERT_LOAD_TARGET_IOTP_VALIDATION_STATUS__C,VFGE_IOT_SYNC_DEAL_INSERT_LOAD_TARGET,IOTP_Validation_Status__c,18,String
FLD00000826,VFGE_IOT_SYNC_DEAL_INSERT_LOAD_TARGET_INITIAL_CONTACT_COMMENTS__C,VFGE_IOT_SYNC_DEAL_INSERT_LOAD_TARGET,Initial_Contact_Comments__c,19,String
FLD00000827,VFGE_IOT_SYNC_DEAL_INSERT_LOAD_TARGET_LAST_UPDATE_DATE__C,VFGE_IOT_SYNC_DEAL_INSERT_LOAD_TARGET,Last_Update_Date__c,20,Date
FLD00000828,VFGE_IOT_SYNC_DEAL_INSERT_LOAD_TARGET_LEGAL_SRC__C,VFGE_IOT_SYNC_DEAL_INSERT_LOAD_TARGET,Legal_Src__c,21,String
FLD00000829,VFGE_IOT_SYNC_DEAL_INSERT_LOAD_TARGET_NEGOTIATION_TEAM_SRC__C,VFGE_IOT_SYNC_DEAL_INSERT_LOAD_TARGET,Negotiation_Team_Src__c,22,String
FLD00000830,VFGE_IOT_SYNC_DEAL_INSERT_LOAD_TARGET_PARENT_FA_SRC__C,VFGE_IOT_SYNC_DEAL_INSERT_LOAD_TARGET,Parent_FA_Src__c,23,String
FLD00000831,VFGE_IOT_SYNC_DEAL_INSERT_LOAD_TARGET_PLANNED_NEGOTIATION_START_DATE__C,VFGE_IOT_SYNC_DEAL_INSERT_LOAD_TARGET,Planned_Negotiation_Start_Date__c,25,Date
FLD00000832,VFGE_IOT_SYNC_DEAL_INSERT_LOAD_TARGET_PLANNED_NEGOTIATION_END_DATE__C,VFGE_IOT_SYNC_DEAL_INSERT_LOAD_TARGET,Planned_Negotiation_End_Date__c,24,Date
FLD00000833,VFGE_IOT_SYNC_DEAL_INSERT_LOAD_TARGET_SECOND_CONTRACT_PARTY_TADIG__C,VFGE_IOT_SYNC_DEAL_INSERT_LOAD_TARGET,Second_Contract_Party_TADIG__c,26,String
FLD00000834,VFGE_IOT_SYNC_DEAL_INSERT_LOAD_TARGET_TAX_SRC__C,VFGE_IOT_SYNC_DEAL_INSERT_LOAD_TARGET,Tax_Src__c,27,String
FLD00000835,VFGE_IOT_SYNC_DEAL_INSERT_LOAD_TELEFONE_NUMBER_SRC__C,VFGE_IOT_SYNC_DEAL_INSERT_LOAD_TARGET,Telefone_Number_Src__c,28,String
FLD00000836,VFGE_IOT_SYNC_DEAL_INSERT_LOAD_ISAUTORENEW__C,VFGE_IOT_SYNC_DEAL_INSERT_LOAD_TARGET,isAutoRenew__c,29,Boolean
FLD00000837,VFGE_IOT_SYNC_DEAL_INSERT_LOAD_IOTP_VALIDATION_STATUS__C,VFGE_IOT_SYNC_DEAL_INSERT_LOAD_TARGET,IOTP_Validation_Status__c,30,String
FLD00000838,VFGE_IOT_SYNC_PERIOD_INSERT_EXTRACT_SOURCE_PERIOD_INDEX,VFGE_IOT_SYNC_PERIOD_INSERT_EXTRACT_SOURCE,PERIOD_INDEX,1,String
FLD00000839,VFGE_IOT_SYNC_PERIOD_INSERT_EXTRACT_SOURCE_DEAL_INDEX,VFGE_IOT_SYNC_PERIOD_INSERT_EXTRACT_SOURCE,DEAL_INDEX,2,String
FLD00000840,VFGE_IOT_SYNC_PERIOD_INSERT_EXTRACT_SOURCE_PERIOD_FROM,VFGE_IOT_SYNC_PERIOD_INSERT_EXTRACT_SOURCE,PERIOD_FROM,3,Date
FLD00000841,VFGE_IOT_SYNC_PERIOD_INSERT_EXTRACT_SOURCE_PERIOD_TO,VFGE_IOT_SYNC_PERIOD_INSERT_EXTRACT_SOURCE,PERIOD_TO,4,Date
FLD00000842,VFGE_IOT_SYNC_PERIOD_INSERT_EXTRACT_SOURCE_LAST_UPDATED_DATE,VFGE_IOT_SYNC_PERIOD_INSERT_EXTRACT_SOURCE,LAST_UPDATED_DATE,5,Date
FLD00000843,VFGE_IOT_SYNC_PERIOD_INSERT_LOAD_TARGET_NAME,VFGE_IOT_SYNC_PERIOD_INSERT_LOAD_TARGET,Name,1,String
FLD00000844,VFGE_IOT_SYNC_PERIOD_INSERT_LOAD_TARGET_DEAL_NUMBER_SRC__C,VFGE_IOT_SYNC_PERIOD_INSERT_LOAD_TARGET,Deal_Number_Src__c,2,String
FLD00000845,VFGE_IOT_SYNC_PERIOD_INSERT_LOAD_TARGET_EFFECTIVE_DATE__C,VFGE_IOT_SYNC_PERIOD_INSERT_LOAD_TARGET,Effective_Date__c,3,Date
FLD00000846,VFGE_IOT_SYNC_PERIOD_INSERT_LOAD_TARGET_END_DATE__C,VFGE_IOT_SYNC_PERIOD_INSERT_LOAD_TARGET,End_Date__c,4,Date
FLD00000847,VFGE_IOT_SYNC_PERIOD_INSERT_LOAD_TARGET_IOT_LAST_UPDATE_DATE__C,VFGE_IOT_SYNC_PERIOD_INSERT_LOAD_TARGET,IOT_last_update_date__c,5,Date
FLD00000848,VFGE_IOT_SYNC_1ST_PARTICIPANT_INSERT_EXTRACT_SOURCE_DEAL_INDEX,VFGE_IOT_SYNC_1ST_PARTICIPANT_INSERT_EXTRACT_SOURCE,DEAL_INDEX,1,String
FLD00000849,VFGE_IOT_SYNC_1ST_PARTICIPANT_INSERT_EXTRACT_SOURCE_PERIOD_INDEX,VFGE_IOT_SYNC_1ST_PARTICIPANT_INSERT_EXTRACT_SOURCE,PERIOD_INDEX,2,String
FLD00000850,VFGE_IOT_SYNC_1ST_PARTICIPANT_INSERT_EXTRACT_SOURCE_TADIG,VFGE_IOT_SYNC_1ST_PARTICIPANT_INSERT_EXTRACT_SOURCE,TADIG,2,String
FLD00000851,VFGE_IOT_SYNC_1ST_PARTICIPANT_INSERT_EXTRACT_SOURCE_TARGET,VFGE_IOT_SYNC_1ST_PARTICIPANT_INSERT_EXTRACT_SOURCE,TARGET,3,String
FLD00000852,VFGE_IOT_SYNC_1ST_PARTICIPANT_INSERT_EXTRACT_SOURCE_TARGET_START,VFGE_IOT_SYNC_1ST_PARTICIPANT_INSERT_EXTRACT_SOURCE,TARGET_START,4,Date
FLD00000853,VFGE_IOT_SYNC_1ST_PARTICIPANT_INSERT_EXTRACT_SOURCE_TARGET_FINISH,VFGE_IOT_SYNC_1ST_PARTICIPANT_INSERT_EXTRACT_SOURCE,TARGET_FINISH,5,Date
FLD00000854,VFGE_IOT_SYNC_1ST_PARTICIPANT_INSERT_EXTRACT_SOURCE_LAST_UPDATED_DATE,VFGE_IOT_SYNC_1ST_PARTICIPANT_INSERT_EXTRACT_SOURCE,LAST_UPDATED_DATE,6,Date
FLD00000855,VFGE_IOT_SYNC_1ST_PARTICIPANT_INSERT_EXTRACT_SOURCE_IS_PARTICIPANT,VFGE_IOT_SYNC_1ST_PARTICIPANT_INSERT_EXTRACT_SOURCE,IS_PARTICIPANT,7,Integer
FLD00000856,VFGE_IOT_SYNC_1ST_PARTICIPANT_INSERT_EXTRACT_SOURCE_IS_SIGNER,VFGE_IOT_SYNC_1ST_PARTICIPANT_INSERT_EXTRACT_SOURCE,IS_SIGNER,8,Integer
FLD00000857,VFGE_IOT_SYNC_1ST_PARTICIPANT_INSERT_LOAD_TARGET_DEAL_NUMBER_SRC__C,VFGE_IOT_SYNC_1ST_PARTICIPANT_INSERT_LOAD_TARGET,Deal_Number_Src__c,1,String
FLD00000858,VFGE_IOT_SYNC_1ST_PARTICIPANT_INSERT_LOAD_TARGET_ENTITY_CATEGORY__C,VFGE_IOT_SYNC_1ST_PARTICIPANT_INSERT_LOAD_TARGET,Entity_Category__c,2,String
FLD00000859,VFGE_IOT_SYNC_1ST_PARTICIPANT_INSERT_LOAD_TARGET_IOT_LAST_UPDATE_DATE__C,VFGE_IOT_SYNC_1ST_PARTICIPANT_INSERT_LOAD_TARGET,IOT_last_update_date__c,3,Date
FLD00000860,VFGE_IOT_SYNC_1ST_PARTICIPANT_INSERT_LOAD_TARGET_PARTICIPANT__C,VFGE_IOT_SYNC_1ST_PARTICIPANT_INSERT_LOAD_TARGET,Participant__c,4,Boolean
FLD00000861,VFGE_IOT_SYNC_1ST_PARTICIPANT_INSERT_LOAD_TARGET_PERIOD_INDEX_SRC__C,VFGE_IOT_SYNC_1ST_PARTICIPANT_INSERT_LOAD_TARGET,Period_Index_Src__c,6,String
FLD00000862,VFGE_IOT_SYNC_1ST_PARTICIPANT_INSERT_LOAD_TARGET_SIGNING__C,VFGE_IOT_SYNC_1ST_PARTICIPANT_INSERT_LOAD_TARGET,Signing__c,7,Boolean
FLD00000863,VFGE_IOT_SYNC_1ST_PARTICIPANT_INSERT_LOAD_TARGET_TADIG_CODE_SRC__C,VFGE_IOT_SYNC_1ST_PARTICIPANT_INSERT_LOAD_TARGET,Tadig_Code_Src__c,8,String
FLD00000864,VFGE_IOT_SYNC_1ST_PARTICIPANT_INSERT_LOAD_TARGET_TARGET_END__C,VFGE_IOT_SYNC_1ST_PARTICIPANT_INSERT_LOAD_TARGET,Target_End__c,9,Date
FLD00000865,VFGE_IOT_SYNC_1ST_PARTICIPANT_INSERT_LOAD_TARGET_TARGET_START__C,VFGE_IOT_SYNC_1ST_PARTICIPANT_INSERT_LOAD_TARGET,Target_Start__c,10,Date
FLD00000866,VFGE_IOT_SYNC_1ST_PARTICIPANT_INSERT_LOAD_TARGET_TARGET__C,VFGE_IOT_SYNC_1ST_PARTICIPANT_INSERT_LOAD_TARGET,Target__c,11,String
FLD00000867,VFGE_IOT_SYNC_2ND_PARTICIPANT_INSERT_EXTRACT_SOURCE_DEAL_INDEX,VFGE_IOT_SYNC_2ND_PARTICIPANT_INSERT_EXTRACT_SOURCE,DEAL_INDEX,1,String
FLD00000868,VFGE_IOT_SYNC_2ND_PARTICIPANT_INSERT_EXTRACT_SOURCE_PERIOD_INDEX,VFGE_IOT_SYNC_2ND_PARTICIPANT_INSERT_EXTRACT_SOURCE,PERIOD_INDEX,2,String
FLD00000869,VFGE_IOT_SYNC_2ND_PARTICIPANT_INSERT_EXTRACT_SOURCE_TADIG,VFGE_IOT_SYNC_2ND_PARTICIPANT_INSERT_EXTRACT_SOURCE,TADIG,3,String
FLD00000870,VFGE_IOT_SYNC_2ND_PARTICIPANT_INSERT_EXTRACT_SOURCE_TARGET,VFGE_IOT_SYNC_2ND_PARTICIPANT_INSERT_EXTRACT_SOURCE,TARGET,5,String
FLD00000871,VFGE_IOT_SYNC_2ND_PARTICIPANT_INSERT_EXTRACT_SOURCE_TARGET_START,VFGE_IOT_SYNC_2ND_PARTICIPANT_INSERT_EXTRACT_SOURCE,TARGET_START,6,Date
FLD00000872,VFGE_IOT_SYNC_2ND_PARTICIPANT_INSERT_EXTRACT_SOURCE_TARGET_FINISH,VFGE_IOT_SYNC_2ND_PARTICIPANT_INSERT_EXTRACT_SOURCE,TARGET_FINISH,7,Date
FLD00000873,VFGE_IOT_SYNC_2ND_PARTICIPANT_INSERT_EXTRACT_SOURCE_LAST_UPDATED_DATE,VFGE_IOT_SYNC_2ND_PARTICIPANT_INSERT_EXTRACT_SOURCE,LAST_UPDATED_DATE,8,Date
FLD00000874,VFGE_IOT_SYNC_2ND_PARTICIPANT_INSERT_EXTRACT_SOURCE_IS_PARTICIPANT,VFGE_IOT_SYNC_2ND_PARTICIPANT_INSERT_EXTRACT_SOURCE,IS_PARTICIPANT,9,Boolean
FLD00000875,VFGE_IOT_SYNC_2ND_PARTICIPANT_INSERT_EXTRACT_SOURCE_IS_SIGNER,VFGE_IOT_SYNC_2ND_PARTICIPANT_INSERT_EXTRACT_SOURCE,IS_SIGNER,10,Boolean
FLD00000876,VFGE_IOT_SYNC_2ND_PARTICIPANT_INSERT_LOAD_TARGET_ENTITY_CATEGORY__C,VFGE_IOT_SYNC_2ND_PARTICIPANT_INSERT_LOAD_TARGET,Entity_Category__c,1,String
FLD00000877,VFGE_IOT_SYNC_2ND_PARTICIPANT_INSERT_LOAD_TARGET_ENTITY_PARTICIPANT__C,VFGE_IOT_SYNC_2ND_PARTICIPANT_INSERT_LOAD_TARGET,Participant__c,2,Boolean
FLD00000878,VFGE_IOT_SYNC_2ND_PARTICIPANT_INSERT_LOAD_TARGET_ENTITY_SIGNING__C,VFGE_IOT_SYNC_2ND_PARTICIPANT_INSERT_LOAD_TARGET,Signing__c,3,Boolean
FLD00000879,VFGE_IOT_SYNC_2ND_PARTICIPANT_INSERT_LOAD_TARGET_TARGET_END__C,VFGE_IOT_SYNC_2ND_PARTICIPANT_INSERT_LOAD_TARGET,Target_End__c,5,Date
FLD00000880,VFGE_IOT_SYNC_2ND_PARTICIPANT_INSERT_LOAD_TARGET_TARGET_START__C,VFGE_IOT_SYNC_2ND_PARTICIPANT_INSERT_LOAD_TARGET,Target_Start__c,6,Date
FLD00000881,VFGE_IOT_SYNC_2ND_PARTICIPANT_INSERT_LOAD_TARGET_TARGET__C,VFGE_IOT_SYNC_2ND_PARTICIPANT_INSERT_LOAD_TARGET,Target__c,7,Date
FLD00000882,VFGE_IOT_SYNC_2ND_PARTICIPANT_INSERT_LOAD_TARGET_DEAL_NUMBER_SRC__C,VFGE_IOT_SYNC_2ND_PARTICIPANT_INSERT_LOAD_TARGET,Deal_Number_Src__c,8,String
FLD00000883,VFGE_IOT_SYNC_2ND_PARTICIPANT_INSERT_LOAD_TARGET_PERIOD_INDEX_SRC__C,VFGE_IOT_SYNC_2ND_PARTICIPANT_INSERT_LOAD_TARGET,Period_Index_Src__c,9,String
FLD00000884,VFGE_IOT_SYNC_2ND_PARTICIPANT_INSERT_LOAD_TARGET_TADIG_CODE_SRC__C,VFGE_IOT_SYNC_2ND_PARTICIPANT_INSERT_LOAD_TARGET,Tadig_Code_Src__c,10,String
FLD00000885,VFGE_IOT_SYNC_2ND_PARTICIPANT_INSERT_LOAD_TARGET_IOT_LAST_UPDATE_DATE__C,VFGE_IOT_SYNC_2ND_PARTICIPANT_INSERT_LOAD_TARGET,IOT_last_update_date__c,11,Date
FLD00000886,VFGE_IOT_SYNC_HISTORY_WAITING_SYNC_EXTRACT_SOURCE_ID,VFGE_IOT_SYNC_HISTORY_WAITING_SYNC_EXTRACT_SOURCE,Id,1,String
FLD00000887,VFGE_IOT_SYNC_HISTORY_WAITING_SYNC_EXTRACT_SOURCE_ERROR_MESSAGE,VFGE_IOT_SYNC_HISTORY_WAITING_SYNC_EXTRACT_SOURCE,Error Message,2,String
FLD00000888,VFGE_IOT_SYNC_HISTORY_WAITING_SYNC_EXTRACT_SOURCE_DATA_UPLOADED_TO_SFDC,VFGE_IOT_SYNC_HISTORY_WAITING_SYNC_EXTRACT_SOURCE,Data Uploaded to SFDC,3,String
FLD00000889,VFGE_IOT_SYNC_HISTORY_WAITING_SYNC_EXTRACT_SOURCE_END_UPLOAD_DATA_DATE,VFGE_IOT_SYNC_HISTORY_WAITING_SYNC_EXTRACT_SOURCE,End Upload Data Date,4,String
FLD00000890,VFGE_IOT_SYNC_HISTORY_WAITING_SYNC_LOAD_TARGET_ID,VFGE_IOT_SYNC_HISTORY_WAITING_SYNC_LOAD_TARGET,Id,1,String
FLD00000891,VFGE_IOT_SYNC_HISTORY_WAITING_SYNC_LOAD_TARGET_STATUS__C,VFGE_IOT_SYNC_HISTORY_WAITING_SYNC_LOAD_TARGET,Status__c,2,String
FLD00000892,VFGE_IOT_SYNC_HISTORY_WAITING_SYNC_LOAD_TARGET_DATA_UPLOADED_TO_SFDC__C,VFGE_IOT_SYNC_HISTORY_WAITING_SYNC_LOAD_TARGET,Data_Uploaded_to_SFDC__c,3,Boolean
FLD00000893,VFGE_IOT_SYNC_HISTORY_WAITING_SYNC_LOAD_TARGET_END_UPLOAD_DATA_DATE,VFGE_IOT_SYNC_HISTORY_WAITING_SYNC_LOAD_TARGET,End_Upload_Data_Date__c,4,Date
FLD00000894,SYS_PURGE_SERVER_AUDIT_EXTRACT_SOURCE_ID,SYS_PURGE_SERVER_AUDIT_EXTRACT_SOURCE,Id,1,String
FLD00000895,SYS_PURGE_SERVER_AUDIT_LOAD_TARGET_ID,SYS_PURGE_SERVER_AUDIT_LOAD_TARGET,Id,1,String
FLD00000896,SYS_PURGE_SERVER_LOGS_EXTRACT_DIRECTORY,SYS_PURGE_SERVER_LOGS_EXTRACT_SOURCE,directory,1,String
FLD00000897,SYS_PURGE_SERVER_LOGS_EXTRACT_FILENAME,SYS_PURGE_SERVER_LOGS_EXTRACT_SOURCE,filename,2,String
FLD00000898,SYS_PURGE_SERVER_LOGS_EXTRACT_CREATED_DATE,SYS_PURGE_SERVER_LOGS_EXTRACT_SOURCE,createdDate,3,Date
FLD00000899,SYS_PURGE_SERVER_LOGS_EXTRACT_LAST_MODIFIED_DATE,SYS_PURGE_SERVER_LOGS_EXTRACT_SOURCE,lastModifiedDate,4,Date
FLD00000900,SYS_PURGE_SERVER_LOGS_FILTER_TARGET_FILTER_TYPE,SYS_PURGE_SERVER_LOGS_FILTER_TARGET,filterType,1,String
FLD00000901,SYS_PURGE_SERVER_LOGS_FILTER_TARGET_FILTER,SYS_PURGE_SERVER_LOGS_FILTER_TARGET,filter,2,Boolean
FLD00000902,SYS_PURGE_SERVER_LOGS_FILE_TARGET_FILEOPERATION,SYS_PURGE_SERVER_LOGS_FILE_TARGET,fileOperation,1,String
FLD00000903,SYS_PURGE_SERVER_LOGS_FILE_TARGET_INPUTFILENAME,SYS_PURGE_SERVER_LOGS_FILE_TARGET,inputFilename,2,String
FLD00000904,SYS_PURGE_SERVER_LOGS_FILE_TARGET_OUTPUTFILENAME,SYS_PURGE_SERVER_LOGS_FILE_TARGET,outputFilename,3,String
FLD00000905,VFGE_IOT_SYNC_HISTORY_CLOSE_OPEN_ONES_LOAD_ERROR_MESSAGE__C,VFGE_IOT_SYNC_HISTORY_CLOSE_OPEN_ONES_LOAD_T,Error_Message__c,3,String
FLD00000906,VFGE_IOT_SYNC_DEAL_INSERT_LOAD_NAME,VFGE_IOT_SYNC_DEAL_INSERT_LOAD_TARGET,Name,31,String
